date,close_price,dca_cost,ratio_dca,trend_value,ratio_trend,is_double_undervalued,ahr999
2014-09-17,457.3340148925781,,,183.4610388087714,2.492812740307631,False,
2014-09-18,424.4400024414063,,,183.98847280690921,2.3068836648633106,False,
2014-09-19,394.7959899902344,,,184.51716901209014,2.139616557656844,False,
2014-09-20,408.9039916992188,,,185.04712983736428,2.2097289055961022,False,
2014-09-21,398.8210144042969,,,185.5783576992346,2.149070717883294,False,
2014-09-22,402.1520080566406,,,186.11085501766007,2.160819733048244,False,
2014-09-23,435.7909851074219,,,186.64462421605916,2.3348702751971673,False,
2014-09-24,423.2049865722656,,,187.1796677213129,2.260955966661747,False,
2014-09-25,411.5740051269531,,,187.7159879637684,2.1925357002963017,False,
2014-09-26,404.4249877929688,,,188.2535873772419,2.1482989696368464,False,
2014-09-27,399.5199890136719,,,188.7924683990222,2.116186055522441,False,
2014-09-28,377.1809997558594,,,189.33263346987397,1.9921605316701796,False,
2014-09-29,375.4670104980469,,,189.87408503404092,1.9774526388408011,False,
2014-09-30,386.9440002441406,,,190.41682553924926,2.032089334271475,False,
2014-10-01,383.614990234375,,,190.96085743671085,2.0088671332108703,False,
2014-10-02,375.0719909667969,,,191.50618318112657,1.9585372374742267,False,
2014-10-03,359.5119934082031,,,192.0528052306896,1.8719434635508982,False,
2014-10-04,328.8659973144531,,,192.60072604708864,1.7075013374251207,False,
2014-10-05,320.510009765625,,,193.1499480955115,1.659384395004521,False,
2014-10-06,330.0790100097656,,,193.70047384464797,1.7040691922854883,False,
2014-10-07,336.18701171875,,,194.25230576669352,1.730671923773852,False,
2014-10-08,352.94000244140625,,,194.80544633735235,1.8117563398623158,False,
2014-10-09,365.0260009765625,,,195.3598980358408,1.8684796861922741,False,
2014-10-10,361.56201171875,,,195.91566334489073,1.8454982391186088,False,
2014-10-11,362.2990112304688,,,196.47274475075258,1.8440166430722245,False,
2014-10-12,378.5490112304688,,,197.03114474319898,1.9212648422859826,False,
2014-10-13,390.41400146484375,,,197.59086581552793,1.9758706955074365,False,
2014-10-14,400.8699951171875,,,198.1519104645661,2.023043806024125,False,
2014-10-15,394.7730102539063,,,198.7142811906721,1.9866363297518117,False,
2014-10-16,382.5559997558594,,,199.27798049774,1.9197103403012352,False,
2014-10-17,383.7579956054688,,,199.84301089320243,1.920297306822263,False,
2014-10-18,391.4419860839844,,,200.40937488803402,1.9532119508015913,False,
2014-10-19,389.5459899902344,,,200.97707499675465,1.9382608190338362,False,
2014-10-20,382.8450012207031,,,201.5461137374329,1.8995404779645613,False,
2014-10-21,386.4750061035156,,,202.11649363168917,1.9121398712159408,False,
2014-10-22,383.1579895019531,,,202.68821720469927,1.8903811715655552,False,
2014-10-23,358.4169921875,,,203.26128698519756,1.763331313619015,False,
2014-10-24,358.3450012207031,,,203.8357055054803,1.7580089824403642,False,
2014-10-25,347.27099609375,,,204.411475301409,1.6988820983836237,False,
2014-10-26,354.7040100097656,,,204.9885989124139,1.7303596975230857,False,
2014-10-27,352.989013671875,,,205.56707888149705,1.7171475879917624,False,
2014-10-28,357.6180114746094,,,206.14691775523585,1.7347725368332672,False,
2014-10-29,335.59100341796875,,,206.72811808378623,1.6233447415312647,False,
2014-10-30,345.30499267578125,,,207.31068242088608,1.6656401331733428,False,
2014-10-31,338.3210144042969,,,207.89461332385872,1.6273678716112745,False,
2014-11-01,325.7489929199219,,,208.47991335361604,1.5624958188053268,False,
2014-11-02,325.8919982910156,,,209.0665850746618,1.5587952430305072,False,
2014-11-03,327.5539855957031,,,209.6546310550952,1.5623503470792646,False,
2014-11-04,330.49200439453125,,,210.24405386661417,1.5719445963699235,False,
2014-11-05,339.4859924316406,,,210.83485608451852,1.6101986110662319,False,
2014-11-06,349.2900085449219,,,211.42704028771357,1.6520593017317085,False,
2014-11-07,342.4150085449219,,,212.02060905871338,1.6150081356010977,False,
2014-11-08,345.4880065917969,,,212.61556498364394,1.6249422125721347,False,
2014-11-09,363.2640075683594,,,213.21191065224681,1.7037697681010455,False,
2014-11-10,366.9240112304688,,,213.8096486578824,1.716124662912595,False,
2014-11-11,367.6950073242188,,,214.4087815975332,1.7149251284605462,False,
2014-11-12,423.5610046386719,,,215.00931207180713,1.9699658612796003,False,
2014-11-13,420.7349853515625,,,215.6112426849412,1.95135921537429,False,
2014-11-14,397.8179931640625,,,216.21457604480455,1.839922175652143,False,
2014-11-15,376.1329956054688,,,216.81931476290188,1.7347762399156228,False,
2014-11-16,387.8819885253906,,,217.42546145437697,1.7839768439759345,False,
2014-11-17,387.4079895019531,,,218.03301873801595,1.7768317466055665,False,
2014-11-18,375.197998046875,,,218.64198923625057,1.7160381652101602,False,
2014-11-19,380.5549926757813,,,219.25237557516172,1.7356938171250216,False,
2014-11-20,357.8399963378906,,,219.86418038448275,1.627550225380622,False,
2014-11-21,350.8479919433594,,,220.47740629760293,1.5913104105995366,False,
2014-11-22,352.9200134277344,,,221.09205595157053,1.5962582278625168,False,
2014-11-23,367.572998046875,,,221.70813198709664,1.6579139193156327,False,
2014-11-24,376.9010009765625,,,222.3256370485582,1.6952655842126,False,
2014-11-25,375.3479919433594,,,222.9445737840015,1.68359330560345,False,
2014-11-26,368.3699951171875,,,223.56494484514562,1.6477091047182844,False,
2014-11-27,369.6700134277344,,,224.1867528873856,1.6489378104041166,False,
2014-11-28,376.4469909667969,,,224.8100005697962,1.674511765547202,False,
2014-11-29,375.4909973144531,,,225.43469055513492,1.6656309478803073,False,
2014-11-30,378.0469970703125,,,226.06082550984559,1.6723242349384746,False,
2014-12-01,379.2449951171875,,,226.68840810406166,1.6729792153425618,False,
2014-12-02,381.3150024414063,,,227.31744101160967,1.6774559872945762,False,
2014-12-03,375.010009765625,,,227.94792691001263,1.6451564831018108,False,
2014-12-04,369.60400390625,,,228.57986848049333,1.6169578115659449,False,
2014-12-05,376.85400390625,,,229.2132684079779,1.6441194985077634,False,
2014-12-06,374.7850036621094,,,229.84812938109894,1.6305766971925115,False,
2014-12-07,375.0950012207031,,,230.4844540921993,1.627419960700066,False,
2014-12-08,361.9089965820313,,,231.1222452373351,1.5658769505738996,False,
2014-12-09,352.218994140625,,,231.76150551627933,1.5197476101823326,False,
2014-12-10,346.364990234375,,,232.40223763252533,1.4903685685765544,False,
2014-12-11,350.5060119628906,,,233.04444429328996,1.5040307569906002,False,
2014-12-12,352.5419921875,,,233.6881282095172,1.508600350769305,False,
2014-12-13,347.3760070800781,,,234.33329209588146,1.4824014290634526,False,
2014-12-14,351.6319885253906,,,234.97993867079106,1.496434080774998,False,
2014-12-15,345.3450012207031,,,235.62807065639157,1.4656360774786805,False,
2014-12-16,327.06201171875,,,236.2776907785693,1.3842272228115704,False,
2014-12-17,319.7760009765625,,,236.92880176695468,1.3496712877107153,False,
2014-12-18,311.39599609375,,,237.58140635492552,1.310691778752046,False,
2014-12-19,317.8429870605469,,,238.23550727961086,1.3341545544153617,False,
2014-12-20,329.9559936523437,,,238.8911072818938,1.381198310002358,False,
2014-12-21,320.8429870605469,,,239.54820910641544,1.339367087140349,False,
2014-12-22,331.885986328125,,,240.206815501578,1.3816676501668401,False,
2014-12-23,334.5719909667969,,,240.86692921954835,1.3890324921352615,False,
2014-12-24,322.53399658203125,,,241.52855301626138,1.3353866139392472,False,
2014-12-25,319.00799560546875,,,242.19168965142362,1.3171715184142099,False,
2014-12-26,327.92401123046875,,,242.85634188851625,1.350279793726791,False,
2014-12-27,315.8630065917969,,,243.52251249479903,1.2970587538535798,False,
2014-12-28,317.239013671875,,,244.19020424131338,1.2991471736449076,False,
2014-12-29,312.6700134277344,,,244.859419902886,1.2769368380915989,False,
2014-12-30,310.73699951171875,,,245.5301622581321,1.265575669619902,False,
2014-12-31,320.1929931640625,,,246.20243408945908,1.300527325606044,False,
2015-01-01,314.2489929199219,,,246.8762381830699,1.2729009289540942,False,
2015-01-02,315.0320129394531,,,247.55157732896635,1.272591418477667,False,
2015-01-03,281.0820007324219,,,248.22845432095264,1.1323520565011072,False,
2015-01-04,264.19500732421875,,,248.90687195663892,1.0614211060040284,False,
2015-01-05,274.4739990234375,,,249.5868330374445,1.0997134571688694,False,
2015-01-06,286.1889953613281,,,250.26834036860157,1.1435285619420408,False,
2015-01-07,294.3370056152344,,,250.95139675915829,1.1728845083803774,False,
2015-01-08,283.3489990234375,,,251.63600502198267,1.1260272511427147,False,
2015-01-09,290.4079895019531,,,252.32216797376557,1.1509412424363261,False,
2015-01-10,274.7959899902344,,,253.00988843502455,1.0861077078448051,False,
2015-01-11,265.6600036621094,,,253.69916923010706,1.0471457374823083,False,
2015-01-12,267.7959899902344,,,254.39001318719397,1.052698518448425,False,
2015-01-13,225.86099243164065,,,255.08242313830317,0.8854431820619058,False,
2015-01-14,178.10299682617188,,,255.77640191929277,0.6963230207701889,False,
2015-01-15,209.843994140625,,,256.47195236986465,0.8181947078486138,False,
2015-01-16,208.0970001220703,,,257.1690773335681,0.8091836012311561,False,
2015-01-17,199.259994506836,,,257.8677796578031,0.772721565956239,False,
2015-01-18,210.3390045166016,,,258.5680621938237,0.8134763540863394,False,
2015-01-19,214.86099243164065,,,259.26992779674185,0.8287154405353321,False,
2015-01-20,211.31500244140625,,,259.9733793255303,0.8128332331165508,False,
2015-01-21,226.89700317382807,,,260.6784196430267,0.870409616126034,False,
2015-01-22,233.406005859375,,,261.3850516159365,0.8929585085926328,False,
2015-01-23,232.8789978027344,,,262.093278114837,0.8885347975261606,False,
2015-01-24,247.8470001220703,,,262.80310201418024,0.9430900861615289,False,
2015-01-25,253.718002319336,,,263.51452619229696,0.9628235907351382,False,
2015-01-26,273.4729919433594,,,264.2275535313995,1.0349904402035088,False,
2015-01-27,263.4750061035156,,,264.9421869175861,0.994462260498639,False,
2015-01-28,233.9149932861328,,,265.65842924084365,0.8805103378597013,False,
2015-01-29,233.51300048828125,,,266.3762833950515,0.8766283451067148,False,
2015-01-30,226.4250030517578,,,267.09575227798473,0.8477297041253651,False,
2015-01-31,217.4640045166016,,,267.81683879131816,0.8119877954576586,False,
2015-02-01,226.9720001220703,,,268.5395458406291,0.8452088477753367,False,
2015-02-02,238.22900390625,,,269.2638763354013,0.8847417899068885,False,
2015-02-03,227.2680053710937,,,269.9898331890284,0.8417650497675452,False,
2015-02-04,226.85299682617188,,,270.71741931881735,0.8379697080334997,False,
2015-02-05,217.11099243164065,,,271.4466376459918,0.7998293672540782,False,
2015-02-06,222.26600646972656,,,272.1774910956959,0.8166215566722936,False,
2015-02-07,227.7539978027344,,,272.90998259699745,0.8345389041303619,False,
2015-02-08,223.41200256347656,,,273.6441150828915,0.8164326957873778,False,
2015-02-09,220.1100006103516,,,274.37989149030403,0.8022089352642294,False,
2015-02-10,219.8390045166016,,,275.1173147600952,0.799073677744722,False,
2015-02-11,219.1849975585937,,,275.8563878370631,0.7945619794313307,False,
2015-02-12,221.7640075683593,,,276.59711366994685,0.801758212968853,False,
2015-02-13,235.427001953125,,,277.33949521143074,0.8488765791314591,False,
2015-02-14,257.3210144042969,,,278.083535418147,0.9253371078491575,False,
2015-02-15,234.8249969482422,,,278.8292372506799,0.8421821157051907,False,
2015-02-16,233.843002319336,,,279.576603673569,0.8364183527759314,False,
2015-02-17,243.6100006103516,,,280.3256376553126,0.8690250476122828,False,
2015-02-18,236.3260040283203,,,281.0763421683714,0.8407893820062431,False,
2015-02-19,240.2830047607422,,,281.828720189172,0.8525852319077238,False,
2015-02-20,243.7790069580078,,,282.58277469811026,0.8626817654347212,False,
2015-02-21,244.53399658203125,,,283.338508679555,0.8630454000821676,False,
2015-02-22,235.9770050048828,,,284.0959251218514,0.8306243917566578,False,
2015-02-23,238.8919982910156,,,284.8550270173247,0.8386441369577317,False,
2015-02-24,238.7350006103516,,,285.61581736228334,0.8358605724819967,False,
2015-02-25,237.47000122070312,,,286.3782991570229,0.8292178629446253,False,
2015-02-26,236.42599487304688,,,287.14247540582954,0.8233752061198779,False,
2015-02-27,253.8280029296875,,,287.9083491169832,0.8816277947762879,False,
2015-02-28,254.26300048828125,,,288.6759233027615,0.8807904641968074,False,
2015-03-01,260.2019958496094,,,289.44520097944303,0.8989680774430578,False,
2015-03-02,275.6700134277344,,,290.2161851673112,0.9498781512437328,False,
2015-03-03,281.7019958496094,,,290.98887889065736,0.9680850928858431,False,
2015-03-04,273.0920104980469,,,291.76328517778455,0.9360054001710311,False,
2015-03-05,276.1780090332031,,,292.53940706101105,0.9440711315026503,False,
2015-03-06,272.7229919433594,,,293.317247576674,0.9297884600941129,False,
2015-03-07,276.260986328125,,,294.0968097651325,0.9393539037324095,False,
2015-03-08,274.35400390625,,,294.8780966707718,0.9303980424580781,False,
2015-03-09,289.60699462890625,,,295.66111134200634,0.979523459525602,False,
2015-03-10,291.760009765625,,,296.4458568312835,0.9841932448786918,False,
2015-03-11,296.3789978027344,,,297.23233619508704,0.9971290526351326,False,
2015-03-12,294.35400390625,,,298.02055249394084,0.9876969941938304,False,
2015-03-13,285.3370056152344,,,298.81050879241224,0.9549095403919075,False,
2015-03-14,281.885009765625,,,299.60220815911555,0.9408642596382963,False,
2015-03-15,286.3930053710937,,,300.39565366671593,0.9533859823712432,False,
2015-03-16,290.5929870605469,,,301.1908483919327,0.964813468310979,False,
2015-03-17,285.5050048828125,,,301.9877954155428,0.9454190176458968,False,
2015-03-18,256.29901123046875,,,302.7864978223845,0.8464677687867527,False,
2015-03-19,260.9280090332031,,,303.5869587013609,0.8594835896421971,False,
2015-03-20,261.7489929199219,,,304.3891811454437,0.8599155592026532,False,
2015-03-21,260.0249938964844,,,305.1931682516763,0.8520013583071291,False,
2015-03-22,267.9599914550781,,,305.9989231211779,0.8756893283214724,False,
2015-03-23,266.739990234375,,,306.8064488591465,0.8694080298058995,False,
2015-03-24,245.59500122070312,,,307.615748574863,0.7983824051873398,False,
2015-03-25,246.197006225586,,,308.42682538169447,0.7982347382427071,False,
2015-03-26,248.5319976806641,,,309.2396823970977,0.8036872750422818,False,
2015-03-27,247.0290069580078,,,310.0543227426229,0.7967281499992741,False,
2015-03-28,252.79800415039065,,,310.87074954391716,0.8131932789471964,False,
2015-03-29,242.71299743652344,,,311.68896593072816,0.7787025655905496,False,
2015-03-30,247.5260009765625,,,312.5089750369076,0.7920604550551851,False,
2015-03-31,244.2239990234375,,,313.3307800004148,0.7794446463992915,False,
2015-04-01,247.27200317382807,,,314.15438396332036,0.7871034618530065,False,
2015-04-02,253.0050048828125,,,314.97979007180965,0.8032420264967857,False,
2015-04-03,254.322006225586,,,315.80700147618654,0.8053083213380345,False,
2015-04-04,253.697006225586,297.64345871238066,0.8523520299189202,316.63602133087664,0.8012259791518762,True,0.6829265897538761
2015-04-05,260.5979919433594,296.91404083808965,0.8776883410692801,317.46685279443136,0.8208667760098527,True,0.720465198874976
2015-04-06,255.49200439453125,296.2288878185726,0.8624817325412539,318.29949902953103,0.8026779972117623,True,0.6922951097079445
2015-04-07,253.17999267578125,295.60855521061416,0.8564704512540121,319.1339632029889,0.7933345299094448,True,0.6794675828269318
2015-04-08,245.02200317382807,294.8956035419476,0.8308770976267701,319.9702484857543,0.7657649557525562,True,0.6362565638999759
2015-04-09,243.67599487304688,294.2030831300737,0.8282577880576197,320.8083580529167,0.7595687230594317,True,0.6291187104389556
2015-04-10,236.072006225586,293.44793718714436,0.8044766253546118,321.6482950837089,0.7339445283369163,True,0.5904412173539647
2015-04-11,236.552001953125,292.6181403828499,0.8083982819507697,322.4900627615107,0.7335171816691325,True,0.5929740294426973
2015-04-12,236.1529998779297,291.81903703078734,0.8092446684793055,323.3336642738529,0.7303693551622139,True,0.59104750668569
2015-04-13,224.5870056152344,290.9602289838652,0.7718821448538541,324.1791028124201,0.692786807252,True,0.5347497667081273
2015-04-14,219.15899658203125,290.07813056825074,0.7555171296529941,325.02638157305523,0.6742806399940539,True,0.5094305737088914
2015-04-15,223.8329925537109,289.2539141888822,0.7738287420634468,325.87550375576234,0.686866579334756,True,0.5315171010520369
2015-04-16,228.572998046875,288.53460663546105,0.7921857302048262,326.7264725647107,0.6995851797763475,True,0.5542013964816004
2015-04-17,222.8820037841797,287.7776168862055,0.7744938824492136,327.57929120823826,0.6803910068982237,True,0.5269586725161349
2015-04-18,223.3560028076172,286.99597376484746,0.7782548301204594,328.4339628988551,0.6800636597878343,True,0.5292628280192789
2015-04-19,222.6000061035156,286.22152329174696,0.7777193117535691,329.2904908532473,0.6759988893900986,True,0.5257373910026445
2015-04-20,224.62600708007807,285.49194470342604,0.786803310031824,330.14887829228036,0.6803779199310711,True,0.535323599474334
2015-04-21,235.2689971923828,284.894576809776,0.8258107255915644,331.0091284410028,0.7107628671766852,True,0.5869555990667191
2015-04-22,234.17599487304688,284.39647149962,0.8234138547438334,331.87124452865004,0.705623035239592,True,0.5810197834426762
2015-04-23,236.4620056152344,283.9486978547621,0.8327631272892232,332.73522978864764,0.7106611637289935,True,0.5918124131499553
2015-04-24,231.2680053710937,283.4278339820336,0.81596786780565,333.6010874586149,0.6932471567550983,True,0.5656674043597868
2015-04-25,226.38999938964844,282.84957765896655,0.800390091664228,334.46882078036913,0.6768642854704496,True,0.5417554674919354
2015-04-26,219.42999267578125,282.1616536204583,0.7776747472955388,335.3384329999283,0.6543538440040011,True,0.5088744602776759
2015-04-27,229.28599548339844,281.51751409708584,0.8144644080805767,336.2099273675153,0.6819727105581954,True,0.5554425000318871
2015-04-28,225.85499572753903,280.86052836585264,0.804153567044983,337.08330713756163,0.670027233461813,True,0.5388047898055985
2015-04-29,225.80799865722656,280.2040314690388,0.8058699136960036,337.9585755687104,0.6681528890848266,True,0.5384443110625247
2015-04-30,236.1450042724609,279.5800497119775,0.8446418280407947,338.83573592382066,0.6969306340390041,True,0.5886567647523345
2015-05-01,232.07899475097656,278.8987495769989,0.8321263365395755,339.71479146997046,0.6831583451128341,True,0.5684740509951817
2015-05-02,234.92999267578125,278.2151427176418,0.8444184251833111,340.59574547846086,0.6897619708835679,True,0.5824477172048393
2015-05-03,240.3580017089844,277.58674735949944,0.8658842830046908,341.4786012248194,0.7038742716142843,True,0.6094736690021835
2015-05-04,239.0180053710937,276.9832664956978,0.8629330153950155,342.36336198880366,0.6981413080612006,True,0.6024491841370723
2015-05-05,236.1210021972656,276.35967333274664,0.8543974573054576,343.250031054405,0.6878979776693466,True,0.5877382830062562
2015-05-06,229.7819976806641,275.6750349400871,0.8335248700724859,344.1386117098522,0.6677018790161108,True,0.5565461219540584
2015-05-07,237.33399963378903,275.0508538478959,0.8628731607757,345.0291072476152,0.6878666021167392,True,0.5935416291605116
2015-05-08,243.86300659179688,274.4889041648235,0.888425735582242,345.92152096440805,0.7049662764893081,True,0.6263101827506877
2015-05-09,241.83200073242188,273.90712203420276,0.8828978192915492,346.8158561611937,0.697292227089014,True,0.6156377867058381
2015-05-10,240.29600524902344,273.3262947831135,0.8791543654433254,347.7121161431867,0.6910774577382582,True,0.6075637638300649
2015-05-11,242.1580047607422,272.8268612934983,0.8875885739866224,348.6103042198571,0.694638115481581,True,0.6165528543570512
2015-05-12,241.11199951171875,272.32281448659506,0.8853903774690436,349.5104237049344,0.6898563909935678,True,0.6107922104212271
2015-05-13,236.3769989013672,271.82280961109063,0.8695995720137049,350.41247791641064,0.6745678701480313,True,0.5866039311749245
2015-05-14,236.9290008544922,271.3060551749714,0.8732905010236183,351.3164701765446,0.6744033399158027,True,0.5889500306070728
2015-05-15,237.60499572753903,270.80068669181003,0.8774165185110849,352.2224038118649,0.6745879681590405,True,0.591894626451572
2015-05-16,236.1529998779297,270.2743508516882,0.8737529074947905,353.1302821531742,0.6687418548135039,True,0.5843151400067581
2015-05-17,236.802001953125,269.82107391709593,0.877626044976323,354.0401085355525,0.6688564268399705,True,0.5870058205445586
2015-05-18,233.1280059814453,269.3147685821555,0.865633946510916,354.9518862983607,0.6567876238456885,True,0.5685376628490703
2015-05-19,231.947006225586,268.8240685326061,0.8628208310799105,355.8656187852446,0.6517825661758009,True,0.5623715754312013
2015-05-20,234.0180053710937,268.38997016772817,0.8719327522740362,356.78130934413826,0.6559144193996117,True,0.57191326496333
2015-05-21,235.343994140625,267.96543162607486,0.8782625158495423,357.69896132726785,0.6579387126743788,True,0.577842909068209
2015-05-22,240.34800720214844,267.5683257413591,0.898267784634857,358.61857809115514,0.6702051201069003,True,0.6020236684893635
2015-05-23,238.8719940185547,267.1535343119802,0.8941375027425297,359.5401629966213,0.6643819483966786,True,0.5940488162066224
2015-05-24,240.9530029296875,266.7243724831727,0.9033782728081549,360.4637194087904,0.6684528565728702,True,0.6038657870244768
2015-05-25,237.1100006103516,266.2434323251319,0.890575961028015,361.38925069709313,0.6561069543518074,True,0.5843130814090248
2015-05-26,237.11599731445312,265.78456270456263,0.8921360778128542,362.31676023527075,0.6544439102416394,True,0.5838530232314838
2015-05-27,237.2830047607422,265.31917369729877,0.8943304076148567,363.2462514013781,0.6532290528679134,True,0.5842026051172278
2015-05-28,237.4080047607422,264.80652067507503,0.896533832156076,364.1777275777881,0.6519014941956658,True,0.5844517447795121
2015-05-29,237.0959930419922,264.2843191258969,0.8971247095785769,365.11119215119453,0.6493802385104904,True,0.5825750578797907
2015-05-30,233.34500122070312,263.7386032884269,0.8847586144433888,366.0466485126165,0.6374733990022051,True,0.5640100812457085
2015-05-31,230.19000244140625,263.05062937291694,0.8750786986906409,366.9841000574015,0.627247890045921,True,0.5488912673778348
2015-06-01,222.92599487304688,262.322979642272,0.8498149692301051,367.92355018522954,0.6059030327382298,True,0.5149054671228661
2015-06-02,225.8029937744141,261.6657676925443,0.8629443421874399,368.8650023001165,0.6121561882162405,True,0.5282567191562343
2015-06-03,225.87399291992188,261.0616898598265,0.8652130959590502,369.80845981041784,0.6107864407312804,True,0.52846042735492
2015-06-04,224.32400512695312,260.42270821392634,0.8613841959691179,370.7539261288325,0.6050482255688999,True,0.5211789793042083
2015-06-05,224.9519958496093,259.79211088159894,0.865892328624759,371.70140467240645,0.6051954418839698,True,0.5240340904460006
2015-06-06,225.61900329589844,259.1971880037679,0.8704531288843251,372.65089886253617,0.6054433357991845,True,0.5270100460085633
2015-06-07,222.8809967041016,258.5742351958384,0.8619613494565553,373.6024121249726,0.596572691906353,True,0.5142226025645299
2015-06-08,228.488998413086,258.0464359962405,0.8854569044170595,374.5559478898248,0.6100263517382343,True,0.5401520450229692
2015-06-09,229.04800415039065,257.54279738712745,0.8893589977051285,375.5115095915635,0.6099626730470171,True,0.5424757915386361
2015-06-10,228.8029937744141,257.03404856275006,0.8901660890991107,376.4691006690247,0.6077603536858865,True,0.5410076571500579
2015-06-11,229.7050018310547,256.4957907841967,0.8955507656822232,377.42872456541386,0.6086049812333335,True,0.5450366569415269
2015-06-12,229.98199462890625,255.93944560773008,0.898579717099927,378.39038472830885,0.607790271399305,True,0.5461480101300753
2015-06-13,232.4019927978516,255.40385526471593,0.9099392511400275,379.3540846096642,0.6126255185494609,True,0.5574520055781674
2015-06-14,233.54299926757807,254.8937235189998,0.9162367595535155,380.3198276658146,0.6140700070804389,True,0.5626335134263857
2015-06-15,236.822998046875,254.4017260109052,0.9309016953631962,381.28761735747855,0.6211137924912996,True,0.5781958824436153
2015-06-16,250.8950042724609,253.97228439489453,0.987883401805967,382.2574571497622,0.6563508430763311,True,0.6483981036364603
2015-06-17,249.28399658203125,253.538184955569,0.9832207193000011,383.2293505121629,0.6504825276270678,True,0.6395678987055684
2015-06-18,249.0070037841797,253.09837029026804,0.9838348761337494,384.2033009185728,0.6481126091026316,True,0.6376357884972087
2015-06-19,244.6060028076172,252.63435142332295,0.9682214688126352,385.179311847283,0.6350444981962046,True,0.614863716804912
2015-06-20,245.2120056152344,252.1706920081631,0.9724048566567624,386.15738678098654,0.6350053475846342,True,0.6174822839943138
2015-06-21,243.94400024414065,251.71598412380857,0.9691239954160193,387.13752920678303,0.6301223256344183,True,0.6106666658196614
2015-06-22,246.9900054931641,251.29118651492035,0.9828836773728199,388.1197426161813,0.6363757839997771,True,0.6254833707687123
2015-06-23,244.29600524902344,250.8373954053439,0.9739217904660913,389.10403050510394,0.6278423919996351,True,0.6114693865467982
2015-06-24,240.51499938964844,250.36966174874155,0.9606395507735966,390.0903963738907,0.6165622164128377,True,0.5922940505988015
2015-06-25,242.7989959716797,249.91519413980043,0.9715255481259775,391.078843727302,0.6208441082048985,True,0.6031659125245478
2015-06-26,243.593994140625,249.49678469471985,0.9763412159346365,392.069376074523,0.6213032922375544,True,0.6066040118074068
2015-06-27,250.9900054931641,249.14089478515353,1.00742194776817,393.0619969291671,0.6385506801828885,False,0.6432899699785354
2015-06-28,249.0110015869141,248.7910696281158,1.0008840026256853,394.0567098092797,0.6319166642472182,False,0.632475280237627
2015-06-29,257.0639953613281,248.4705274738295,1.0345854616033032,395.0535182373419,0.6507067612213698,False,0.6732117549266013
2015-06-30,263.0719909667969,248.1730928266474,1.0600343009407414,396.05242574027426,0.6642352725780699,False,0.7041121728274772
2015-07-01,258.6210021972656,247.86923070957243,1.0433767896762103,397.05343584944046,0.6513506214698332,False,0.679604120382799
2015-07-02,255.41200256347656,247.54054972091544,1.0317986400669936,398.056552100651,0.6416475277585535,False,0.662051046543624
2015-07-03,256.33599853515625,247.2328736418209,1.0368200424128204,399.06177803416705,0.642346655693017,False,0.6659978867993672
2015-07-04,260.885986328125,246.9960712466223,1.0562353684874355,400.069117194704,0.6521022871184483,False,0.6887734995260537
2015-07-05,271.9129943847656,246.82827621147644,1.1016282192555493,401.07857313143535,0.6779544273876192,False,0.7468537285794385
2015-07-06,269.0299987792969,246.67432165118413,1.0906283109586306,402.0901493979962,0.6690788102670132,False,0.7297162927397226
2015-07-07,266.2070007324219,246.48879278268134,1.0799963670848323,403.1038495524873,0.6603930997631409,False,0.7132221485920833
2015-07-08,270.7850036621094,246.28777325922337,1.0994658812279006,404.1196771574786,0.6700614173671852,False,0.7367096667224283
2015-07-09,269.2279968261719,246.1066812283694,1.093948345824661,405.13763578001283,0.664534649583533,False,0.7269665806550767
2015-07-10,284.8940124511719,245.95626221225476,1.1583116847226875,406.1577289916094,0.7014368855136506,False,0.8124825405859515
2015-07-11,293.114990234375,245.8284623685623,1.192355789114922,407.17996036826844,0.719865953052481,False,0.8583363365088563
2015-07-12,310.86700439453125,245.7933078621871,1.264749667508564,408.20433349047363,0.7615475360988201,False,0.963166993072949
2015-07-13,292.0539855957031,245.705947503736,1.188632137572748,409.2308519431971,0.7136656100313801,False,0.8482858795637584
2015-07-14,287.4639892578125,245.57645582858464,1.1705681975411595,410.2595193159021,0.7006881637680262,False,0.8202032809003632
2015-07-15,285.8290100097656,245.4761851038394,1.1643859052512833,411.2903392025476,0.6949567805651856,False,0.8091978800489111
2015-07-16,278.0889892578125,245.3425520476425,1.1334723101918784,412.3233152015914,0.6744440079063935,False,0.7644636077367294
2015-07-17,279.47198486328125,245.22826390127594,1.139640188358513,413.35845091599435,0.6761008133351979,False,0.7705116582586687
2015-07-18,274.9010009765625,245.10218630095608,1.1215771067787093,414.3957499532235,0.6633779448934817,False,0.7440295161344372
2015-07-19,273.614013671875,244.94259055732778,1.1170536453023951,415.43521592525667,0.6586201727325458,False,0.7357140648205834
2015-07-20,278.9809875488281,244.82197117566804,1.1395259429091429,416.4768524485853,0.6698595273869843,False,0.763322309562326
2015-07-21,275.8330078125,244.6868556808179,1.1272898458113776,417.52066314421904,0.6606451660027719,False,0.7447385873192967
2015-07-22,277.22198486328125,244.67202731299764,1.1330350588408047,418.5666516376887,0.6623126419140639,False,0.7504234432021102
2015-07-23,276.04901123046875,244.72068811627966,1.1280166517810024,419.61482155905065,0.6578628710130572,False,0.7420802730911862
2015-07-24,288.27801513671875,244.772939382235,1.1777364600199807,420.66517654289015,0.6852908945443135,False,0.8070920722245456
2015-07-25,288.6969909667969,244.7820331640267,1.1794043346855572,421.7177202283255,0.6845740103367987,False,0.8073895552042958
2015-07-26,292.6860046386719,244.7762917429442,1.1957285673158282,422.77245625901134,0.6923014976627473,False,0.827804677950879
2015-07-27,293.6239929199219,244.81329523447687,1.1993792765163966,423.8293882831427,0.6927881856171898,False,0.8309157928446522
2015-07-28,294.427001953125,244.8273815738234,1.202590168062332,424.88851995345874,0.6929511816072974,False,0.8333362779481114
2015-07-29,289.5899963378906,244.88311050060466,1.1825641864230387,425.94985492724635,0.6798687521265938,False,0.803988437733032
2015-07-30,287.72198486328125,244.9696842981358,1.1745207807555262,427.0133968663441,0.6738008385093798,False,0.791393086919765
2015-07-31,284.6499938964844,245.03604334811894,1.1616658104950157,428.079149437146,0.6649471114646731,False,0.772446325175929
2015-08-01,281.6010131835937,245.29942662069035,1.1479888765457122,429.1471163106051,0.6561875927409903,False,0.7532960573939648
2015-08-02,282.614013671875,245.9257052842663,1.1491845203623614,430.21730116223705,0.656909921819485,False,0.7549107134274012
2015-08-03,281.2269897460937,246.2920294036664,1.1418436496991535,431.2897076721248,0.6520605169643607,False,0.7445511605153025
2015-08-04,285.2179870605469,246.68675568538572,1.156194973938132,432.3643395249212,0.6596704699882102,False,0.7627076818557741
2015-08-05,281.8819885253906,247.135148439562,1.1405985360853117,433.4412004098536,0.6503350125895935,False,0.741771163324713
2015-08-06,278.5769958496094,247.4912924248133,1.125603220704178,434.520294020727,0.6411138896916999,False,0.7216398590751605
2015-08-07,279.5849914550781,247.82171003709036,1.1281698904153066,435.6016240559286,0.6418364303875532,False,0.7241005353348775
2015-08-08,260.9970092773437,248.09863812197025,1.0519888833449877,436.68519421843064,0.5976777155096139,False,0.628750312539142
2015-08-09,265.0830078125,248.29418663032803,1.0676166502728794,437.77100821579495,0.6055289245692349,False,0.6464727620919457
2015-08-10,264.4700012207031,248.4494050957921,1.0644823283788267,438.8590697601765,0.6026308203342547,False,0.6414898587822498
2015-08-11,270.385986328125,248.63338275857782,1.0874886683686755,439.94938256832694,0.6145843068347353,False,0.6683534694399917
2015-08-12,266.3760070800781,248.7201615919606,1.070986788425632,441.0419503615985,0.6039697739901694,False,0.6468436485518864
2015-08-13,264.0799865722656,248.76800605404435,1.0615512451182922,442.136776865948,0.5972812043462568,False,0.634044606159522
2015-08-14,265.67999267578125,248.73482176931583,1.0681254469556374,443.2338658119404,0.5994126648898858,False,0.6402479205963789
2015-08-15,261.5509948730469,248.72618522699827,1.0515619601303503,444.3332209347528,0.5886370465904323,False,0.6189883265179753
2015-08-16,258.5069885253906,248.8520476679145,1.038797916062802,445.43484597417773,0.5803474758694036,False,0.6028637485254438
2015-08-17,257.9760131835937,248.97785080945732,1.0361404130724168,446.53874467462765,0.5777236942150876,False,0.5986028671657435
2015-08-18,211.07899475097656,248.87836894884117,0.8481210948242973,447.64492078513814,0.471532200970266,True,0.3999164065318126
2015-08-19,226.6840057373047,248.93630756508026,0.9106104607823908,448.7533780593721,0.5051416141257735,True,0.4599872379994313
2015-08-20,235.3500061035156,248.9849130687198,0.9452380194560585,449.8641202556231,0.5231579837258067,True,0.49450881639960637
2015-08-21,232.56900024414065,248.95325159752696,0.934187437809111,450.97715113682,0.5157001849381556,True,0.4817606344450603
2015-08-22,230.38999938964844,248.97173015169398,0.9253661018031082,452.0924744705295,0.5096081275395502,True,0.4715740864284548
2015-08-23,228.16900634765625,248.97961043233337,0.9164164324599064,453.2100940289611,0.5034508484117649,True,0.46137063042042276
2015-08-24,210.4949951171875,248.9347471502729,0.8455830193529362,454.3300135889704,0.4633085836755241,True,0.39176587107648214
2015-08-25,221.60899353027344,248.9306143222713,0.8902440309867766,455.4522369320628,0.48656911869186753,True,0.4331652535779315
2015-08-26,225.8309936523437,248.9190308947946,0.9072467976455805,456.5767678443974,0.49461779388938926,True,0.44874040956467015
2015-08-27,224.7689971923828,248.92740302614632,0.902949994496082,457.7036101167911,0.4910797997311602,True,0.4434205024643882
2015-08-28,231.39599609375,248.99607499057836,0.9293158380207627,458.83276754472183,0.5043144528059368,True,0.4686674083353315
2015-08-29,229.77999877929688,249.05709528177084,0.9225996895183218,459.9642439283329,0.4995605676146838,True,0.4608944245769039
2015-08-30,228.7610015869141,249.11634177456642,0.918289823772089,461.09804307243667,0.49612225647849184,True,0.45558401947104543
2015-08-31,230.0559997558593,249.1667842775504,0.923301235447164,462.23416878651784,0.4977044435287308,True,0.4595311275976204
2015-09-01,228.1210021972656,249.12456266546994,0.9156905274876151,463.3726248847383,0.49230573829002006,True,0.45079970117996826
2015-09-02,229.28399658203125,248.97718593165726,0.9209036391188401,464.51341518593983,0.4936003764073235,True,0.45455838290393347
2015-09-03,227.18299865722656,248.93279457107752,0.912627840171373,465.6565435136486,0.4878767448278491,True,0.44524989990207997
2015-09-04,230.29800415039065,248.91240067907722,0.9252170784665481,466.80201369607914,0.4933526364355635,True,0.4564582849366811
2015-09-05,235.0189971923828,248.86592478169388,0.9443598893602745,467.9498295661373,0.5022311845060019,True,0.47428698583336754
2015-09-06,239.83999633789065,248.88512481877703,0.9636574162980914,469.0999949614249,0.5112769109230394,True,0.49269578699296557
2015-09-07,239.8470001220703,248.8827816824248,0.963694629659499,470.25251372424333,0.5100387411490094,True,0.49152159576359167
2015-09-08,243.60699462890625,248.8818846014176,0.9788056491899398,471.40738970159697,0.5167653285688003,True,0.5058128229086372
2015-09-09,238.16799926757807,248.8480359550774,0.9570820937102863,472.56462674519776,0.5039903238377509,True,0.48236011434835985
2015-09-10,238.4770050048828,248.86179176798723,0.9582708671776096,473.72422871146836,0.5034089255969473,True,0.4824021076767354
2015-09-11,240.10699462890625,248.86835120328266,0.9647952158962154,474.88619946154625,0.5056095437204821,True,0.48780966889298943
2015-09-12,235.22900390625,248.84901905369478,0.9452679572568219,476.0505428612875,0.4941261120981254,True,0.4670815806102504
2015-09-13,230.51199340820312,248.8096680494209,0.9264591493382671,477.21726278127085,0.48303364397330417,True,0.4475109388972708
2015-09-14,230.6439971923828,248.7768518897715,0.9271119697847812,478.38636309680106,0.48212912194930646,True,0.4469876799410285
2015-09-15,230.3040008544922,248.6523881630865,0.9262086825542173,479.5578476879132,0.4802423773583401,True,0.44480465963977345
2015-09-16,229.09100341796875,248.51886750156896,0.9218253958787352,480.73172043937615,0.4765464679730008,True,0.4392926364938245
2015-09-17,229.8099975585937,248.3620139857635,0.9253025205849988,481.9079852406968,0.47687526373693795,True,0.4412538835404248
2015-09-18,232.9750061035156,248.15715255208764,0.9388204357906414,483.0866459861234,0.482263395271348,True,0.4527587309145213
2015-09-19,231.4929962158203,247.92030838498255,0.9337395460816662,484.26770657464994,0.4780269117121805,True,0.44635263155695215
2015-09-20,231.2120056152344,247.71663952355124,0.9333729298925529,485.4511709100196,0.476282723104381,True,0.44454940072113963
2015-09-21,227.0850067138672,247.47670014049893,0.917601562429696,486.6370429007286,0.4666414323091128,True,0.42819090738127313
2015-09-22,230.6179962158203,247.27186818488474,0.9326495484855869,487.82532646003045,0.4727470750428859,True,0.4409073460866294
2015-09-23,230.2830047607422,247.05111854937928,0.9321269464914987,489.01602550593924,0.47091095741185546,True,0.438948792801701
2015-09-24,234.5290069580078,246.8623804291874,0.9500394776646925,490.2091439612339,0.47842642236913174,True,0.4545239884085575
2015-09-25,235.1439971923828,246.6189303484561,0.9534709961645687,491.404685753462,0.4785139499267101,True,0.4562491725152628
2015-09-26,234.33999633789065,246.36379865483923,0.9511949304946618,492.60265481494315,0.4757180945886813,True,0.45250063991733364
2015-09-27,232.7570037841797,246.08423045265005,0.945842825263707,493.80305508277354,0.47135594117611096,True,0.44582863510684645
2015-09-28,239.1419982910156,245.84696944552292,0.9727270538675765,495.00589049882944,0.4831093990619514,True,0.4699335824452673
2015-09-29,236.6869964599609,245.62946619271153,0.9635936605189921,496.21116500977087,0.4769884540088902,True,0.45962305042372137
2015-09-30,236.0599975585937,245.42189265868123,0.9618538713125013,497.418882567046,0.4745698360712627,True,0.45646683403328314
2015-10-01,237.5489959716797,245.20586475132492,0.968773712702955,498.62904712689425,0.4764042474870637,True,0.46152791158550016
2015-10-02,237.29299926757807,244.97371009862692,0.9686467954950897,499.8416626503509,0.47473633552145333,True,0.4598518301079375
2015-10-03,238.72999572753903,244.76796134186054,0.9753318792981716,501.0567331032505,0.4764530240896793,True,0.46469982338268395
2015-10-04,238.25900268554688,244.67949814196143,0.9737595691295335,502.274262456231,0.4743603654314443,True,0.46191294505465125
2015-10-05,240.38299560546875,244.58148751814463,0.982833975067862,503.49425468473714,0.4774294708804265,True,0.4692339046799556
2015-10-06,246.06300354003903,244.50866454325222,1.0063569894330344,504.71671376902503,0.48752695685969605,False,0.4906261605727726
2015-10-07,242.968994140625,244.42799187374226,0.9940309711586924,505.9416436941655,0.48023126217990525,True,0.47736474792545586
2015-10-08,242.3040008544922,244.3100085978484,0.9917890889740083,507.16904845004797,0.4777578631720409,True,0.47383503586556736
2015-10-09,243.9309997558593,244.20543608893016,0.9988762071087929,508.39893203138456,0.4798023449443456,True,0.47926314647991264
2015-10-10,244.9409942626953,244.20219436323723,1.0030253614279943,509.631298437714,0.48062392363570944,False,0.48207798471564817
2015-10-11,247.0500030517578,244.20637609671348,1.011644359989676,510.86615167340506,0.4835904712859035,False,0.48922157282113365
2015-10-12,245.30799865722656,244.19060881444292,1.0045758919567325,512.103495747661,0.479020355639404,False,0.48121230103188545
2015-10-13,249.50799560546875,244.2026008074051,1.021725382041479,513.3433346745231,0.48604506721347646,False,0.4966045819880655
2015-10-14,251.988998413086,244.19881411332904,1.03190099152628,514.5856724728745,0.48969299359256674,False,0.505314685631642
2015-10-15,254.32000732421875,244.25489354731246,1.0412074191461662,515.8305131664445,0.4930301733471835,False,0.5133466743520079
2015-10-16,262.8689880371094,244.32525444594825,1.0758977357179569,517.0778607838115,0.5083740921311926,False,0.546958534621622
2015-10-17,270.6400146484375,244.44459987162213,1.107162992312257,518.3277193584083,0.5221407317043331,False,0.5780948949218807
2015-10-18,261.6430053710937,244.51098209609268,1.0700664777022904,519.5800929285247,0.5035662623184569,False,0.5388493766088188
2015-10-19,263.43701171875,244.55777842817636,1.0771974353541907,520.834985537312,0.5057974579933008,False,0.5448437245590526
2015-10-20,269.4630126953125,244.62386632848612,1.101540159345989,522.0924012327871,0.516121307375945,False,0.5685283471687587
2015-10-21,266.2720031738281,244.67957638394145,1.088247769221264,523.3523440678354,0.5087815239427202,False,0.5536803584516604
2015-10-22,274.02301025390625,244.73586520226092,1.1196683821859992,524.6148181002158,0.5223318152663396,False,0.5848384185635387
2015-10-23,276.4960021972656,244.824940867697,1.1293620707813572,525.8798273925642,0.5257779207242039,False,0.5937936413202032
2015-10-24,281.65399169921875,244.94466917071895,1.149867815669483,527.1473760123971,0.5342983850736175,False,0.6143725169603329
2015-10-25,283.67999267578125,245.1116272270873,1.1573502076788944,528.4174680321161,0.5368482494196043,False,0.6213214329578299
2015-10-26,285.29998779296875,245.29161618406445,1.1631053365431063,529.6901075290109,0.5386167944949642,False,0.6264680680288345
2015-10-27,293.7879943847656,245.5422250876793,1.1964866502283202,530.9652985852642,0.5533092184509081,False,0.6620270933247769
2015-10-28,304.6180114746094,245.82731011187903,1.2391544752939532,532.2430452879549,0.5723287775602676,False,0.709203766053323
2015-10-29,313.8550109863281,246.1444858580314,1.2750844687512117,533.5233517290625,0.5882685546362217,False,0.75009209747137
2015-10-30,328.0150146484375,246.5705363897106,1.3303090444269543,534.8062220054702,0.6133343277466253,False,0.8159242034588615
2015-10-31,314.1659851074219,246.99071011382958,1.2719749053016347,536.0916602189699,0.5860303534270592,False,0.7454159033042672
2015-11-01,325.4309997558594,247.41687936955304,1.315314462720148,537.3796704762652,0.6055885952429845,False,0.7965394377814753
2015-11-02,361.1889953613281,247.90951862188805,1.4569387951263546,538.670256888976,0.6705196560272899,False,0.9769060997609375
2015-11-03,403.4169921875,248.5280629560587,1.6232251094268844,539.9634235736418,0.7471191095084996,False,1.2127424982868507
2015-11-04,411.56298828125,249.16197499800128,1.6517889147593707,541.2591746517257,0.7603806227323001,False,1.2559882836270404
2015-11-05,386.35400390625,249.75441758521166,1.546935616361753,542.5575142496191,0.7120977845834364,False,1.101569425304417
2015-11-06,374.4700012207031,250.3112516892522,1.4960174530451682,543.8584464986442,0.6885431377071325,False,1.030072551184353
2015-11-07,386.4819946289063,250.83332412611668,1.5407920617221766,545.1619755350595,0.7089305783837662,False,1.0923146074858183
2015-11-08,373.3680114746094,251.33513872865962,1.4855384462484411,546.4681055000624,0.6832384318805715,False,1.0149769585130857
2015-11-09,380.2569885253906,251.84126078074675,1.5099074208353918,547.7768405397939,0.6941823026885826,False,1.048151010242091
2015-11-10,336.8190002441406,252.27170375484386,1.33514379627554,549.0881848053422,0.6134151299641363,False,0.8189974053131706
2015-11-11,311.0840148925781,252.65495551297127,1.231260294344819,550.4021424527466,0.5651940479488331,False,0.69590098983942
2015-11-12,338.1520080566406,253.16666993274626,1.3356892838479517,551.7187176430018,0.6129065359632173,False,0.8186526920864386
2015-11-13,336.75299072265625,253.61349240119628,1.3278196973445715,553.0379145420613,0.6089148354349302,False,0.8085291124958286
2015-11-14,332.906005859375,254.07220318567073,1.3102810999599754,554.3597373208416,0.6005234208896056,False,0.7868544884749598
2015-11-15,320.1659851074219,254.4941610968178,1.2580484508075624,555.6841901552261,0.5761653665510728,False,0.7248439467985485
2015-11-16,330.7510070800781,254.88701791891387,1.2976377132918497,557.0112772260692,0.5937958899633538,False,0.7705319408141452
2015-11-17,335.093994140625,255.3180377020462,1.3124571893023735,558.3410027191998,0.6001601037872372,False,0.7876844429480181
2015-11-18,334.5899963378906,255.73194775075874,1.3083621318365293,559.6733708254256,0.5978308309441732,False,0.7821792204517222
2015-11-19,326.14898681640625,256.09030414898655,1.2735702271127822,561.008385740537,0.5813620528789175,False,0.7404054017197563
2015-11-20,322.0220031738281,256.4444149963503,1.2557185274571534,562.3460516653109,0.5726402847858609,False,0.7190750151739462
2015-11-21,326.927001953125,256.8317985484942,1.2729226046026214,563.6863728055146,0.5799803183567872,False,0.7382700574609792
2015-11-22,324.5360107421875,257.25155320362035,1.2615512198105565,565.02935337191,0.5743701788331225,False,0.7245973997297331
2015-11-23,323.0459899902344,257.622002034363,1.2539534179504777,566.3749975802572,0.5703747364738814,False,0.7152233503140265
2015-11-24,320.0459899902344,257.9463281849183,1.2407464461397475,567.7233096513188,0.5637358631386802,False,0.6994532687508405
2015-11-25,328.2059936523437,258.3088727497509,1.2705951218729872,569.0742938108635,0.5767366356587276,False,0.7327987558734176
2015-11-26,352.6839904785156,258.75205333025826,1.363019098551335,570.4279542896703,0.618279640445914,False,0.8427269581732333
2015-11-27,358.0419921875,259.20026161566636,1.3813334521953258,571.7842953235323,0.6261836764595106,False,0.8649684595121767
2015-11-28,357.3810119628906,259.65432311882273,1.376372277072954,573.1433211532608,0.6235456277214919,False,0.8582309154859143
2015-11-29,371.29400634765625,260.1735680691481,1.4271011813505012,574.505036024689,0.6462850333164009,False,0.9223141345349837
2015-11-30,377.3210144042969,260.7061637780533,1.4473037727083475,575.8694441886762,0.6552197172675002,False,0.9483019687541498
2015-12-01,362.4880065917969,261.19984700592533,1.3877803174347718,577.2365499011116,0.627971334548888,False,0.8714862580001931
2015-12-02,359.18701171875,261.69558295041384,1.3725375402564928,578.6063574229182,0.6207795802979935,False,0.852043278183666
2015-12-03,361.0459899902344,262.1941423048366,1.377017757972903,579.9788710200571,0.6225157639884928,False,0.8572152616302233
2015-12-04,363.1830139160156,262.72319448431335,1.3823789507009079,581.3540949635311,0.6247191119188701,False,0.8635985504172107
2015-12-05,388.9490051269531,263.3251779350909,1.4770672830337106,582.7320335293887,0.667457738287074,False,0.9858799880315139
2015-12-06,388.7829895019531,263.91625582077563,1.4731301347574965,584.1126909987282,0.6655958610267545,False,0.9805093204483748
2015-12-07,395.5360107421875,264.51693329277475,1.4953145185015326,585.4960716577018,0.67555707013083,False,1.0101702950429883
2015-12-08,415.56298828125,265.13208128986884,1.5673810059481827,586.8821797975188,0.7080858860369965,False,1.1098403683543778
2015-12-09,417.56298828125,265.76324589792983,1.5711841073826327,588.2710197144506,0.7098139705810035,False,1.1152484297750362
2015-12-10,415.47900390625,266.380332038194,1.5597210226717413,589.6625957098344,0.7046046449768404,False,1.0989866774425368
2015-12-11,451.93798828125,267.0935095420469,1.6920590435017822,591.0569120900761,0.7646268557847021,False,1.2937937862348383
2015-12-12,434.99700927734375,267.77957853085127,1.6244592349570344,592.453973166656,0.7342292042574926,False,1.1927254114312387
2015-12-13,433.7550048828125,268.46573926616566,1.6156810402267892,593.8537832561314,0.7304070751296913,False,1.180104862934546
2015-12-14,444.1820068359375,269.1742263899551,1.650165444118142,595.2563466801413,0.746202891095955,False,1.231358225187598
2015-12-15,465.3210144042969,269.92573532216073,1.7238853266396725,596.6616677654101,0.7798741557288166,False,1.3444136136864098
2015-12-16,454.9339904785156,270.6883147658164,1.6806561852220985,598.0697508437515,0.7606704566427223,False,1.2784255078723092
2015-12-17,456.0780029296875,271.47888990759725,1.6799759387734416,599.4806002520727,0.7607885938892993,False,1.2781065322273022
2015-12-18,463.6159973144531,272.33979663701393,1.702343921231535,600.8942203323783,0.7715434457965145,False,1.3134322949177286
2015-12-19,462.3219909667969,273.18259935560593,1.6923551941351336,602.3106154317741,0.7675806786758613,False,1.299019148474865
2015-12-20,442.68499755859375,273.9940918813648,1.6156735151437847,603.7297899024713,0.733250213858267,False,1.1846929505043182
2015-12-21,438.6390075683594,274.8141030958975,1.5961299024573512,605.1517481017908,0.7248413459008586,False,1.1569409467297926
2015-12-22,436.5719909667969,275.6302095565859,1.583904723902081,606.5764943921662,0.719731138616365,False,1.1399855503938838
2015-12-23,442.4010009765625,276.45768845734904,1.6002484989482022,608.0040331411485,0.7276283985995514,False,1.1643862526510163
2015-12-24,454.9849853515625,277.33512567694885,1.640560258066796,609.4343687214106,0.7465692922867446,False,1.2247919108186869
2015-12-25,455.6530151367188,278.1767838815486,1.6379979981749375,610.8675055107498,0.7459113654371659,False,1.221801323402012
2015-12-26,417.2739868164063,278.9408567288701,1.4959227977922063,612.3034478920932,0.681482340582774,False,1.0194449695705645
2015-12-27,422.822998046875,279.7232713169046,1.5115760517752905,613.7422002535011,0.6889260635365003,False,1.041364139085596
2015-12-28,422.2789916992188,280.502136835488,1.5054394824338957,615.1837669881708,0.6864273967543404,False,1.0333749048983005
2015-12-29,432.9830017089844,281.3064392289112,1.5391862443527196,616.6281524944411,0.7021784522121501,False,1.0807834147258248
2015-12-30,426.6199951171875,282.0836449937162,1.5123882674115725,618.0753611757959,0.6902394463769058,False,1.0439100404050916
2015-12-31,430.5669860839844,282.8653433064312,1.5221623867069014,619.5253974408683,0.6949948910287904,False,1.0578950820774864
2016-01-01,434.3340148925781,283.6356330995323,1.531309765794354,620.9782657034449,0.6994351314382381,False,1.0710518473110315
2016-01-02,433.43798828125,284.3124525578917,1.5245128533123022,622.4339703824692,0.6963597889988457,False,1.061609448858583
2016-01-03,430.010986328125,284.99550328559457,1.5088342846490814,623.8925159020458,0.6892388919049621,False,1.039947270419749
2016-01-04,433.0910034179688,285.69041398313516,1.5159451707873368,625.3539066914453,0.692553446590459,False,1.0498730528709321
2016-01-05,431.9599914550781,286.41587665262995,1.5081565886061776,626.818147185107,0.6891312789760617,False,1.0393178788023494
2016-01-06,429.1050109863281,287.1345183169207,1.4944389601834964,628.2852418226433,0.6829780208452817,False,1.020668963300205
2016-01-07,458.0480041503906,287.92658332197203,1.5908499967791492,629.7551950488441,0.7273429544552851,False,1.157093536752527
2016-01-08,453.2300109863281,288.69228892389816,1.5699415203493834,631.2280113136808,0.7180131471717931,False,1.1272386519017303
2016-01-09,447.6109924316406,289.4691794096078,1.546316583149107,632.7036950723096,0.7074575285679099,False,1.0939533082982422
2016-01-10,447.9909973144531,290.2781693468603,1.543316186409933,634.1822507850766,0.7064073407287405,False,1.0902098831454619
2016-01-11,448.4280090332031,291.07604574752645,1.5405871269192677,635.6636829175205,0.7054485273958747,False,1.086804920010239
2016-01-12,435.6900024414063,291.84482674426584,1.4928823899393198,637.1479959403782,0.6838128742732111,False,1.020852198016267
2016-01-13,432.3710021972656,292.5583585076936,1.4778965960936485,638.6351943295871,0.6770234494375946,False,1.0005706513994015
2016-01-14,430.3059997558594,293.2842322982796,1.4671978659876408,640.1252825662904,0.6722215345576474,False,0.9862820009739175
2016-01-15,364.33099365234375,293.7776403287861,1.2401590306348593,641.6182651368407,0.5678313936007438,False,0.7042012306519396
2016-01-16,387.5360107421875,294.3054096417406,1.3167818125189645,643.1141465328039,0.6025928877968167,False,0.7934833550041294
2016-01-17,382.2990112304688,294.8481500748016,1.2965962687352162,644.6129312509637,0.5930675490616715,False,0.7689691712213029
2016-01-18,387.1679992675781,295.42844711782055,1.3105305296248966,646.1146237933247,0.5992249440115183,False,0.785302583239864
2016-01-19,380.1489868164063,295.98395887929803,1.2843567207350945,647.6192286671173,0.5869945949548182,False,0.7539104530653954
2016-01-20,420.2300109863281,296.6219865064893,1.4167190232108253,649.1267503848017,0.6473774355119647,False,0.9171519280872397
2016-01-21,410.2619934082031,297.1685756470535,1.3805699088973338,650.6371934640711,0.6305541667913552,False,0.8705241086019755
2016-01-22,382.4920043945313,297.65623353608936,1.2850125792784919,652.1505624278565,0.5865087395931582,False,0.7536711082339815
2016-01-23,387.4909973144531,298.17800822279696,1.2995290954687777,653.6668618043308,0.5927958413630658,False,0.770355443524198
2016-01-24,402.9710083007813,298.71751059693725,1.3490036372340906,655.1860961269122,0.615048168272979,False,0.8297022160744137
2016-01-25,391.72601318359375,299.2366355113386,1.3090844057720685,656.7082699342689,0.5964992845648226,False,0.7808679114780048
2016-01-26,392.1530151367188,299.6670815146609,1.3086289396706163,658.2333877703225,0.595765912855142,False,0.7796365148315213
2016-01-27,394.9719848632813,300.062637080965,1.3162984525684456,659.7614541842527,0.5986587763779495,False,0.788013620962814
2016-01-28,380.28900146484375,300.32723434693077,1.2662488045474527,661.2924737305008,0.5750693022703665,False,0.7281808165317892
2016-01-29,379.4739990234375,300.68339002011516,1.262038448475825,662.826450968774,0.5725088346561997,False,0.7225281614282129
2016-01-30,378.2550048828125,301.0613180852809,1.2564051977466768,664.3633904640495,0.5693495612673752,False,0.7153337481111203
2016-01-31,368.7669982910156,301.4183358071513,1.2234391690323518,665.9032967865784,0.5537846111748643,False,0.6775217845186801
2016-02-01,373.0559997558594,301.8347483977227,1.2359610738531985,667.4461745118897,0.5589304636118098,False,0.6908162960149185
2016-02-02,374.447998046875,302.2487365164255,1.238873658704363,668.9920282207946,0.5597196711636927,False,0.6934219568633669
2016-02-03,369.9490051269531,302.6762380162601,1.222259823075636,670.5408624993903,0.5517173162989594,False,0.6743419094073309
2016-02-04,389.593994140625,303.17543825795576,1.285044713315926,672.0926819390642,0.5796730192279461,False,0.7449057488107532
2016-02-05,386.5490112304688,303.6345508695076,1.2730732063380863,673.6474911364978,0.5738149645274109,False,0.7305084567356862
2016-02-06,376.5220031738281,304.08211727996104,1.238224748439164,675.2052946936711,0.5576407740473208,False,0.6904846071641645
2016-02-07,376.6199951171875,304.5229029780718,1.2367542520908759,676.7660972178662,0.5564995005888203,False,0.6882531236396723
2016-02-08,373.4469909667969,304.961605285748,1.2245705180390767,678.3299033216716,0.5505388884347977,False,0.6741736918112576
2016-02-09,376.0289916992188,305.338496346612,1.231515174792637,679.8967176229863,0.5530678144966908,False,0.6811114062420739
2016-02-10,381.6489868164063,305.73226867539347,1.2483111071982271,681.4665447450237,0.5600406795599971,False,0.6991050007775875
2016-02-11,379.6539916992188,306.0984885924564,1.2403001185827323,683.039389316316,0.5558303044268517,False,0.6893963924925003
2016-02-12,384.2630004882813,306.4752979656041,1.2538139388036662,684.6152559707176,0.5612831398906439,False,0.7037446244103774
2016-02-13,391.8599853515625,306.8724170701701,1.2769475637230665,686.1941493474102,0.5710628482102803,False,0.7292173127548728
2016-02-14,407.2300109863281,307.34283372364973,1.3250024607780277,687.7760740909056,0.5920967976744466,False,0.7845297139374318
2016-02-15,400.18499755859375,307.8048362996488,1.3001257627057317,689.3610348510508,0.5805158361540714,False,0.7547435942425677
2016-02-16,407.4880065917969,308.30733630959685,1.3216941622907232,690.9490362830317,0.5897511758376325,False,0.7794706863086887
2016-02-17,416.3219909667969,308.8544522786966,1.3479552840997295,692.540083047377,0.6011521948807056,False,0.8103262776375975
2016-02-18,422.37298583984375,309.4138923248557,1.365074407830375,694.1341798099628,0.6084889609606593,False,0.8306327080546921
2016-02-19,420.7850036621094,309.97945436363074,1.3574609469713268,695.7313312420158,0.6048096222875665,False,0.8210054426078506
2016-02-20,437.16400146484375,310.5660311552091,1.4076362435348437,697.3315420201181,0.6269098343069522,False,0.8824610041988895
2016-02-21,438.7980041503906,311.1790440368031,1.410114249526694,698.9348168262114,0.6278096234251509,False,0.8852832959817931
2016-02-22,437.74798583984375,311.81228365278605,1.403883069363911,700.5411603476003,0.624871186187887,False,0.8772460788225187
2016-02-23,420.7359924316406,312.3967104467749,1.3468003290749255,702.1505772769573,0.5992104913782402,False,0.8070168869733617
2016-02-24,424.9549865722656,313.11971488050176,1.3571645807560997,703.7630723123258,0.6038324590916774,False,0.819500026190081
2016-02-25,424.54400634765625,313.81586867309363,1.3528442909619387,705.3786501571253,0.6018668218170308,False,0.8142320938145765
2016-02-26,432.1520080566406,314.53996149920175,1.3739176605632584,706.9973155201549,0.6112498570644445,False,0.8398069736376076
2016-02-27,432.5190124511719,315.227270009382,1.372086280600974,708.6190731155974,0.6103688552292393,False,0.8374787323661613
2016-02-28,433.5039978027344,315.9479963108277,1.3720738946426354,710.2439276630236,0.610359315889021,False,0.8374580836832637
2016-02-29,437.6969909667969,316.69947411972043,1.3820578394814016,711.8718838873958,0.6148536005897824,False,0.8497632388284754
2016-03-01,435.12298583984375,317.4362350440005,1.370741389304628,713.502946519073,0.6098404890444447,False,0.8359335992069958
2016-03-02,423.989013671875,318.17596051313103,1.3325614323222168,715.1371202938141,0.5928779273794083,False,0.7900462601009315
2016-03-03,421.6510009765625,318.93538709072646,1.3220577522701076,716.7744099527819,0.5882617949548996,False,0.7777160663844535
2016-03-04,410.9389953613281,319.6709257639393,1.28550631991095,718.414820242548,0.5720079594440838,False,0.7353198469047361
2016-03-05,400.5700073242188,320.820137187041,1.2485812481611245,720.0583559150963,0.5563021441715634,False,0.6945884255244404
2016-03-06,407.7070007324219,321.83130820594096,1.2668344885561251,721.7050217278271,0.5649219396538692,False,0.7156625964955435
2016-03-07,414.3210144042969,322.7846368905021,1.283583439396611,723.3548224435615,0.572777012814653,False,0.735207088115949
2016-03-08,413.9719848632813,323.7691920046996,1.2786021495747266,725.0077628305452,0.5709897274024613,False,0.7300686928418743
2016-03-09,414.8599853515625,324.7839456562184,1.2773414169636603,726.6638476624529,0.5709104514915564,False,0.7292475650675877
2016-03-10,417.1310119628906,325.8344719977193,1.2801930053791557,728.3230817183921,0.572727986292456,False,0.7332023620364911
2016-03-11,421.6900024414063,327.1024138891763,1.2891681153544672,729.9854697829074,0.5776690357505526,False,0.7447125021171722
2016-03-12,411.6239929199219,328.2206137367665,1.2541076815182761,731.6510166459847,0.5625960786699618,False,0.7055560638520594
2016-03-13,414.0650024414063,329.3085033343225,1.2573771956961488,733.319727103055,0.5646445706256268,False,0.7099712067783066
2016-03-14,416.43798828125,330.422561206186,1.2603194732256486,734.9916059549987,0.5665887676909703,False,0.7140828572318532
2016-03-15,416.8299865722656,331.4754089300223,1.2574989738085292,736.6666580081499,0.5658325676084205,False,0.7115338731150339
2016-03-16,417.010986328125,332.5523684335756,1.2539708807138423,738.3448880743001,0.5647915940960113,False,0.7082322126683502
2016-03-17,420.6210021972656,333.65859443927644,1.2606329020360834,740.0263009707027,0.5683865582149328,False,0.716526796360792
2016-03-18,409.5480041503906,334.7224038593894,1.2235452405583047,741.7109015200766,0.5521666235605477,False,0.6756008442526572
2016-03-19,410.4440002441406,335.8168124470066,1.2222258833717878,743.3986945506114,0.5521182687740074,False,0.6748132387780134
2016-03-20,413.7550048828125,336.91684689434476,1.2280626768793304,745.08968489597,0.5553089960446591,False,0.6819542521777775
2016-03-21,413.3070068359375,338.04565962041306,1.2226366322822615,746.783877395294,0.5534492901447072,False,0.6766673762415331
2016-03-22,418.0889892578125,339.16373378393786,1.2327054682212972,748.4812768932072,0.558583096417875,False,0.6885684374102986
2016-03-23,418.0409851074219,340.23857521859907,1.228670161338513,750.1818882398198,0.5572528364931434,False,0.6846799325203744
2016-03-24,416.3940124511719,341.264928156157,1.2201488582519593,751.8857162907328,0.5537996046864178,False,0.6757179553585191
2016-03-25,417.177001953125,342.30006128515487,1.2187465009116476,753.5927659070418,0.5535841383124227,False,0.6746787315284547
2016-03-26,417.9450073242188,343.30616273849796,1.2174118984359,755.3030419553412,0.553347443487366,False,0.673651761670606
2016-03-27,426.7650146484375,344.4030986425616,1.2391439459473481,757.0165493077285,0.5637459511799349,False,0.6985623824569456
2016-03-28,424.2309875488281,345.4954658234557,1.2278916209152377,758.7332928418082,0.5591305819201452,False,0.6865517565372072
2016-03-29,416.5159912109375,346.5514668393641,1.2018878321585746,760.4532774406963,0.547720686552527,False,0.6582988285890229
2016-03-30,414.8160095214844,347.66018518381685,1.193165128477857,762.1765079930238,0.5442518959470227,False,0.6493823833519466
2016-03-31,416.72900390625,348.83567250068813,1.1946284074643425,763.9029893929417,0.5455260807886302,False,0.6517009531227855
2016-04-01,417.9599914550781,350.02194417772256,1.1940965371098569,765.6327265401244,0.5459014184827615,False,0.6518589934136243
2016-04-02,420.87298583984375,351.230473392188,1.1982815208915318,767.3657243397739,0.5484646661824183,False,0.6572150743483345
2016-04-03,420.9039916992188,352.46176562037397,1.1941834058465277,769.1019877026249,0.5472668104219779,False,0.6535369435764835
2016-04-04,421.4440002441406,353.6950828998408,1.191546110250803,770.8415215449473,0.5467323547899546,False,0.6514568106982324
2016-04-05,424.0299987792969,354.90894246692307,1.1947571561086145,772.5843307885519,0.5488462319013163,False,0.6557379631673459
2016-04-06,423.4129943847656,356.1464097046051,1.1888734038789068,774.3304203607936,0.5468117786041254,False,0.6500899805101659
2016-04-07,422.7449951171875,357.3935059262724,1.1828558384728922,776.0797951945759,0.5447184654655239,False,0.6443234171998895
2016-04-08,420.3489990234375,358.6912525718761,1.171896431846233,777.832460228355,0.5404107189098691,False,0.6333053932219332
2016-04-09,419.4110107421875,359.95130158123925,1.1651882043480497,779.588420406144,0.5379903032983557,False,0.6268599554568738
2016-04-10,421.5639953613281,361.232294518209,1.1670163541816938,781.3476806775169,0.5395344553858333,False,0.629645533079781
2016-04-11,422.4830017089844,362.47417384778856,1.1655533888778375,783.1102459976132,0.5394936458413698,False,0.6288086471884685
2016-04-12,425.1900024414063,363.7272130904712,1.1689804533147408,784.876121327141,0.5417288039320852,False,0.6332703827941814
2016-04-13,423.7340087890625,364.99328150466437,1.1609364617404538,786.6453116323828,0.5386595490027951,False,0.6253495109020135
2016-04-14,424.2820129394531,366.28970741790874,1.1583236010925624,788.4178218851978,0.5381436101037721,False,0.6233444443603531
2016-04-15,429.7130126953125,367.53800883733294,1.1691661878853388,790.1936570630279,0.5438072159329387,False,0.6358010095968532
2016-04-16,430.5719909667969,368.82750361182246,1.1674074919856254,791.9728221489001,0.5436701600422398,False,0.6346846180023348
2016-04-17,427.3989868164063,370.1219549826663,1.1547517813052253,793.7553221314321,0.5384518061166921,False,0.6217781822602659
2016-04-18,428.5910034179688,371.4116976066332,1.1539512788094652,795.5411620048357,0.5387414553608775,False,0.621681391361357
2016-04-19,435.5090026855469,372.7393594970115,1.1684008988834427,797.3303467689211,0.5462089890976698,False,0.6381910738399339
2016-04-20,441.3890075683594,374.08020086000147,1.17993148676037,799.1228814291015,0.5523418460737938,False,0.651725535637819
2016-04-21,449.4249877929688,375.46511147211316,1.1969820205954045,800.9187709963962,0.561136789482227,False,0.6716706481048542
2016-04-22,445.7369995117188,376.8209105491653,1.1828881758767518,802.7180204874361,0.555284655551962,False,0.6568396532982108
2016-04-23,450.2820129394531,378.1340657218689,1.1907999139930745,804.5206349244671,0.5596898244651339,False,0.6664785948358805
2016-04-24,458.5549926757813,379.5225201484917,1.2082418521471858,806.326619335354,0.568696334313957,False,0.6871227122808107
2016-04-25,461.4259948730469,380.9392485658879,1.211284992581272,808.1359787535858,0.5709756860283823,False,0.6916142796149758
2016-04-26,466.0889892578125,382.36232068896084,1.218972069261397,809.9487182182785,0.5754549377929913,False,0.701463496288211
2016-04-27,444.68701171875,383.70758520026675,1.1589216081997873,811.7648427741804,0.5478027481444582,False,0.6348604418558386
2016-04-28,449.010986328125,385.052565911696,1.1661030884575292,813.5843574716756,0.5518923541296785,False,0.6435633786467145
2016-04-29,455.0969848632813,386.4507074852444,1.1776326865196851,815.4072673667885,0.5581223065780802,False,0.6572630713021078
2016-04-30,448.3179931640625,387.7824487071566,1.156106973533041,817.2335775211881,0.548579996582971,False,0.6342171595903044
2016-05-01,451.875,389.1068191532472,1.1613134947964814,819.0632930021914,0.5516972911137297,False,0.6406935092130371
2016-05-02,444.66900634765625,390.38521519657866,1.139051862206777,820.896418882769,0.5416871070686919,False,0.6170097080399953
2016-05-03,450.3039855957031,391.59555316706366,1.1499210906605803,822.7329602415479,0.5473270275491302,False,0.6293828924673093
2016-05-04,446.7219848632813,392.71543262495123,1.1375208299743775,824.5729221628162,0.5417616475830306,False,0.6162651590069351
2016-05-05,447.97601318359375,393.9451622884593,1.1371532285896464,826.4163097365276,0.5420706342623058,False,0.6164173718750184
2016-05-06,459.6029968261719,395.206390844562,1.162944242485536,828.2631280583055,0.554899742915778,False,0.6453174611806082
2016-05-07,458.5360107421875,396.4050343205354,1.156736093243994,830.1133822294466,0.5523775674001197,False,0.6389550693100354
2016-05-08,458.5480041503906,397.6461742336838,1.1531558301398792,831.9670773569259,0.5511612377825702,False,0.6355747946960831
2016-05-09,460.4830017089844,398.8179013496161,1.1546196902162393,833.8242185534001,0.5522542898884316,False,0.6376436771115701
2016-05-10,450.8949890136719,399.93351067537134,1.1274248768307547,835.684810937213,0.5395514949087051,False,0.6083037776912964
2016-05-11,452.7279968261719,401.0093391804812,1.1289712048886067,837.5488596323979,0.5405392074975485,False,0.6102532003780399
2016-05-12,454.7659912109375,402.078475537867,1.1310378915523631,839.4163697686839,0.5417645016099177,False,0.6127561796187981
2016-05-13,455.6700134277344,403.14060721295067,1.130300459132454,841.287346481498,0.5416342172902938,False,0.6122094044850664
2016-05-14,455.6709899902344,404.12565836347505,1.1275477826265583,843.1617949119715,0.5404312585555513,False,0.6093620672463921
2016-05-15,457.5679931640625,405.0237178356977,1.1297313540282101,845.0397202069419,0.5414751309583514,False,0.6117214328701808
2016-05-16,454.1629943847656,405.83270022762565,1.1190892062912432,846.921127518959,0.536251818059172,False,0.600113621444075
2016-05-17,453.7829895019531,406.5297077449626,1.1162357408493133,848.8060220062881,0.5346133011985057,False,0.5967544743312111
2016-05-18,454.6189880371094,407.3439391460229,1.1160568363682946,850.6944088329146,0.5344092817781777,False,0.5964311323472055
2016-05-19,438.7149963378906,408.00329838991235,1.0752731609503519,852.5862931685481,0.5145696099657573,False,0.5533028910368695
2016-05-20,442.6759948730469,408.42793453763005,1.0838533739720524,854.4816801886266,0.5180637632574244,False,0.561505157739218
2016-05-21,443.18798828125,408.61355357262204,1.0846140183220405,856.3805750743204,0.5175128922591317,False,0.561301737606638
2016-05-22,439.322998046875,408.74176630439183,1.0748179761979821,858.2829830125374,0.5118626452372033,False,0.5501591724451965
2016-05-23,444.1549987792969,409.02333375443465,1.0858915913241132,860.1889091959259,0.5163458794120901,False,0.5606956486684431
2016-05-24,445.9809875488281,409.38183118220655,1.0894010275466577,862.0983588228796,0.5173203068821247,False,0.5635692738881389
2016-05-25,449.5989990234375,409.6864396239599,1.0974222125489734,864.011337097542,0.5203623838244616,False,0.5710572385838989
2016-05-26,453.3840026855469,410.08350991121733,1.1055894512405633,865.9278492298101,0.523581731536645,False,0.5788664392491832
2016-05-27,473.4639892578125,410.5192828402593,1.153329475736335,867.8479004353392,0.5455610240231132,False,0.6292116098187552
2016-05-28,530.0399780273438,411.4332951939499,1.2882768220726584,869.771495935546,0.609401412329822,False,0.7850777148428528
2016-05-29,526.2329711914062,412.54868877882285,1.2755657344326994,871.6986409576147,0.6036868092547522,False,0.7700422082143709
2016-05-30,533.864013671875,413.4733178715108,1.2911692014858775,873.6293407344992,0.6110875502682083,False,0.7890174243177636
2016-05-31,531.385986328125,414.40514971070684,1.2822861557079626,875.563600504929,0.6069073520435064,False,0.778228895322767
2016-06-01,536.9199829101562,415.38752475525047,1.292576090787786,877.5014255134122,0.611873630400102,False,0.7908932252386944
2016-06-02,537.9719848632812,416.4813652992612,1.2917072159440397,879.4428210102407,0.6117191157979978,False,0.7901619960071813
2016-06-03,569.1939697265625,417.5827299967427,1.3630687498283331,881.3877922514932,0.6457928901789803,False,0.8802601074642887
2016-06-04,572.7269897460938,418.66508999098863,1.3679836304441364,883.3363444990416,0.6483679668709874,False,0.8869567651838569
2016-06-05,574.9769897460938,419.7630550361924,1.3697655923924001,885.2884830205526,0.649479803221099,False,0.8896350874060481
2016-06-06,585.5369873046875,420.9631006660669,1.3909461099517377,887.2442130894937,0.6599501903379855,False,0.9179551500125298
2016-06-07,576.5969848632812,422.18144763050384,1.3657563308369793,889.2035399851369,0.648442070836694,False,0.8856138634262559
2016-06-08,581.64501953125,423.37859856970204,1.3738177165690912,891.166468992563,0.6526783039635482,False,0.896661017205389
2016-06-09,574.6300048828125,424.5839523952978,1.3533954866664821,893.133005402666,0.6433868207834762,False,0.8707568194290535
2016-06-10,577.469970703125,425.8168320565518,1.3561464160872638,895.1031545121571,0.6451434874205685,False,0.8749090283274428
2016-06-11,606.7269897460938,427.1595232105572,1.4203756600950774,897.0769216235686,0.6763377533422809,False,0.9606536828507638
2016-06-12,672.7839965820312,428.58797460782097,1.569768720640521,899.0543120452595,0.7483240862851926,False,1.1746957435523937
2016-06-13,704.3759765625,429.8921671383987,1.638494558417331,901.035331091418,0.7817406845848033,False,1.2808778577856392
2016-06-14,685.5590209960938,431.1286596798191,1.5901494962205232,903.0199840820671,0.7591847722982281,False,1.2072172832083201
2016-06-15,694.468994140625,432.3946083671217,1.606100031550326,905.0082763430681,0.7673620366730962,False,1.2324601913111823
2016-06-16,766.3079833984375,433.696357277681,1.76692280333772,907.0002132061252,0.8448818117579495,False,1.492840939320408
2016-06-17,748.9089965820312,434.936590449419,1.7218808741940643,908.9958000087897,0.8238860911951293,False,1.4186337029434
2016-06-18,756.2269897460938,436.29942517472995,1.7332752373974334,910.9950420944642,0.8301109828297814,False,1.438810810830506
2016-06-19,763.781005859375,437.7076393945284,1.7449569921052712,912.9979448124068,0.8365637734445379,False,1.4597678058140164
2016-06-20,737.2260131835938,439.06569072363783,1.6790790734947854,915.0045135177354,0.8057075154190528,False,1.3528466284976086
2016-06-21,666.6519775390625,440.27716794279036,1.5141643175684443,917.0147535714325,0.7269806455596273,False,1.1007681530692601
2016-06-22,596.1160278320312,441.1448778784681,1.3512930960432832,919.0286703403483,0.6486370306720342,False,0.8764987413851351
2016-06-23,623.9769897460938,442.09027137967337,1.4114243857906874,921.0462691972061,0.6774654114716288,False,0.9561912022807789
2016-06-24,665.2990112304688,443.09432435134073,1.5014839384467862,923.0675555206061,0.7207479097835293,False,1.0821914102090626
2016-06-25,665.1229858398438,443.9824371682251,1.4980840009845444,925.0925346950295,0.7189799516208522,False,1.0770923625518403
2016-06-26,629.3670043945312,444.77820708711664,1.415013133211493,927.121212110843,0.6788400439696622,False,0.9605675775669394
2016-06-27,655.2750244140625,445.6511338216048,1.4703766571732109,929.1535931643031,0.7052386486312491,False,1.0369664466837687
2016-06-28,647.0009765625,446.3145669753369,1.4496523851937213,931.1896832575603,0.6948111520083757,False,1.0072346437681392
2016-06-29,639.8900146484375,447.04891450672807,1.4313646535849203,933.2294877986634,0.6856727343215804,False,0.9814477158348339
2016-06-30,673.3369750976562,447.8701246635654,1.5034201613770484,935.2730122015637,0.7199362820409739,False,1.0823667213272332
2016-07-01,676.2960205078125,448.64642518366543,1.5074142633164915,937.3202618861195,0.7215207523060881,False,1.0876306733050427
2016-07-02,703.7020263671875,449.38029399545076,1.5659387733951489,939.3712422780999,0.7491202569291101,False,1.1730764562610294
2016-07-03,658.6640014648438,450.0678446628405,1.463477138559563,941.4259588091899,0.6996450387856186,False,1.0239145193693715
2016-07-04,683.6619873046875,450.80830369320915,1.5165248326258502,943.4844169169937,0.7246139682292548,False,1.0988950768872239
2016-07-05,670.6270141601562,451.4858829286577,1.4853775932261575,945.5466220450398,0.7092479614698596,False,1.0535010300086585
2016-07-06,677.3309936523438,452.18676212292286,1.4979009789504132,947.6125796427849,0.7147762790439872,False,1.070664088110522
2016-07-07,640.56201171875,452.9013091051777,1.4143523077562836,949.6822951656181,0.6745013727006887,False,0.9539825730640001
2016-07-08,666.5230102539062,453.7021308202996,1.4690762175809569,951.7557740748655,0.7003088695750611,False,1.0288071052537264
2016-07-09,650.9600219726562,454.47989125104385,1.4323186449036565,953.8330218377945,0.682467483373999,False,0.977510900977055
2016-07-10,649.3599853515625,455.2251267988582,1.4264590136266424,955.9140439276174,0.679307924678563,False,0.9690049121857446
2016-07-11,647.6589965820312,455.9036253848182,1.4206050588769865,957.9988458234969,0.676054046834788,False,0.960405799007759
2016-07-12,664.551025390625,456.62170288981724,1.4553645198747398,960.0874330105493,0.6921776106440537,False,1.0073707359830277
2016-07-13,654.468017578125,457.52897837312855,1.4304405808464153,962.1798109798492,0.6801930471931628,False,0.9729757375146809
2016-07-14,658.0780029296875,458.41562572054943,1.4355488033273378,964.275985228434,0.682458147885733,False,0.9797019775183553
2016-07-15,663.2550048828125,459.32144162017954,1.4439887729675571,966.3759612593079,0.6863322676388895,False,0.9910560889959211
2016-07-16,660.7670288085938,460.1628412664015,1.435941735299867,968.4797445814468,0.6822724300694188,False,0.9797034571811384
2016-07-17,679.458984375,461.08818937544885,1.4735987605653873,970.5873407098012,0.7000492957986699,False,1.031591774623592
2016-07-18,673.1060180664062,461.9795104106745,1.4570040508247906,972.698755165302,0.6919984368151242,False,1.0082445256040589
2016-07-19,672.864013671875,462.8521338020938,1.4537342804161686,974.8139934748646,0.6902486199170721,False,1.0034380807833982
2016-07-20,665.6849975585938,463.71594472716845,1.4355447664200023,976.9330611713922,0.6814028760173227,False,0.9781843324902053
2016-07-21,665.0120239257812,464.6011889087423,1.4313610033753141,979.0559637937808,0.6792380093870233,False,0.9722347986468607
2016-07-22,650.6190185546875,465.43586783757667,1.3978703909895793,981.1827068869242,0.6630967035884253,False,0.9269232483090533
2016-07-23,655.5560302734375,466.2927068662657,1.405889520938729,983.3132960017168,0.6666807343488752,False,0.9372794582328202
2016-07-24,661.2849731445312,467.18393527926065,1.4154702745702206,985.4477366950591,0.6710502734141058,False,0.949851714759886
2016-07-25,654.0969848632812,467.89912552857976,1.397944448227716,987.5860345298614,0.6623189899345457,False,0.9258851549347866
2016-07-26,651.7839965820312,468.636035061489,1.3908106671662832,989.7281950750483,0.6585484780825187,False,0.9159162481632883
2016-07-27,654.3519897460938,469.41241569362563,1.3939810023541725,991.8742239055637,0.6597126671661493,False,0.9196269250420134
2016-07-28,655.0349731445312,470.19103962733277,1.393125172405887,994.0241266023737,0.6589729118381411,False,0.9180317514153198
2016-07-29,656.9920043945312,470.9748817916552,1.3949618754512778,996.1779087524718,0.6595127221976764,False,0.9199951038408483
2016-07-30,655.0469970703125,471.82887358430395,1.3883147762750727,998.3355759488837,0.6561390907538408,False,0.9109275949852481
2016-07-31,624.6810302734375,472.6227560331574,1.3217328668567374,1000.4971337906705,0.6243706345331087,False,0.8252511887626061
2016-08-01,606.27197265625,473.3772848812669,1.280737356901939,1002.6625878829338,0.6046620069233455,False,0.7744132205660273
2016-08-02,547.4650268554688,474.40825533092675,1.1539955738619698,1004.83194383682,0.5448324271669199,False,0.6287342094470997
2016-08-03,566.35498046875,475.3268573505603,1.1915063744253256,1007.0052072695237,0.5624151458008954,False,0.6701212312951157
2016-08-04,578.2890014648438,476.33044772052267,1.2140500449472489,1009.1823838042937,0.5730272453675616,False,0.6956837529944864
2016-08-05,575.0430297851562,477.2896929977674,1.2048092347719022,1011.3634790704358,0.5685819605763199,False,0.6850327968270639
2016-08-06,587.7780151367188,478.35045792158206,1.2287602225585736,1013.5484987033183,0.5799209568054136,False,0.712583803950601
2016-08-07,592.6900024414062,479.14397435153495,1.2369768465596223,1015.7374483443749,0.5835070897577669,False,0.7217847598337449
2016-08-08,591.0540161132812,480.00134635090865,1.231359079733053,1017.9303336411106,0.5806428952746661,False,0.7149799011789483
2016-08-09,587.801025390625,481.05564367832204,1.221898200582556,1020.1271602471055,0.576203681556956,False,0.7040622416634886
2016-08-10,592.10302734375,482.08975068936763,1.2282008204842938,1022.3279338220184,0.5791713282548648,False,0.7113387005636033
2016-08-11,589.1199951171875,483.00266610830073,1.2197034021859678,1024.5326600315918,0.5750133871759849,False,0.701345784641026
2016-08-12,587.5590209960938,483.9971880152917,1.2139719724518938,1026.7413445476573,0.5722561228455738,False,0.6947028941985145
2016-08-13,585.5880126953125,484.9858075517351,1.2074332971750845,1028.9539930481367,0.5691100055509648,False,0.6871623704577321
2016-08-14,570.4730224609375,485.9035639120595,1.1740457671641686,1031.1706112170507,0.5532285504021787,False,0.6495156378740468
2016-08-15,567.239990234375,486.92882088112077,1.164934105169473,1033.3912047445197,0.5489111844866253,False,0.6394453595174424
2016-08-16,577.4390258789062,488.0022109969955,1.1832713312900573,1035.6157793267698,0.5575803665856522,False,0.659768862671003
2016-08-17,573.2160034179688,489.0752418834123,1.1720405253198531,1037.844340666137,0.5523140426338423,False,0.6473344406701003
2016-08-18,574.3179931640625,490.23874735176025,1.1715067327225626,1040.076894471071,0.5521880124604929,False,0.6468919743261576
2016-08-19,575.6300048828125,491.37495292591944,1.1714679420576724,1042.3134464561404,0.5522619005251742,False,0.6469571120850848
2016-08-20,581.697021484375,492.52632743328263,1.1810475685955517,1044.5540023420363,0.5568855417528714,False,0.6577083150732453
2016-08-21,581.3079833984375,493.7212887821317,1.1774010896559817,1046.798567855577,0.5553198115175856,False,0.6538341511883596
2016-08-22,586.7529907226562,494.7747253713265,1.185899280288217,1049.0471487297125,0.559319942323997,False,0.663297117052875
2016-08-23,583.4149780273438,495.8455353770285,1.1766062945060696,1051.2997507035282,0.5549463677099926,False,0.6529533893608571
2016-08-24,580.1820068359375,496.99426791347094,1.1673816868587104,1053.5563795222504,0.5506890927840321,False,0.6428643620689163
2016-08-25,577.760986328125,498.1385168239502,1.1598400180171464,1055.8170409372492,0.5472169551414384,False,0.6346841231105339
2016-08-26,579.6510009765625,499.32320329161246,1.1608733524807526,1058.0817407060447,0.5478319667342229,False,0.6359635318188814
2016-08-27,569.947021484375,500.4537227662357,1.1388605890151404,1060.3504845923092,0.5375081444919716,False,0.612146842036562
2016-08-28,573.9119873046875,501.55536128246194,1.1442644852548518,1062.6232783658736,0.5400897938046891,False,0.6180055698993216
2016-08-29,574.1069946289062,502.6800033814457,1.1420923664497948,1064.9001278027306,0.5391181573181835,False,0.6157227320875769
2016-08-30,577.5029907226562,503.78260590425094,1.1463337240198734,1067.1810386850389,0.5411480993274065,False,0.6203363159482622
2016-08-31,575.4719848632812,504.81797199345766,1.1399593849458658,1069.4660168011287,0.5380928199893353,False,0.6134039601188291
2016-09-01,572.302978515625,505.72209374130546,1.1316550840833504,1071.755067945505,0.5339867247958977,False,0.6042887919482944
2016-09-02,575.5369873046875,506.6975490821202,1.1358590313832573,1074.0481979188523,0.5358576909489597,False,0.6086587978005542
2016-09-03,598.2119750976562,507.70393529619395,1.17826932885336,1076.3454125280393,0.5557806705308669,False,0.654859317656075
2016-09-04,608.6339721679688,508.68398793388997,1.1964873803872682,1078.6467175861235,0.5642570104232232,False,0.6751263922664338
2016-09-05,606.5900268554688,509.6159526895878,1.1902885371897862,1080.9521189123536,0.5611627159451016,False,0.6679455482877424
2016-09-06,610.4359741210938,510.5765216644078,1.195581755563609,1083.261622332177,0.5635166625832023,False,0.673730240740571
2016-09-07,614.5440063476562,511.438569973733,1.2015988672485507,1085.5752336772414,0.5660998770817296,False,0.68022497105095
2016-09-08,626.3159790039062,512.3324930542393,1.2224795176861831,1087.8929587854013,0.575714709747886,False,0.7037994406974365
2016-09-09,622.8610229492188,513.2250819354452,1.2136215568427027,1090.214803500721,0.57131954267103,False,0.6933657128310764
2016-09-10,623.5089721679688,514.2450950250628,1.212474320513608,1092.5407736734792,0.5706962954540614,False,0.6919546030502963
2016-09-11,606.718994140625,515.1789418220126,1.1776859356767697,1094.8708751601741,0.5541466193918667,False,0.6526106799606294
2016-09-12,608.2429809570312,516.1247208515116,1.1784806198655653,1097.2051138235272,0.5543566770641757,False,0.6532986004132048
2016-09-13,609.2410278320312,517.0221491717623,1.178365431361109,1099.5434955324874,0.5540854275500832,False,0.6529151138459582
2016-09-14,610.6840209960938,517.9252721863669,1.1790967805416321,1101.8860261622365,0.5542170483121995,False,0.6534755373862007
2016-09-15,607.155029296875,518.8116757884127,1.170280195360313,1104.2327115941926,0.5498433644664618,False,0.6434707999853827
2016-09-16,606.9730224609375,519.6706110290908,1.167995667984695,1106.583557716014,0.5485107909191498,False,0.6406582276364258
2016-09-17,605.9840087890625,520.5470627009292,1.1641291483710081,1108.9385704216063,0.5464540822659582,False,0.6361431254121307
2016-09-18,609.8740234375,521.5228450801625,1.1694099869081616,1111.2977556111227,0.5487944345771842,False,0.6417656925541769
2016-09-19,609.2269897460938,522.5177678683112,1.1659450208392446,1113.6611191909722,0.5470488097749803,False,0.6378288359131733
2016-09-20,608.31201171875,523.5978404595842,1.1617924382285623,1116.028667073822,0.5450684464169879,False,0.6332563993642468
2016-09-21,597.1489868164062,524.7267965274767,1.1380188524165398,1118.4004051786017,0.5339313040762402,False,0.6076238899341094
2016-09-22,596.2979736328125,525.7969120835608,1.1340842061431649,1120.7763394305093,0.5320401159929949,False,0.603378292582233
2016-09-23,602.8419799804688,526.8423250920947,1.1442550290071871,1123.156475761014,0.5367390857734251,False,0.6141663981609616
2016-09-24,602.625,527.893906661154,1.1415646068194052,1125.5408201078615,0.5354092799071027,False,0.6112042841046126
2016-09-25,600.8259887695312,528.9355107560638,1.135915393373205,1127.9293784150775,0.5326805031125162,False,0.6050799832352906
2016-09-26,608.0430297851562,529.990546873238,1.1472714624296623,1130.3221566329742,0.53793781376135,False,0.6171607022901993
2016-09-27,606.166015625,531.006076584447,1.1415425215545536,1132.7191607181517,0.5351423694825526,False,0.6108877698497917
2016-09-28,604.72802734375,532.1020372966335,1.136488840403799,1135.1203966335052,0.5327435126152505,False,0.6054570568847527
2016-09-29,605.6929931640625,533.1859179597782,1.1359883537092104,1137.5258703482273,0.5324652466837028,False,0.604874318987588
2016-09-30,609.7349853515625,534.2702025383101,1.1412483467255339,1139.935587837814,0.534885472352069,False,0.610437161009305
2016-10-01,613.9829711914062,535.3719311575475,1.1468344443532759,1142.3495550840682,0.5374738130363449,False,0.616393481727973
2016-10-02,610.8920288085938,536.4648559298414,1.1387363441538954,1144.7677780751046,0.5336383854512325,False,0.6076734241489238
2016-10-03,612.1329956054688,537.5373110535131,1.1387730358768147,1147.1902628053535,0.5335932629941881,False,0.6076416200233071
2016-10-04,610.2039794921875,538.6998237371579,1.1327346930596323,1149.6170152755658,0.5307889248193846,False,0.6012430298347378
2016-10-05,612.510986328125,539.868602947856,1.1345556733316557,1152.0480414928174,0.5316713923964809,False,0.6032107945915683
2016-10-06,613.02099609375,541.0159180041403,1.1330923466267746,1154.4833474705135,0.5309916313967509,False,0.6016625536585237
2016-10-07,617.1209716796875,542.1878994401328,1.1382049881912362,1156.9229392283928,0.5334157969858173,False,0.6071365209092611
2016-10-08,619.1079711914062,543.3317963572072,1.1394657469749496,1159.366822792532,0.5340052509870685,False,0.6084806922045255
2016-10-09,616.7520141601562,544.4717916114688,1.1327529243246197,1161.815004195351,0.5308521683168534,False,0.601324346044981
2016-10-10,618.9940185546875,545.6394065492665,1.1344378927272323,1164.2674894756167,0.5316596264604803,False,0.6031348262899747
2016-10-11,641.072021484375,546.8884908994685,1.17221706463415,1166.7242846784463,0.5494631678649399,False,0.6440901017592211
2016-10-12,636.1920166015625,548.1187153773002,1.1606828936020486,1169.1853958553145,0.5441327088559449,False,0.6315655270184392
2016-10-13,636.7860107421875,549.2820923578427,1.1593059733819584,1171.650829064055,0.5434946956431284,False,0.6300766471604882
2016-10-14,640.3779907226562,550.4849696981706,1.163297866377303,1174.1205903688672,0.5454107490964554,False,0.6344751607231531
2016-10-15,638.64599609375,551.7531343140232,1.1574850352010375,1176.594685840319,0.5427918413872758,False,0.6282734336349869
2016-10-16,641.6309814453125,553.0533419663553,1.160161114231809,1179.0731215553526,0.5441825190611731,False,0.6313393976594832
2016-10-17,639.1929931640625,554.3335548120339,1.1530837121718225,1181.5559035972876,0.5409756670996416,False,0.6237902304138828
2016-10-18,637.9600219726562,555.6041324417552,1.1482276403686298,1184.0430380558273,0.5387980009748401,False,0.6186627572946753
2016-10-19,630.52001953125,556.8261963582142,1.132346185676989,1186.5345310270604,0.5313962662219985,False,0.6017245351394738
2016-10-20,630.8569946289062,558.0546946380588,1.1304572843671987,1189.0303886134686,0.5305642317220758,False,0.599780200574907
2016-10-21,632.8280029296875,559.2915861504779,1.131481357131349,1191.5306169239286,0.5311051129877005,False,0.6009355340227217
2016-10-22,657.2940063476562,560.6036521787934,1.1724754267887385,1194.0352220737177,0.5504812539835412,False,0.6454257432035524
2016-10-23,657.0709838867188,561.9264991399343,1.169318380415249,1196.5442101845179,0.5491405819308528,False,0.6421201758836721
2016-10-24,653.760986328125,563.2493008479736,1.160695602007647,1199.0575873844205,0.5452290141912324,False,0.6328449188587284
2016-10-25,657.5880126953125,564.6140239114021,1.1646682243912871,1201.5753598079307,0.5472715525728046,False,0.6373897873948312
2016-10-26,678.3040161132812,566.0682991192582,1.1982723942828981,1204.097533595972,0.5633297944623831,False,0.6750225415813327
2016-10-27,688.31298828125,567.544999722466,1.2127901551733176,1206.62411489589,0.5704452445330409,False,0.6918303766351077
2016-10-28,689.6510009765625,569.0256345648725,1.211985821172944,1209.1551098614577,0.5703577608463989,False,0.6912655191417844
2016-10-29,714.47900390625,570.5714986849557,1.2522164278323926,1211.6905246528802,0.589654692654241,False,0.738375292890101
2016-10-30,701.864013671875,572.0978409600622,1.2268251397244334,1214.2303654367975,0.5780320058289697,False,0.7091441963163203
2016-10-31,700.9719848632812,573.624373431822,1.2220052308265368,1216.7746383862914,0.5760902329398672,False,0.7039852780805957
2016-11-01,729.7930297851562,575.2029934205005,1.2687573571990143,1219.3233496808875,0.5985229676575556,False,0.7593804186681113
2016-11-02,740.8289794921875,576.816559280337,1.2843406930211574,1221.8765055065617,0.6063043001101466,False,0.7787012849851734
2016-11-03,688.7000122070312,578.2971544025273,1.190910256023251,1224.4341120557433,0.5624639214361236,False,0.6698440526813356
2016-11-04,703.2349853515625,579.8248768934398,1.2128403133017058,1226.9961755273202,0.5731354338161132,False,0.6951217591138438
2016-11-05,703.4180297851562,581.2986916775693,1.210080187442299,1229.5627021266434,0.5720879696241022,False,0.692272317516218
2016-11-06,711.52197265625,582.7555708676296,1.2209612541273658,1232.133698065531,0.5774714008498838,False,0.7050702058043609
2016-11-07,703.1309814453125,584.1220320633803,1.2037398742888354,1234.7091695622726,0.5694709319236574,False,0.6854948680049293
2016-11-08,709.8480224609375,585.5495438538272,1.2122766210166143,1237.2891228416347,0.5737123275040652,False,0.6954980418222053
2016-11-09,723.2730102539062,586.9900857193751,1.2321724469460367,1239.873564134864,0.5833441660308148,False,0.7187806084698842
2016-11-10,715.5339965820312,588.3424912174396,1.2161861624194406,1242.4624996796933,0.5758998736513141,False,0.7004014572738324
2016-11-11,716.4110107421875,589.6805258533766,1.2149138038862797,1245.0559357203442,0.5754046787686676,False,0.6990670870568049
2016-11-12,705.0540161132812,590.9475322999091,1.1930907188482218,1247.6538785075327,0.5651038547298713,False,0.6742201642635633
2016-11-13,702.031005859375,592.3904124125904,1.1850816474227839,1250.2563342984743,0.5615096573402193,False,0.66543478976455
2016-11-14,705.02099609375,593.8128248017307,1.187278156764551,1252.8633093568872,0.5627277858872309,False,0.6681144083883884
2016-11-15,711.6190185546875,595.2126212224391,1.1955711172474377,1255.4748099529968,0.5668126615629425,False,0.677664847054801
2016-11-16,744.197998046875,596.7877024361238,1.2470062553383947,1258.0908423635415,0.5915296201097611,False,0.7376411364948163
2016-11-17,740.9769897460938,598.3292543388658,1.2384100967365352,1260.711412871776,0.5877451272200522,False,0.7278694998570121
2016-11-18,751.5850219726562,599.9776059522316,1.2526884578963688,1263.3365277674761,0.5949206766789454,False,0.7452502650396124
2016-11-19,751.6160278320312,601.5842370125167,1.249394484743444,1265.9661933469438,0.5937093990203003,False,0.7417772486763078
2016-11-20,731.0260009765625,603.1637183783342,1.2119860308275816,1268.6004159130105,0.5762460675613478,False,0.6984021842036803
2016-11-21,739.2479858398438,604.7678785045883,1.222366484919445,1271.2392017750426,0.5815176127416659,False,0.7108276402057773
2016-11-22,751.3469848632812,606.3168265714189,1.2391986366467418,1273.8825572489457,0.589808676308338,False,0.7308901075637119
2016-11-23,744.593994140625,607.860782308145,1.2249416573862226,1276.5304886571696,0.5832951118338673,False,0.7145024810350594
2016-11-24,740.2890014648438,609.3980132093212,1.2147873564047262,1279.1830023287114,0.5787201675734993,False,0.7030219424647114
2016-11-25,741.6489868164062,610.9305596948669,1.2139660965508543,1281.8401045991213,0.5785815127451853,False,0.702378340563761
2016-11-26,735.3820190429688,612.5359012883772,1.2005533349085387,1284.5018018105065,0.5725036882053782,False,0.687321212122405
2016-11-27,732.0349731445312,614.1210431396815,1.192004379791347,1287.1681003115364,0.5687174604213351,False,0.6779137036860435
2016-11-28,735.81298828125,615.7089424677124,1.1950662683770195,1289.8390064574462,0.5704688605302507,False,0.6817480923791771
2016-11-29,735.60400390625,617.2960269611192,1.1916551731712062,1292.5145266100417,0.5691262951106355,False,0.6782022937563513
2016-11-30,745.6909790039062,618.9265248602572,1.2048134133082602,1295.1946671377045,0.5757366038665327,False,0.693655182870943
2016-12-01,756.7739868164062,620.5859570077489,1.2194507114941966,1297.879434415395,0.5830849667151715,False,0.7110433775223859
2016-12-02,777.9439697265625,622.3556660082855,1.2499990153800666,1300.568834824659,0.5981567056629062,False,0.7476952931216171
2016-12-03,771.155029296875,624.117047600941,1.2355935994075742,1303.2628747536303,0.5917110386825487,False,0.7311143720949648
2016-12-04,773.8720092773438,625.8894076738092,1.2364357022010153,1305.9615605970364,0.592568749821058,False,0.7326731582873776
2016-12-05,758.7000122070312,627.7780547339593,1.20854815883705,1308.664898756202,0.5797511745964338,False,0.7006572146421371
2016-12-06,764.2239990234375,629.6565887388391,1.2137155597055342,1311.3728956390553,0.5827663523966747,False,0.7073125895766826
2016-12-07,768.1320190429688,631.5544710759563,1.2162561651005817,1314.0855576601302,0.5845372963467538,False,0.710947090412965
2016-12-08,770.8099975585938,633.5127357588915,1.2167237595235278,1316.8028912405728,0.58536475176813,False,0.7122272014638757
2016-12-09,772.7940063476562,635.4399085370683,1.2161559196475547,1319.5249028081446,0.5856607970816132,False,0.7122548452763092
2016-12-10,774.6500244140625,637.3664154660748,1.2153919717398334,1322.2515987972276,0.5858567500456908,False,0.7120455905951228
2016-12-11,769.7310180664062,639.2509119280246,1.2041140711787874,1324.9829856488293,0.580936530056254,False,0.699513850302514
2016-12-12,780.0869750976562,641.1438688067645,1.2167112765961239,1327.7190698105865,0.5875391811680043,False,0.7148655471691638
2016-12-13,780.5560302734375,642.856315009915,1.2141998329150718,1330.4598577367692,0.5866813836843097,False,0.7123484380438719
2016-12-14,781.4810180664062,644.1130830931215,1.2132667982982501,1333.2053558882874,0.5861670256685411,False,0.711176990500879
2016-12-15,778.0880126953125,645.3915788413065,1.205606081957624,1335.955570732693,0.5824205757595494,False,0.7021697883929738
2016-12-16,784.906982421875,646.6417118904997,1.2138205253217391,1338.7105087441869,0.5863156950625404,False,0.7116820249851934
2016-12-17,790.8289794921875,647.9350571392669,1.2205374146350705,1341.4701764036204,0.5895240858893634,False,0.719536203656507
2016-12-18,790.530029296875,649.1917031520308,1.2177143137513957,1344.234580198503,0.5880893416535509,False,0.7161248090961638
2016-12-19,792.7139892578125,650.452900936494,1.21871082151605,1347.0037266230045,0.5885017046279302,False,0.7172133959107005
2016-12-20,800.8759765625,651.5298295420948,1.2292238056473452,1349.7776221779618,0.5933392015124905,False,0.7293466713229406
2016-12-21,834.281005859375,652.6937281134925,1.2782120770039136,1352.5562733708807,0.6168179633518355,False,0.7884241700692735
2016-12-22,864.5399780273438,653.9368759439933,1.3220541765278697,1355.3396867159431,0.6378769739430917,False,0.8433079175124235
2016-12-23,921.9840087890624,655.2721379766207,1.407024586206285,1358.1278687340096,0.6788639199698462,False,0.9551782260859494
2016-12-24,898.822021484375,656.6096946968053,1.368883263137644,1360.920825952625,0.6604513681794917,False,0.9040808240172641
2016-12-25,896.1829833984375,657.9130540193348,1.362160209352071,1363.7185649060227,0.6571612402007563,False,0.8951588925299289
2016-12-26,907.6099853515624,659.2977379507033,1.376631426300185,1366.5210921351295,0.6641756139551871,False,0.9143250227529304
2016-12-27,933.197998046875,660.7355235421784,1.4123623822191904,1369.3284141875695,0.6815004993528502,False,0.9625256687495594
2016-12-28,975.9210205078124,662.0993764169036,1.4739796702259766,1372.1405376176692,0.7112398429698906,False,1.0483530691923348
2016-12-29,973.4970092773438,663.1072798548446,1.4680837307206822,1374.9574689864617,0.708019725144625,False,1.039432239514153
2016-12-30,961.2379760742188,663.9423993206531,1.447773145769511,1377.779214861692,0.6976719968668654,False,1.0100707816192382
2016-12-31,963.7429809570312,664.8717171597905,1.4495171866746923,1380.60578181782,0.6980580507841184,False,1.011847141908215
2017-01-01,998.3250122070312,665.8418293628919,1.4993425888581897,1383.4371764360271,0.7216265611560972,False,1.0819654363926157
2017-01-02,1021.75,666.5658125023114,1.5328568925014543,1386.273405304219,0.7370479705450138,False,1.1297890617541333
2017-01-03,1043.8399658203125,667.4050017413809,1.5640277838744756,1389.114475017032,0.751442724551203,False,1.175277299188416
2017-01-04,1154.72998046875,668.4229126300746,1.7275439824843533,1391.960392175835,0.8295710042896697,False,1.4331203965041204
2017-01-05,1013.3800048828124,669.1440909035455,1.5144421338525833,1394.811163388737,0.7265356282500451,False,1.1002961671669256
2017-01-06,902.2009887695312,669.6998466654327,1.3471721596798438,1397.6667952705898,0.6455050601634019,False,0.8696064459845977
2017-01-07,908.5850219726562,670.5967426693321,1.3548903001765324,1400.5272944429926,0.6487449588292472,False,0.878978252006171
2017-01-08,911.198974609375,671.903573199303,1.3561454514531823,1403.3926675342982,0.6492829809423996,False,0.8805221613109985
2017-01-09,902.8280029296876,673.0227671187876,1.341452395131738,1406.2629211796154,0.6420051253092618,False,0.8612193130329608
2017-01-10,907.6790161132812,673.9330243023034,1.346838607668716,1409.1380620208151,0.6441377467383131,False,0.8675495859638936
2017-01-11,777.7570190429688,674.4278428537651,1.1532101280872062,1412.0180967065342,0.5508123591737601,False,0.6352023912747882
2017-01-12,804.833984375,675.216582587712,1.1919641862030994,1414.9030318921805,0.5688262490318351,False,0.6780205170181929
2017-01-13,823.9840087890625,675.9296168393955,1.21903817832685,1417.7928742399367,0.5811737551797129,False,0.7084729958056519
2017-01-14,818.4119873046875,676.6699209314985,1.2094700266535683,1420.687630418766,0.5760675110991499,False,0.6967363880033436
2017-01-15,821.7979736328125,677.4628122060175,1.2130525230703033,1423.5873071044161,0.577272619341032,False,0.7002620073910417
2017-01-16,831.5339965820312,678.1118090748823,1.2262491014814445,1426.4919109794232,0.5829223356837009,False,0.7148079903656032
2017-01-17,907.93798828125,678.9802748250016,1.337208195798117,1429.4014487331176,0.6351875388722726,False,0.849377982848838
2017-01-18,886.6179809570312,679.6567362548227,1.3045084873912187,1432.3159270616277,0.6190100690815561,False,0.8075038888975146
2017-01-19,899.072998046875,680.5956823335338,1.321008965211557,1435.235352667885,0.6264289660755878,False,0.8275182802540579
2017-01-20,895.0260009765625,681.3966466126418,1.3135168853940133,1438.1597322616285,0.6223411634318657,False,0.8174556266435109
2017-01-21,921.7890014648438,682.3411704382933,1.3509209782442766,1441.0890725594084,0.639647485375574,False,0.8641132066750621
2017-01-22,924.6729736328124,683.2617629070008,1.353321704552447,1444.0233802845928,0.6403448768610484,False,0.8665926202550207
2017-01-23,921.0120239257812,684.3731851654998,1.345774562606593,1446.9626621673701,0.6365140221007637,False,0.8566043796856184
2017-01-24,892.68701171875,685.2644983656088,1.3026897115607983,1449.906924944755,0.6156857356569723,False,0.8020474733950791
2017-01-25,901.5419921875,686.2684940365152,1.3136869898904764,1452.856175360592,0.6205307913315932,False,0.8151832273987559
2017-01-26,917.5859985351562,687.3301848895844,1.3350002934653031,1455.8104201655617,0.6302922316154352,False,0.8414403141755069
2017-01-27,919.75,688.4108250293577,1.3360481366061852,1458.7696661171833,0.6304970697999942,False,0.8423744352419421
2017-01-28,921.5900268554688,689.4067489243664,1.336787068437264,1461.7339199798207,0.6304772806176594,False,0.8428138756731791
2017-01-29,919.4959716796876,690.4549251174919,1.3317248356555942,1464.7031885246868,0.6277694886469417,False,0.8360162190979449
2017-01-30,920.3820190429688,691.4887569486714,1.3310151608311513,1467.6774785298473,0.6271010031201835,False,0.8346809425253874
2017-01-31,970.4030151367188,692.631562756662,1.4010378205615277,1470.6567967802268,0.6598432872042372,False,0.9244654010167788
2017-02-01,989.0230102539062,693.8385107920091,1.4254368918279663,1473.641150067612,0.6711423674674998,False,0.9566710902569356
2017-02-02,1011.7999877929688,695.0040899610807,1.4558187533106866,1476.630545190657,0.6852086265507457,False,0.9975395684628343
2017-02-03,1029.9100341796875,696.2493761022943,1.479225791117077,1479.6249889548876,0.6960615303659815,False,1.0296321679217824
2017-02-04,1042.9000244140625,697.5298526637773,1.4951331766394809,1482.6244881727064,0.7034148111902616,False,1.0516988211501566
2017-02-05,1027.3399658203125,698.8187217811861,1.4701093914624583,1485.6290496633976,0.6915184958540487,False,1.01660783512503
2017-02-06,1038.1500244140625,700.1409300434298,1.4827729387991444,1488.6386802531297,0.6973821372406731,False,1.0340593611023812
2017-02-07,1061.3499755859375,701.6018225069015,1.5127525920523064,1491.6533867749629,0.7115258712217554,False,1.076362606002986
2017-02-08,1063.0699462890625,703.0439843341559,1.512095928529824,1494.6731760688517,0.7112390610267381,False,1.0754616883899057
2017-02-09,994.3829956054688,704.2981032863519,1.4118779973501858,1497.6980549816506,0.6639409007028801,False,0.937403549243261
2017-02-10,988.6740112304688,705.5836144764505,1.401214527868641,1500.7280303671182,0.6587962583657564,False,0.9231148881276006
2017-02-11,1004.4500122070312,706.9270743390621,1.4208679348518893,1503.7631090859213,0.6679576099041271,False,0.949079549753081
2017-02-12,999.1810302734376,708.2473901626657,1.4107796853920662,1506.8032980056414,0.663113116088824,False,0.9355065132951438
2017-02-13,990.6420288085938,709.5469190892725,1.396161412525216,1509.848604000777,0.6561201077933267,False,0.9160495764829281
2017-02-14,1004.5499877929688,710.8750473712979,1.4131175253761314,1512.89903395275,0.6639901045930222,False,0.9382960534767303
2017-02-15,1007.47998046875,712.2269622448042,1.4145490607282885,1515.9545947499096,0.6645845356832447,False,0.9400874307252796
2017-02-16,1027.43994140625,713.8221390404234,1.439350063851223,1519.0152932875362,0.6763855149756972,False,0.9735555341683122
2017-02-17,1046.2099609375,715.5936000087956,1.4620169338080171,1522.081136467848,0.6873549220676515,False,1.0049245355991965
2017-02-18,1054.4200439453125,717.8492363675255,1.4688600203587443,1525.1521312000036,0.69135401142946,False,1.015502267303376
2017-02-19,1047.8699951171875,719.9458421534649,1.4554844736415906,1528.2282844001081,0.6856763520304292,False,0.9979912843234953
2017-02-20,1079.97998046875,722.0337097816205,1.4957473118469644,1531.309602991217,0.7052655964274942,False,1.0548991199945705
2017-02-21,1115.300048828125,724.2362105393455,1.5399672546026808,1534.3960939033402,0.7268658029433068,False,1.1193495350231775
2017-02-22,1117.43994140625,726.3573136465918,1.538416314411806,1537.4877640734487,0.72679598987226,False,1.1181148080685626
2017-02-23,1166.719970703125,728.5537683924169,1.6014191694835913,1540.5846204454772,0.7573228729011685,False,1.2127913661523166
2017-02-24,1173.6800537109375,730.7895890151673,1.6060437523372795,1543.6866699703296,0.760309767871155,False,1.2210907525304757
2017-02-25,1143.8399658203125,733.0046141846018,1.5604812625807631,1546.7939196058842,0.7394908599794325,False,1.1539616308476393
2017-02-26,1165.199951171875,735.2430155312416,1.584782074169005,1549.9063763169959,0.7517873137219493,False,1.1914190583742152
2017-02-27,1179.969970703125,737.547604466387,1.5998560141169855,1553.0240470755052,0.7597886027103848,False,1.2155523655037501
2017-02-28,1179.969970703125,739.8790292174807,1.5948147252546112,1556.1469388602382,0.7582638510778199,False,1.2092903553271768
2017-03-01,1222.5,742.3222435861759,1.6468589087322432,1559.2750586570141,0.7840181840995555,False,1.2911673310924288
2017-03-02,1251.010009765625,744.9588822681966,1.6793007500717902,1562.4084134586496,0.8006933391995165,False,1.3446049250952343
2017-03-03,1274.989990234375,747.684260654974,1.7052518788044027,1565.5470102649629,0.8144054326535923,False,1.3887663941410506
2017-03-04,1255.1500244140625,750.3070901333763,1.672848412229377,1568.690856082778,0.8001257988768627,False,1.3384891722349217
2017-03-05,1267.1199951171875,753.0058905165228,1.6827491140182307,1571.83995792593,0.8061380477877494,False,1.3565280856912214
2017-03-06,1272.8299560546875,755.724726742274,1.684250774143007,1574.99432281527,0.8081489168669066,False,1.3611254388559202
2017-03-07,1223.5400390625,758.3608312702661,1.61340088861532,1578.1539577786693,0.7752982736771094,False,1.2508669236925718
2017-03-08,1150.0,760.811633658845,1.5115436582764856,1581.3188698510241,0.7272410529751924,False,1.0992566016629657
2017-03-09,1188.489990234375,763.3637222353258,1.55691180444647,1584.4890660742603,0.7500777478881473,False,1.1678048999396797
2017-03-10,1116.719970703125,765.7276001278672,1.458377588213676,1587.6645534973384,0.7033727422100547,False,1.0257830433995394
2017-03-11,1175.8299560546875,768.26775881754,1.530494990268024,1590.8453391762569,0.7391227337432655,False,1.1312236411872745
2017-03-12,1221.3800048828125,770.9474483731492,1.584258443892855,1594.0314301740589,0.766220779441874,False,1.2138917397169537
2017-03-13,1231.9200439453125,773.6884767611908,1.5922688277617465,1597.2228335608356,0.771288775780196,False,1.228099074877325
2017-03-14,1240.0,776.4479980953472,1.5970161595390306,1600.4195564137312,0.7747968306377295,False,1.2373630588880795
2017-03-15,1249.6099853515625,779.3352943903179,1.603430505902014,1603.6216058169473,0.7792424227877389,False,1.2494610721908552
2017-03-16,1187.81005859375,782.0797065858749,1.5187838894056824,1606.828988861748,0.7392261820190185,False,1.1227248158773577
2017-03-17,1100.22998046875,784.6353476243823,1.402218219966618,1610.0417126464647,0.6833549539907728,False,0.9582127671903117
2017-03-18,973.8179931640624,786.8106346781273,1.2376777209708625,1613.2597842764997,0.6036337127196111,False,0.7471039978599886
2017-03-19,1036.739990234375,789.2110848590484,1.3136409385576926,1616.483210864333,0.6413552477789303,False,0.8425105096412154
2017-03-20,1054.22998046875,791.7065258051865,1.3315918791961077,1619.711999529524,0.65087495849569,False,0.8666998091049645
2017-03-21,1120.5400390625,794.3638958911429,1.4106130009917461,1622.9461573987196,0.6904357448669258,False,0.9739376380587058
2017-03-22,1049.1400146484375,796.637258974966,1.3169607658049625,1626.1856916056558,0.6451538837563762,False,0.8496423528138429
2017-03-23,1038.5899658203125,798.8014378436039,1.3001853985441327,1629.4306092911638,0.637394412439644,False,0.8287309081676418
2017-03-24,937.52001953125,800.6623186046156,1.170930613001931,1632.6809176031757,0.5742212145821839,False,0.6723731987894299
2017-03-25,972.7789916992188,802.6229527588621,1.2119999663048235,1635.936623696727,0.594631220799391,False,0.720693019572658
2017-03-26,966.7249755859376,804.5369333233004,1.201591792178747,1639.1977347339625,0.5897549484735193,False,0.7086447054825805
2017-03-27,1045.77001953125,806.6148921074755,1.2964923283265006,1642.4642578841417,0.6367079310927799,False,0.8254869480464273
2017-03-28,1047.1500244140625,808.7366953142537,1.2947972195167523,1645.7362003236415,0.6362806045149494,False,0.8238543575583948
2017-03-29,1039.969970703125,810.8425311100785,1.2825794538421178,1649.0135692359627,0.6306618636164251,False,0.8088739485962066
2017-03-30,1026.4300537109375,813.0641255846655,1.2624220174181746,1652.2963718117346,0.6212142514030108,False,0.78423454850511
2017-03-31,1071.7900390625,815.4212572345705,1.3144004151883184,1655.5846152487184,0.6473785931512084,False,0.8509146916219777
2017-04-01,1080.5,817.8082397262264,1.3212143721634715,1658.878306751812,0.6513437396837667,False,0.8605647100888955
2017-04-02,1102.1700439453125,820.2574025400232,1.3436880185808915,1662.1774535330574,0.6630880725776808,False,0.8909834983865262
2017-04-03,1143.81005859375,822.8653005759104,1.390033165565756,1665.482062811641,0.6867741683526676,False,0.954638871264048
2017-04-04,1133.25,825.4637604822823,1.3728646298632077,1668.7921418139028,0.6790839743338003,False,0.9322903690698088
2017-04-05,1124.780029296875,828.0651200335496,1.358323158511137,1672.107697773338,0.6726720000121332,False,0.9137059556984845
2017-04-06,1182.6800537109375,830.7967978965295,1.4235491238114195,1675.4287379306024,0.7058969605426005,False,1.0048789996815632
2017-04-07,1176.9000244140625,833.538181903751,1.4119329503611864,1678.7552695335175,0.7010551482832232,False,0.9898428638814304
2017-04-08,1175.949951171875,836.3039504628362,1.4061274618170443,1682.0872998370758,0.6991016169528036,False,0.9830259821980373
2017-04-09,1187.8699951171875,839.2263802357619,1.4154345276699738,1685.424836103444,0.7047896587684325,False,0.9975836177655782
2017-04-10,1187.1300048828125,842.1759207636954,1.4095986071488584,1688.7678856019693,0.7029562884301619,False,0.9908862050576874
2017-04-11,1205.010009765625,845.1258920170534,1.425834921338926,1692.116455609182,0.7121318428002682,False,1.015382450062065
2017-04-12,1200.3699951171875,848.0872137927163,1.4153850872825136,1695.4705534088039,0.7079863420239301,False,1.0020733105003679
2017-04-13,1169.280029296875,851.0071397534643,1.3739955573529194,1698.830186291748,0.6882854088254757,False,0.9457010939170416
2017-04-14,1167.5400390625,853.8705720982335,1.3673501315234229,1702.1953615561283,0.6859024912364629,False,0.9378688616044208
2017-04-15,1172.52001953125,856.7853819121148,1.3685107662720626,1705.56608650726,0.6874667764603556,False,0.940805685040346
2017-04-16,1182.93994140625,859.7624224951448,1.3758916538515384,1708.9423684576684,0.6922058714442553,False,0.9524002812671818
2017-04-17,1193.9100341796875,862.7793275652808,1.3837953646256693,1712.3242147270898,0.6972453136568958,False,0.9648448330453833
2017-04-18,1211.6700439453125,865.8224732390871,1.3994439754057106,1715.711632642479,0.7062201018472671,False,0.9883154668405654
2017-04-19,1210.2900390625,868.8407789580446,1.3929940541164951,1719.1046295380127,0.7040234888947684,False,0.9807005339887627
2017-04-20,1229.0799560546875,871.9595425835763,1.4095607605978824,1722.503212755095,0.7135429106624475,False,1.0057820878725863
2017-04-21,1222.050048828125,875.0701499971998,1.396516666500435,1725.907389642361,0.708062353844696,False,0.9888208780656462
2017-04-22,1231.7099609375,878.2476950441949,1.4024630726477663,1729.3171675556828,0.7122522022252693,False,0.9989074120329894
2017-04-23,1207.2099609375,881.3604222685401,1.3697120161468714,1732.7325538581733,0.6967087668835429,False,0.9542903697552582
2017-04-24,1250.1500244140625,884.6012879018094,1.4132355915728996,1736.1535559201916,0.7200688096690049,False,1.0176268702057698
2017-04-25,1265.489990234375,887.8615766732045,1.4253235228132464,1739.5801811193471,0.7274686179857976,False,1.0368781333236008
2017-04-26,1281.0799560546875,891.163520226144,1.4375363521720428,1743.0124368405052,0.7349803873900373,False,1.0565610250066693
2017-04-27,1317.72998046875,894.6016674671116,1.4729795711197844,1746.45033047579,0.7545190134950803,False,1.1113910928997062
2017-04-28,1316.47998046875,898.0398591090564,1.4659482729138853,1749.8938694245924,0.7523198997786309,False,1.1028620577592312
2017-04-29,1321.7900390625,901.2909459754213,1.466551999623156,1753.3430610935714,0.7538684632761435,False,1.105587302270464
2017-04-30,1347.8900146484375,904.6745572423104,1.4899170136465054,1756.7979128966608,0.7672424954250977,False,1.1431276475264542
2017-05-01,1421.5999755859375,908.2362546125145,1.5652314784465877,1760.258432255074,0.8076086724179018,False,1.2640945163349584
2017-05-02,1452.8199462890625,911.852330219743,1.5932623059031437,1763.7246265973072,0.8237226630394892,False,1.3124062695389747
2017-05-03,1490.0899658203125,915.587218607281,1.627469164638318,1767.1965033591462,0.8431942701266666,False,1.3722726744308622
2017-05-04,1537.6700439453125,919.4098050928833,1.6724533884973845,1770.6740699836694,0.8684094210288482,False,1.452374278802749
2017-05-05,1555.449951171875,923.3214669631004,1.6846244854329124,1774.1573339212541,0.8767260498447504,False,1.4769541705853426
2017-05-06,1578.800048828125,927.3204352289198,1.7025399083741533,1777.646302629579,0.8881407097084999,False,1.512095002530465
2017-05-07,1596.7099609375,931.465240050021,1.7141916759574995,1781.1409835736322,0.8964534394879315,False,1.5366930238536822
2017-05-08,1723.3499755859375,935.8450458373139,1.8414907288888105,1784.6413842257127,0.9656561765397101,False,1.7782468963920928
2017-05-09,1755.3599853515625,940.2911860654679,1.8668259485624332,1788.147512065438,0.9816639698388174,False,1.8325957716639143
2017-05-10,1787.1300048828125,944.5625115214832,1.8920187738598029,1791.6593745797456,0.9974719694149478,False,1.8872356925319922
2017-05-11,1848.5699462890625,948.9588750087544,1.9479979533064686,1795.1769792629016,1.0297424530522243,False,2.0059361909785154
2017-05-12,1724.239990234375,953.2541158972999,1.8087936484925058,1798.700333616502,0.9586032525871525,False,1.7339154747038987
2017-05-13,1804.9100341796875,957.6664546840956,1.8846958931803361,1802.2294451494802,1.0014873738953838,False,1.8874991406525896
2017-05-14,1808.9100341796875,961.9105870551776,1.8805386472744205,1805.7643213781093,1.0017420395144243,False,1.8838146199063746
2017-05-15,1738.4300537109375,965.9878705815837,1.7996396297029034,1809.304969826009,0.9608275457719617,False,1.7291433286814026
2017-05-16,1734.449951171875,970.0803922569962,1.787944550797992,1812.8513980241491,0.956752413938768,False,1.7106202649646451
2017-05-17,1839.0899658203125,974.124306877398,1.8879417676329249,1816.4036135108552,1.0124897088624525,False,1.911521610659924
2017-05-18,1888.6500244140625,978.3907373367773,1.9303637619823049,1819.9616238318115,1.0377416752544661,False,2.0032189242100307
2017-05-19,1987.7099609375,982.8308866664693,2.022433348304044,1823.5254365400685,1.0900368709465074,False,2.204526918683208
2017-05-20,2084.72998046875,987.1510680770476,2.1118651925583856,1827.095059196046,1.1410079459062563,False,2.409654965391964
2017-05-21,2041.199951171875,991.3588017663286,2.05899211015731,1830.670499367537,1.1150012806111596,False,2.295778839593674
2017-05-22,2173.39990234375,996.2570548829357,2.1815653818372542,1834.2517646297151,1.184897266696919,False,2.5849308580595833
2017-05-23,2320.419921875,1001.1996465809506,2.317639573484793,1837.8388625651367,1.2625807240991236,False,2.926207050891214
2017-05-24,2443.639892578125,1006.2996672870182,2.428342145005546,1841.4318007637476,1.3270325252146764,False,3.222489008771934
2017-05-25,2304.97998046875,1011.2432078295332,2.2793527438527965,1845.0305868228866,1.2492909315058505,False,2.847574712598276
2017-05-26,2202.419921875,1016.2178450534553,2.1672714493211322,1848.6352283472909,1.1913761504177318,False,2.582035516202469
2017-05-27,2038.8699951171875,1020.9816283626914,1.99697030629909,1852.245732949101,1.100755671263417,False,2.198176390003366
2017-05-28,2155.800048828125,1025.79267555283,2.1015943086806512,1855.8621082478646,1.161616501165291,False,2.4412466277185065
2017-05-29,2255.610107421875,1030.8377524818322,2.188133003463732,1859.4843618705431,1.2130298881098684,False,2.6542707323611214
2017-05-30,2175.469970703125,1035.8358965939335,2.1002071639499755,1863.1125014515137,1.1676535737956026,False,2.452314400697316
2017-05-31,2286.409912109375,1041.1254274172122,2.196094583705847,1866.7465346325773,1.2248100476904853,False,2.689798711801575
2017-06-01,2407.8798828125,1046.623531977459,2.3006169928772042,1870.3864690629605,1.287370242802717,False,2.961745856716383
2017-06-02,2488.550048828125,1052.2210984925896,2.3650448108227615,1874.032312399323,1.327912028177377,False,3.1405714514700342
2017-06-03,2515.35009765625,1057.8292324112401,2.377841357175112,1877.6840723057608,1.3396024042358987,False,3.185361998963332
2017-06-04,2511.81005859375,1063.1465225104496,2.362618891573397,1881.3417564538097,1.3351163072722771,False,3.1543710100091946
2017-06-05,2686.81005859375,1068.6989436640326,2.5140944271751837,1885.0053725224534,1.4253593638294768,False,3.583488033325653
2017-06-06,2863.199951171875,1074.3320616855603,2.6650977414559254,1888.6749281981267,1.5159834593153017,False,4.040244093505751
2017-06-07,2732.159912109375,1079.926869986228,2.529949006773225,1892.3504311747188,1.4437917349237084,False,3.6527194657576274
2017-06-08,2805.6201171875,1085.8576071901691,2.5837827157167434,1896.0318891535806,1.4797325578948857,False,3.823307406972131
2017-06-09,2823.81005859375,1091.776847390646,2.5864351908017422,1899.7193098435278,1.4864354138856102,False,3.844568863327695
2017-06-10,2947.7099609375,1097.71941384336,2.6853036611759573,1903.4127009608465,1.5486446840716626,False,4.158581239998319
2017-06-11,2958.110107421875,1103.8078203237155,2.679914069239286,1907.1120702292983,1.5510940094182362,False,4.156798658552705
2017-06-12,2659.6298828125,1109.7785776609278,2.396541018495944,1910.8174253801235,1.391880693302456,False,3.335699174351908
2017-06-13,2717.02001953125,1115.8483015151357,2.43493673453819,1914.5287741520488,1.4191586233717628,False,3.455561464184553
2017-06-14,2506.3701171875,1121.8624229710817,2.2341154012002296,1918.246124291288,1.306594646770627,False,2.9190832234760316
2017-06-15,2464.580078125,1127.9382403624431,2.1850310503995773,1921.9694835515513,1.2823200884390602,False,2.8019092097904785
2017-06-16,2518.56005859375,1134.0910462928193,2.2207741316947707,1925.6988596940464,1.3078680739281825,False,2.9044795862491717
2017-06-17,2655.8798828125,1140.4473446934226,2.3288053544694423,1929.434260487486,1.3765070607492333,False,3.2056170135378084
2017-06-18,2548.2900390625,1146.649854468338,2.2223785483704215,1933.1756937080913,1.3181885367979858,False,2.9295139268876373
2017-06-19,2589.60009765625,1152.8312842922799,2.2462958222425398,1936.9231671395964,1.33696583405552,False,3.003220767519927
2017-06-20,2721.7900390625,1158.9641675562093,2.3484678088034974,1940.6766885732548,1.4024953538569598,False,3.29371519052954
2017-06-21,2689.10009765625,1165.2091525782912,2.307826102898353,1944.4362658078421,1.382971581503098,False,3.1916579153594666
2017-06-22,2705.409912109375,1171.5059454525344,2.3093437319810763,1948.2019066496628,1.3886701901251541,False,3.2069167993544943
2017-06-23,2744.909912109375,1178.0873555281673,2.3299714568948584,1951.9736189125533,1.4062228533798358,False,3.2764591104082608
2017-06-24,2608.719970703125,1184.5428251535086,2.2023011032674593,1955.751410417889,1.3338709392241803,False,2.9375854410698143
2017-06-25,2589.409912109375,1191.001936626265,2.174144165914928,1959.5352889945864,1.3214408164284552,False,2.8730028416397855
2017-06-26,2478.449951171875,1197.375490355685,2.069902024164234,1963.3252624791103,1.2623735855373814,False,2.6129896399552877
2017-06-27,2552.449951171875,1203.878254581244,2.1201894306660742,1967.1213387154773,1.2975559264883045,False,2.7510643610386287
2017-06-28,2574.7900390625,1210.454225313092,2.127127143859169,1970.923525555261,1.3063875922517663,False,2.778852507879556
2017-06-29,2539.320068359375,1217.1233518813035,2.0863292651762504,1974.731830857597,1.285906282908594,False,2.682823910306211
2017-06-30,2480.840087890625,1223.6677178698608,2.0273805148747632,1978.5462624891873,1.2538701444208373,False,2.542071898982011
2017-07-01,2434.550048828125,1230.2190118139702,1.9789566129679275,1982.3668283243057,1.228102697262166,False,2.430361954150712
2017-07-02,2506.469970703125,1236.9193884307713,2.0263810189627476,1986.193536244802,1.2619464946210548,False,2.5571844236466803
2017-07-03,2564.06005859375,1243.805620510945,2.061463637333023,1990.0263941401079,1.2884553019718528,False,2.6561037533439142
2017-07-04,2601.639892578125,1250.7256874665586,2.0801043095612335,1993.8654099072407,1.3048222210240155,False,2.714166325163315
2017-07-05,2601.989990234375,1257.6481416620643,2.068933196844449,1997.710591450808,1.302485956359033,False,2.6947564335348937
2017-07-06,2608.56005859375,1264.659215016473,2.0626584835028243,2001.561946683014,1.3032622162489913,False,2.6881848665746744
2017-07-07,2518.659912109375,1271.6100761141317,1.9806857144495573,2005.4194835236635,1.255926718974482,False,2.4875961106682603
2017-07-08,2571.340087890625,1278.5991675580735,2.0110603488046115,2009.2832099001664,1.2797300426446032,False,2.573614345936596
2017-07-09,2518.43994140625,1285.1849773180793,1.9595933549283497,2013.1531337475428,1.2509927333337534,False,2.451437047304476
2017-07-10,2372.56005859375,1291.2854393372968,1.8373629767027935,2017.0292630084282,1.1762645699324374,False,2.1612249716010945
2017-07-11,2337.7900390625,1296.785090356988,1.8027582646087774,2020.9116056330777,1.1567997494527504,False,2.085430308823309
2017-07-12,2398.840087890625,1302.661214782887,1.8414919095372289,2024.8001695793719,1.1847293001703745,False,2.1816694212554477
2017-07-13,2357.89990234375,1308.5569140094083,1.8019085582752095,2028.6949628128207,1.1622742430801332,False,2.094311905668933
2017-07-14,2233.340087890625,1314.18056879581,1.6994164583768314,2032.5959933065687,1.0987624177382598,False,1.867254936550318
2017-07-15,1998.8599853515625,1319.1325247874518,1.5152836790781377,2036.5032690413998,0.9815157263619044,False,1.4872747609147172
2017-07-16,1929.8199462890625,1323.5540388118397,1.458059051386727,2040.4167980057423,0.9457969313795227,False,1.3790277765717043
2017-07-17,2228.409912109375,1328.6403508647186,1.6772107746532459,2044.3365881956738,1.0900406151201176,False,1.828227864489113
2017-07-18,2318.8798828125,1334.0382128212764,1.7382409743034586,2048.2626476149258,1.1321203779762772,False,1.9678980288422838
2017-07-19,2273.429931640625,1339.3785207903607,1.6973767283494177,2052.1949842748886,1.1078040581236028,False,1.880360827830049
2017-07-20,2817.60009765625,1345.2050360072797,2.0945506612279754,2056.1336061946163,1.3703390135580322,False,2.870244486954468
2017-07-21,2667.760009765625,1350.691033098239,1.9751075148890787,2060.078521400832,1.2949797699708923,False,2.5577242752988396
2017-07-22,2810.1201171875,1356.2061218435192,2.072045002545517,2064.0297379279314,1.3614726888618207,False,2.821032681058343
2017-07-23,2730.39990234375,1360.8177492700854,2.0064405419522786,2067.98726381799,1.3203175619673744,False,2.6491386845829297
2017-07-24,2754.860107421875,1366.6182276734767,2.015822745253247,2071.951107120765,1.3295970633448477,False,2.6802320023124664
2017-07-25,2576.47998046875,1373.3775774850455,1.8760172167561144,2075.9212758937033,1.2411260534721151,False,2.328373844478258
2017-07-26,2529.449951171875,1380.0612239882648,1.832853432300612,2079.8977782019433,1.2161414746827444,False,2.2290090760353958
2017-07-27,2671.780029296875,1386.9824242918135,1.92632580089187,2083.8806221183227,1.2821176035414812,False,2.4697762194796087
2017-07-28,2809.010009765625,1394.2499681820257,2.014710470768966,2087.8698157233807,1.3453951911232511,False,2.7105817788782285
2017-07-29,2726.449951171875,1401.4300642923358,1.9454769957062534,2091.865367105365,1.3033582342560706,False,2.5356534619095075
2017-07-30,2757.179931640625,1410.5535449609167,1.9546793820698385,2095.8672843602353,1.3155317382046239,False,2.571442765127075
2017-07-31,2875.340087890625,1419.5108899060433,2.0255850859171236,2099.875575591669,1.3692906957501318,False,2.773614811596549
2017-08-01,2718.260009765625,1428.0831572685584,1.9034325808902754,2103.8902489110665,1.2920160693612914,False,2.459265481456072
2017-08-02,2710.669921875,1436.8342419653654,1.8865571564937273,2107.911312437554,1.2859506497644941,False,2.426019401210965
2017-08-03,2804.72998046875,1445.7699209589218,1.9399559638151027,2111.9387742979916,1.3280356488558918,False,2.576330677157047
2017-08-04,2895.889892578125,1454.7854382761666,1.9905958750931552,2115.972642626974,1.3685856963551692,False,2.7243010418760933
2017-08-05,3252.909912109375,1463.2361403848774,2.22309292555729,2120.0129255668394,1.534382112901329,False,3.411074020292592
2017-08-06,3213.93994140625,1472.0321133116904,2.1833354804846743,2124.0596312676735,1.5131119174314887,False,3.3036309352723663
2017-08-07,3378.93994140625,1480.9297506246255,2.2816341828375606,2128.112767887311,1.587763577378797,False,3.6226956524119136
2017-08-08,3419.93994140625,1490.0308144667995,2.2952142386599297,2132.1723435913464,1.6039697502340917,False,3.6814542091170983
2017-08-09,3342.469970703125,1498.8038232927222,2.230091702968873,2136.2383665531333,1.5646521582215904,False,3.489317796082309
2017-08-10,3381.280029296875,1507.681324562225,2.2427020711944374,2140.3108449537926,1.5798079224187989,False,3.5430384996980213
2017-08-11,3650.6201171875,1516.9650758362927,2.406528782592399,2144.3897869822163,1.7024051034700134,False,4.096886881132779
2017-08-12,3884.7099609375,1526.9577033559692,2.5440848508112763,2148.475200835073,1.8081241800824996,False,4.600021334933447
2017-08-13,4073.260009765625,1537.0936382529403,2.6499751923996575,2152.5670947168114,1.8922801615628604,False,5.014495485211596
2017-08-14,4325.1298828125,1547.304008859716,2.795268323514459,2156.665476839667,2.005470912971842,False,5.605829316759812
2017-08-15,4181.93017578125,1557.5237928196423,2.684986383553441,2160.770355423667,1.9353885364468961,False,5.196491867245339
2017-08-16,4376.6298828125,1567.9835516353037,2.7912473177719006,2164.8817386966316,2.021648482954756,False,5.642920905525095
2017-08-17,4331.68994140625,1578.5860025865616,2.744031642437373,2168.999634894185,1.9970911344194726,False,5.480081265678182
2017-08-18,4160.6201171875,1589.1997186515223,2.6180599381919696,2173.1240522597545,1.9145801238824902,False,5.012485520795366
2017-08-19,4193.7001953125,1599.2648560712867,2.6222674620729407,2177.25499904458,1.926141034078587,False,5.050856961027805
2017-08-20,4087.659912109375,1609.1269753370286,2.5402966793551034,2181.3924835077155,1.8738764083097736,False,4.760202017551186
2017-08-21,4001.739990234375,1618.7443719810537,2.4721259634941375,2185.5365139160353,1.8310103559258655,False,4.526488240310973
2017-08-22,4100.52001953125,1628.326815823901,2.518241411787147,2189.687098544241,1.8726511300438216,False,4.71578762550635
2017-08-23,4151.52001953125,1637.9013386576662,2.5346581760129747,2193.844245674861,1.8923494809241468,False,4.796459083698298
2017-08-24,4334.68017578125,1647.924452616432,2.6303876788156275,2198.0079635982624,1.972094845682513,False,5.187373983539088
2017-08-25,4371.60009765625,1657.958458619468,2.6367368102192072,2202.1782606126494,1.985125444131877,False,5.234253331445273
2017-08-26,4352.39990234375,1667.808473572363,2.609652110125766,2206.3551450240734,1.9726651496517171,False,5.147969770360163
2017-08-27,4382.8798828125,1677.7772600892636,2.6123133189797287,2210.538625146435,1.9827203347429228,False,5.179486738260883
2017-08-28,4382.66015625,1688.7918383583144,2.595145272913216,2214.728709301489,1.9788699798054556,False,5.1354550738019995
2017-08-29,4579.02001953125,1700.1773089348537,2.6932602825995637,2218.9254058188503,2.0636205288935585,False,5.557867208826127
2017-08-30,4565.2998046875,1711.4750290045895,2.6674650388225194,2223.128723036,2.0535472181084193,False,5.477765409875452
2017-08-31,4703.39013671875,1723.097291550318,2.729613794753853,2227.3386692982863,2.1116636646013665,False,5.764026268776363
2017-09-01,4892.009765625,1735.1317090519817,2.8193881421819165,2231.5552529589336,2.19219746369194,False,6.180655534454329
2017-09-02,4578.77001953125,1746.9086786648363,2.621070051029117,2235.7784823790457,2.0479533440446547,False,5.367829175980374
2017-09-03,4582.9599609375,1758.8049193154013,2.605723870002237,2240.008365927611,2.045956627059135,False,5.331198020117253
2017-09-04,4236.31005859375,1770.282176885213,2.393014014323682,2244.2449119815064,1.8876326892742707,False,4.517131479328831
2017-09-05,4376.52978515625,1781.75306966704,2.456305455376093,2248.4881289255036,1.9464322398925382,False,4.781032129367949
2017-09-06,4597.1201171875,1793.4302203768675,2.563311393415391,2252.7380251522745,2.0406811914477965,False,5.230901348366632
2017-09-07,4599.8798828125,1805.3601701407601,2.54790149848817,2256.994609062394,2.03805532558334,False,5.192764218055586
2017-09-08,4228.75,1816.6665168441198,2.3277524855503517,2261.2578890643463,1.8700874501977987,False,4.353100710394445
2017-09-09,4226.06005859375,1827.6229943366811,2.312325940136007,2265.52787357453,1.8653754420270758,False,4.3133560226918775
2017-09-10,4122.93994140625,1838.5833709892524,2.242454710763481,2269.8045710172637,1.8164294821022684,False,4.073260848909902
2017-09-11,4161.27001953125,1849.067810469168,2.250469126102737,2274.0879898247877,1.8298632410665274,False,4.11805072901051
2017-09-12,4130.81005859375,1859.553985481448,2.221398298110857,2278.3781384372737,1.8130484966060325,False,4.027502844753089
2017-09-13,3882.590087890625,1870.2778303544023,2.0759429561087757,2282.6750253028263,1.7008948031818718,False,3.530960585747429
2017-09-14,3154.949951171875,1879.7924539846545,1.6783501521586757,2286.978658877489,1.3795274997102114,False,2.3153301890457105
2017-09-15,3637.52001953125,1889.9633523173413,1.92465108652566,2291.2890476252487,1.5875430571718003,False,3.055466469891974
2017-09-16,3625.0400390625,1900.2278241370784,1.9076870641596275,2295.6062000180414,1.5791210352341836,False,3.0124687716586114
2017-09-17,3582.8798828125,1910.0072075066932,1.875846263161258,2299.930124535758,1.5578211896918852,False,2.922233057356948
2017-09-18,4065.199951171875,1920.154540306339,2.117121234691515,2304.2608296662456,1.7642099795450188,False,3.735046410149443
2017-09-19,3924.969970703125,1929.9664927900421,2.033698504800993,2308.5983239053176,1.7001528286928185,False,3.4575982656457636
2017-09-20,3905.949951171875,1940.0891867118926,2.0132837077411727,2312.9426157567545,1.688736211855354,False,3.3999051020009294
2017-09-21,3631.0400390625,1949.806972456745,1.8622561568171088,2317.2937137323115,1.5669312947016216,False,2.9180274508674984
2017-09-22,3630.699951171875,1959.5541302532292,1.852819422091028,2321.6516263517206,1.5638435629023348,False,2.897519726457478
2017-09-23,3792.39990234375,1970.2411040659874,1.924840515466545,2326.016362142699,1.630427009915887,False,3.1383119661970738
2017-09-24,3682.840087890625,1981.9173163130479,1.858220853906154,2330.387929640952,1.5803549447915517,False,2.93664851498537
2017-09-25,3926.070068359375,1993.5074019884398,1.9694283875962963,2334.7663373901783,1.6815687315193903,False,3.3117291955485824
2017-09-26,3892.35009765625,2006.2772053468655,1.940085890066872,2339.1515939420747,1.6640007888914266,False,3.2283044515884005
2017-09-27,4200.669921875,2018.6785114782638,2.0809008953084263,2343.5437078563414,1.7924436006006421,False,3.7298974932797355
2017-09-28,4174.72998046875,2030.5494884002826,2.055960716208747,2347.942687700688,1.778037429251313,False,3.655575106489489
2017-09-29,4163.06982421875,2042.4007981492211,2.038321679070647,2352.348542050837,1.7697504216740265,False,3.6073206510425875
2017-09-30,4338.7099609375,2054.4848489640553,2.1118237806062345,2356.761279490528,1.8409628496083486,False,3.8877891250155296
2017-10-01,4403.740234375,2066.6529820111286,2.1308561585842893,2361.180908611527,1.86505837748984,False,3.9741711297934477
2017-10-02,4409.31982421875,2079.872484945227,2.11999526708238,2365.607438013624,1.8639271053024802,False,3.951516641427819
2017-10-03,4317.47998046875,2094.625613469903,2.061217982203762,2370.040876304646,1.8216900913542637,False,3.754900374301822
2017-10-04,4229.35986328125,2112.1105439486582,2.0024330049384282,2374.481232100457,1.7811721592509597,False,3.566677919161568
2017-10-05,4328.41015625,2128.59971034574,2.033454263482425,2378.9285140249644,1.819478866528302,False,3.699827058458146
2017-10-06,4370.81005859375,2145.0317288316146,2.0376435461747238,2383.3827307101233,1.8338683092209356,False,3.736769924818392
2017-10-07,4426.89013671875,2160.476303270752,2.0490343402595377,2387.843890795943,1.8539277855568395,False,3.798761696967284
2017-10-08,4610.47998046875,2177.797216709419,2.117038237120642,2392.31200293049,1.9272068086525043,False,4.079970504756597
2017-10-09,4772.02001953125,2195.808453476563,2.1732405720434502,2396.7870757698947,1.9910070726655533,False,4.326937349542242
2017-10-10,4781.990234375,2216.678064087556,2.157277735476394,2401.269117978356,1.9914428576839354,False,4.296095338355039
2017-10-11,4826.47998046875,2237.028677380744,2.157540504183389,2405.758138228146,2.006219953608254,False,4.328500810210727
2017-10-12,5446.91015625,2258.5222567278824,2.411714181706322,2410.2541451996144,2.2598903800656647,False,5.450209678706053
2017-10-13,5647.2099609375,2278.5706938217113,2.478400155083962,2414.757147581194,2.338624389866359,False,5.796047050527919
2017-10-14,5831.7900390625,2299.0930652839725,2.5365611019065843,2419.2671540694073,2.4105605820559948,False,6.114534206232531
2017-10-15,5678.18994140625,2320.0410793493693,2.447452328300427,2423.7841733688683,2.3426961871419496,False,5.733637237721098
2017-10-16,5725.58984375,2341.7620415925744,2.444992164898261,2428.3082141922905,2.3578513675845136,False,5.764928119738785
2017-10-17,5605.509765625,2362.637678315841,2.372564281468996,2432.83928526049,2.3041019600375305,False,5.466630011247749
2017-10-18,5590.68994140625,2383.661729615545,2.345420858985708,2437.3773953023915,2.293731759464621,False,5.379766313566312
2017-10-19,5708.52001953125,2404.643889759332,2.373956511332988,2441.9225530550325,2.3377154252453476,False,5.5496347554047585
2017-10-20,6011.4501953125,2425.2867161812387,2.478655474094994,2446.474767263569,2.4571887173136173,False,6.090524265053855
2017-10-21,6031.60009765625,2446.5474519798695,2.4653517726685314,2451.0340466812804,2.4608389695047626,False,6.066833715720368
2017-10-22,6008.419921875,2468.3671717265656,2.434167813726128,2455.6004000695752,2.4468231564487293,False,5.955978173307266
2017-10-23,5930.31982421875,2489.162480998801,2.382455894096214,2460.1738361979933,2.410528775228175,False,5.742978488430894
2017-10-24,5526.64013671875,2510.0539441238666,2.201801339631297,2464.7543638442144,2.2422681212333835,False,4.937028953144215
2017-10-25,5750.7998046875,2531.5470321370285,2.2716543408766574,2469.3419917940614,2.328879443915886,False,5.290409098149938
2017-10-26,5904.830078125,2553.281074784669,2.3126439687502813,2473.9367288415046,2.386815317176731,False,5.519854047789557
2017-10-27,5780.89990234375,2575.288540394842,2.244758135512623,2478.5385837886693,2.3323824531741297,False,5.235634486889517
2017-10-28,5753.08984375,2597.2288313978274,2.2150877790208763,2483.147565445838,2.3168537882351177,False,5.132034512097831
2017-10-29,6153.85009765625,2620.04471547706,2.3487576610064655,2487.763682631457,2.473647372787014,False,5.809998217462015
2017-10-30,6130.52978515625,2644.0174500179364,2.3186419534086893,2492.386944172141,2.4597022542952445,False,5.703168839702882
2017-10-31,6468.39990234375,2668.7816925930483,2.4237276208451908,2497.0173589026776,2.590450514603675,False,6.278546462677565
2017-11-01,6767.31005859375,2694.130005190928,2.5118721240455373,2501.6549356660344,2.705133294809117,False,6.794948915058479
2017-11-02,7078.5,2719.9268693131253,2.6024596763469465,2506.299683313361,2.8242831641913346,False,7.35008304939351
2017-11-03,7207.759765625,2746.025181015396,2.624797403700352,2510.951610703997,2.870529139191239,False,7.53455743179537
2017-11-04,7379.9501953125,2772.281762150618,2.6620491091740437,2515.610726705475,2.9336614433098402,False,7.809550831781199
2017-11-05,7407.41015625,2799.1018462516254,2.646352495594085,2520.277040193525,2.9391253572985,False,7.777961724150742
2017-11-06,7022.759765625,2825.6462538567475,2.4853641024737536,2524.9505600520824,2.7813454555245394,False,6.9126561517392
2017-11-07,7144.3798828125,2852.9880351516936,2.504174498731339,2529.6312951732903,2.8242771570878595,False,7.072482834128861
2017-11-08,7459.68994140625,2880.8433178901046,2.589411890289694,2534.3192544575068,2.9434689131157086,False,7.621853402319898
2017-11-09,7143.580078125,2909.6942092449463,2.4550965030716165,2539.0144468133076,2.8135247860014494,False,6.907474863417477
2017-11-10,6618.14013671875,2937.420842676833,2.253044589514019,2543.716881157492,2.601759726384028,False,5.8618806747450085
2017-11-11,6357.60009765625,2964.9824261374006,2.1442285936036884,2548.42656641509,2.494715830324898,False,5.349241016298413
2017-11-12,5950.06982421875,2992.153110280919,1.9885579396905013,2553.143511519363,2.330487807431511,False,4.634310032819839
2017-11-13,6559.490234375,3019.548435103259,2.1723414528208043,2557.8677254118134,2.56443684292507,False,5.570832457027043
2017-11-14,6635.75,3047.564860548501,2.1773941831071304,2562.599217042187,2.5894607146798165,False,5.638276697528265
2017-11-15,7315.5400390625,3076.624296835183,2.3777814036597653,2567.337995368478,2.849465108318367,False,6.775405144936772
2017-11-16,7871.68994140625,3106.002448036577,2.5343476295011444,2572.084069356936,3.060432602179408,False,7.7562001105814025
2017-11-17,7708.990234375,3133.9250521633835,2.4598514980610013,2576.837447982069,2.991647859049836,False,7.359009467754727
2017-11-18,7790.14990234375,3161.6661298253853,2.4639381840023664,2581.598140226649,3.017568761364161,False,7.435102893977881
2017-11-19,8036.490234375,3189.2271384242213,2.519886444446156,2586.366155081718,3.1072515461837544,False,7.829921050712802
2017-11-20,8200.6396484375,3216.327347945908,2.549690613324791,2591.1415015465914,3.1648752658018604,False,8.069452757558807
2017-11-21,8071.259765625,3243.398176540317,2.4885195484183473,2595.9241886288646,3.1092047298531242,False,7.737316750274286
2017-11-22,8253.5498046875,3270.5663421724753,2.5235842790472414,2600.714225344418,3.1735704462471133,False,8.008772486598154
2017-11-23,8038.77001953125,3297.6311014376647,2.437740842517708,2605.5116207174206,3.0852942491646984,False,7.5211478023737905
2017-11-24,8253.6904296875,3322.78401816812,2.4839683784917903,2610.3163837803368,3.1619502068688945,False,7.854184328227909
2017-11-25,8790.919921875,3348.145497886657,2.625608692162217,2615.128523573929,3.3615632435001745,False,8.826149671387073
2017-11-26,9330.5498046875,3373.695154037209,2.76567661826881,2619.9480491472673,3.5613491678678053,False,9.849540123063072
2017-11-27,9818.349609375,3398.8709056914777,2.8887091866107584,2624.7749695577286,3.7406443307516684,False,10.805633642085796
2017-11-28,10058.7998046875,3426.8568149894827,2.9352845326624397,2629.609293871006,3.825206972051769,False,11.228070859296082
2017-11-29,9888.6103515625,3453.658664023706,2.8632274678939216,2634.4510311611125,3.7535753121226842,False,10.74733993647817
2017-11-30,10233.599609375,3481.015374665843,2.9398317754794077,2639.3001905103865,3.877391304774631,False,11.39887816374402
2017-12-01,10975.599609375,3510.59619832894,3.1264204110399927,2644.1567810094957,4.150888361916533,False,12.97742209864421
2017-12-02,11074.599609375,3540.817871172282,3.1276953552283273,2649.0208117574425,4.18063895920386,False,13.075765054588503
2017-12-03,11323.2001953125,3569.5996435880647,3.1721204969447854,2653.8922918615717,4.266638940109301,False,13.534292834983487
2017-12-04,11657.2001953125,3598.0931756215973,3.239827215785937,2658.771230437571,4.384431447828628,False,14.204800330422929
2017-12-05,11916.7001953125,3625.4331667644683,3.286972796673454,2663.65763660948,4.473810759884684,False,14.70529426520595
2017-12-06,14291.5,3652.5600821705516,3.912735089495696,2668.5515195096928,5.355527107314703,False,20.95475883553562
2017-12-07,17899.69921875,3681.7445534481553,4.861743925712052,2673.4528882789646,6.695348662108997,False,32.551070688532725
2017-12-08,16569.400390625,3709.039391384681,4.467302350336919,2678.3617520664166,6.1863937452964795,False,27.636491318472576
2017-12-09,15178.2001953125,3734.322027505454,4.064512937962025,2683.2781200295403,5.656588514628295,False,22.991277202434098
2017-12-10,15455.400390625,3758.4997220863866,4.11211960448025,2688.2020013342026,5.749344871759715,False,23.64199376008111
2017-12-11,16936.80078125,3785.160243161963,4.474526755332744,2693.133405154652,6.288882960210214,False,28.13977506661679
2017-12-12,17415.400390625,3813.7882802626314,4.566430832239516,2698.0723406735224,6.454756652772912,False,29.47519979382536
2017-12-13,16408.19921875,3845.2832328328946,4.267097694819677,2703.0188170818396,6.070323711791314,False,25.902664317393942
2017-12-14,16564.0,3875.3471089940717,4.274197777421682,2707.972843579025,6.116752625224997,False,26.14421047577492
2017-12-15,17706.900390625,3904.61673673717,4.534862595866832,2712.934429372901,6.526844216694901,False,29.598341707339458
2017-12-16,19497.400390625,3935.9979526037523,4.953610399549884,2717.9035836796966,7.17369096817923,False,35.53567018312971
2017-12-17,19140.80078125,3966.057521021328,4.826153095308843,2722.880315724053,7.029615172843242,False,33.92599902524742
2017-12-18,19114.19921875,3994.812647435716,4.784754857282098,2727.8646347390277,7.007018961033833,False,33.526868008874395
2017-12-19,17776.69921875,4022.579616530541,4.419228682434962,2732.856549966099,6.50480509815655,False,28.746221263422594
2017-12-20,16624.599609375,4050.064307013258,4.104774232988637,2737.8560706551725,6.072123289299394,False,24.92469521744636
2017-12-21,15802.900390625,4077.7137041115793,3.875431562223423,2742.8632060645864,5.7614613647826545,False,22.32814921760954
2017-12-22,13831.7998046875,4102.799683531295,3.371307612265003,2747.877965461115,5.033629578366818,False,16.96991371487033
2017-12-23,14699.2001953125,4126.606590111565,3.562055135213434,2752.9003581199745,5.339532232598116,False,19.019708208763774
2017-12-24,13925.7998046875,4151.80920061374,3.3541521615754695,2757.9303933248293,5.049365944257651,False,16.93634169651736
2017-12-25,14026.599609375,4176.53057192041,3.358433361814333,2762.9680803677948,5.07664193048073,False,17.049563625312004
2017-12-26,16099.7998046875,4202.155861239739,3.83131905058316,2768.013428549446,5.816373446253281,False,22.284382389936223
2017-12-27,15838.5,4226.6759393601515,3.7472709588418756,2773.066447178818,5.711547235412737,False,21.402715085315748
2017-12-28,14606.5,4250.894856392294,3.4361000432733446,2778.127145573415,5.2576787290940095,False,18.06591010855727
2017-12-29,14656.2001953125,4278.884375040743,3.4252386628635985,2783.195533059214,5.265961381880632,False,18.03717452236416
2017-12-30,12952.2001953125,4305.676121164714,3.008168712840585,2788.271618970669,4.6452433497472505,False,13.973675708240474
2017-12-31,14156.400390625,4336.328383842461,3.2646052460816817,2793.3554126507174,5.067883709503143,False,16.544639744575854
2018-01-01,13657.2001953125,4367.819204288359,3.126777816697118,2798.4469234507856,4.8802784433273105,False,15.259546375900978
2018-01-02,14982.099609375,4399.555767092263,3.405366451185346,2803.546160730792,5.343981782511354,False,18.19821627790983
2018-01-03,15201.0,4429.836105573834,3.431503928751081,2808.653133859154,5.412202673497626,False,18.57199473730421
2018-01-04,15599.2001953125,4462.285351836387,3.495787240251877,2813.767852212793,5.543883154058013,False,19.38023599140333
2018-01-05,17429.5,4495.261172488146,3.877305306902268,2818.8903251771385,6.183106821974258,False,23.973792893984406
2018-01-06,17527.0,4526.838274956082,3.8717972534969873,2824.0205621461328,6.206399569088209,False,24.029920805700613
2018-01-07,16477.599609375,4558.948679779225,3.6143419824969287,2829.1585725222394,5.8242050372895715,False,21.050668780945788
2018-01-08,15170.099609375,4590.730330606696,3.3045068032497933,2834.3043657164435,5.352318471111118,False,17.68677280094622
2018-01-09,14595.400390625,4622.112612973852,3.1577336193966867,2839.457951148261,5.140206561158161,False,16.231403068812558
2018-01-10,14973.2998046875,4656.174930626028,3.2157940858708938,2844.619338245742,5.263727066526038,False,16.927062370172983
2018-01-11,13405.7998046875,4690.198455883122,2.8582585429561123,2849.788536445475,4.704138441587135,False,13.445643887914681
2018-01-12,13980.599609375,4726.996058615547,2.9576076298802056,2854.965555192594,4.896941605459012,False,14.483231855383398
2018-01-13,14360.2001953125,4763.262857320516,3.014782225012575,2860.150403940783,5.020784982330537,False,15.136573320340178
2018-01-14,13772.0,4799.35631883133,2.8695514742180173,2865.3430921522795,4.806405221671124,False,13.79222718953555
2018-01-15,13819.7998046875,4836.664782046973,2.8572994878587976,2870.5436292978816,4.814349332174318,False,13.756037881195024
2018-01-16,11490.5,4873.918096604762,2.3575488492521943,2875.7520248569544,3.9956504944377325,False,9.419941225175638
2018-01-17,11188.599609375,4912.391067633555,2.2776280339514745,2880.9682883174305,3.883624701717723,False,8.84545249397872
2018-01-18,11474.900390625,4950.305094745465,2.318018823285278,2886.192429175819,3.9757918684243,False,9.215960388472073
2018-01-19,11607.400390625,4987.817789773959,2.3271500443385347,2891.4244569372113,4.0144228436527545,False,9.342164298600133
2018-01-20,12899.2001953125,5026.281553144306,2.5663505036328713,2896.664381115281,4.453122108107677,False,11.428272164880811
2018-01-21,11600.099609375,5064.222972671397,2.2905981178107377,2901.912211232296,3.997398530691258,False,9.156433550540804
2018-01-22,10931.400390625,5101.929120443774,2.1426013832340676,2907.1679568191184,3.7601544021507465,False,8.056512023221858
2018-01-23,10868.400390625,5141.939178205927,2.1136773528342454,2912.4316274152116,3.7317272235059216,False,7.887667319279485
2018-01-24,11359.400390625,5182.02348863835,2.1920781361818653,2917.7032325686464,3.8932679183497942,False,8.534347482112867
2018-01-25,11259.400390625,5223.74534970912,2.155426736345785,2922.982781836104,3.8520241927502163,False,8.302755934104606
2018-01-26,11171.400390625,5269.434875206884,2.12003766156924,2928.2702847828837,3.8150168202295243,False,8.087979338406717
2018-01-27,11440.7001953125,5317.114430957223,2.151674624247812,2933.5657509829043,3.899929698688104,False,8.39137976901761
2018-01-28,11786.2998046875,5364.466818267874,2.1971055472933587,2938.869190018714,4.010488062795488,False,8.811465570121763
2018-01-29,11296.400390625,5413.191519748839,2.0868281400006943,2944.1806114814917,3.8368571366077733,False,8.00686144183559
2018-01-30,10106.2998046875,5464.784117728016,1.8493502372586301,2949.500024971055,3.4264450649688256,False,6.33669699385376
2018-01-31,10221.099609375,5525.545593856714,1.8497901131679721,2954.827440095862,3.459118955874933,False,6.39864404484937
2018-02-01,9170.5400390625,5588.718000793017,1.640902267346686,2960.16286647302,3.097984959857641,False,5.0834905448363354
2018-02-02,8830.75,5641.610061209583,1.5652889696716565,2965.506313728289,2.9778220195045946,False,4.661151960775919
2018-02-03,9174.91015625,5693.362949654204,1.6115097943663073,2970.857791496087,3.088303379082184,False,4.976831143365502
2018-02-04,8277.009765625,5745.545511104783,1.4405959798991226,2976.217309419495,2.781050207398805,False,4.006369748676339
2018-02-05,6955.27001953125,5780.607556963524,1.2032074398741506,2981.5848771502615,2.3327425869489105,False,2.8067732359282016
2018-02-06,7754.0,5821.982621939496,1.3318487023269205,2986.9605043488104,2.59594995940211,False,3.457412584735322
2018-02-07,7621.2998046875,5860.305561770991,1.3004952940345205,2992.344200684243,2.546932870538349,False,3.3122742123569555
2018-02-08,8265.58984375,5902.726015406934,1.4003004412157474,2997.735975834344,2.7572774621852685,False,3.8610168468522676
2018-02-09,8736.98046875,5946.344131172067,1.4693028650913076,3003.1358394855897,2.909285805149116,False,4.274621968875068
2018-02-10,8621.900390625,5994.850091334493,1.4382178468629077,3008.543801333148,2.865805173520976,False,4.12165214618992
2018-02-11,8129.97021484375,6044.19016337977,1.3450884229455913,3013.9598710808873,2.6974381088651067,False,3.6282927718467044
2018-02-12,8926.5703125,6092.47707744425,1.465179137981202,3019.384058441381,2.9564209586202606,False,4.331686311660793
2018-02-13,8598.3095703125,6137.289682278091,1.4009945782974524,3024.8163731359114,2.8425889408282967,False,3.9824516944287414
2018-02-14,9494.6298828125,6186.928110679569,1.5346274779600786,3030.2568248944767,3.1332756368408257,False,4.808410888318796
2018-02-15,10166.400390625,6237.934677801995,1.629770255017682,3035.705423455795,3.3489416700556354,False,5.458005519645915
2018-02-16,10233.900390625,6286.970640678608,1.6277951616965662,3041.162178567309,3.3651281285650434,False,5.477739286167198
2018-02-17,11112.7001953125,6342.375072207789,1.7521354490698946,3046.6270999851945,3.6475419638217303,False,6.390987576782073
2018-02-18,10551.7998046875,6397.996404280438,1.6492350320215954,3052.10019747436,3.4572258844644774,False,5.701778042270661
2018-02-19,11225.2998046875,6453.2095177029,1.739490988769769,3057.581480808456,3.6713002989929855,False,6.386193787166056
2018-02-20,11403.7001953125,6507.30197269992,1.752446750305186,3063.070959769881,3.722963112865405,False,6.524294608647058
2018-02-21,10690.400390625,6552.901994825553,1.6313994012220219,3068.568644149782,3.483839415163881,False,5.6835335358520345
2018-02-22,10005.0,6598.561972873352,1.5162394535552586,3074.0745437480646,3.254638056955316,False,4.934810628998076
2018-02-23,10301.099609375,6642.143769452083,1.5508697141954138,3079.5886683733956,3.3449595769606226,False,5.187596503116133
2018-02-24,9813.0703125,6684.433317325739,1.468048201941813,3085.1110278432093,3.180783519275896,False,4.669543526239131
2018-02-25,9664.73046875,6728.444638734164,1.4363988986566507,3090.641631983711,3.1270951535544893,False,4.491756034560218
2018-02-26,10366.7001953125,6773.858840506914,1.5303980256158867,3096.1804906298835,3.3482221810665536,False,5.124112615227571
2018-02-27,10725.599609375,6815.569326328769,1.5736909267347123,3101.727613625494,3.4579437479483395,False,5.441734701305327
2018-02-28,10397.900390625,6853.227287532473,1.5172268413658285,3107.2830108230964,3.346299759116783,False,5.07709581378799
2018-03-01,10951.0,6889.628073298829,1.5894907364363056,3112.846692084037,3.5180017145876064,False,5.59183113610404
2018-03-02,11086.400390625,6923.257142209716,1.6013272601177024,3118.4186672784604,3.5551353341212653,False,5.692935123936039
2018-03-03,11489.7001953125,6959.899450944226,1.6508428428163184,3123.998946285316,3.677882224952307,False,6.071605547783872
2018-03-04,11512.599609375,6994.371048773815,1.6459806791910585,3129.5875389923617,3.6786315979139315,False,6.054956536028062
2018-03-05,11573.2998046875,7029.884051245506,1.6463002405618656,3135.1844552961666,3.6914254869875665,False,6.077194667243833
2018-03-06,10779.900390625,7066.541568035695,1.5254846075463642,3140.789705102123,3.432226096867727,False,5.235808080390654
2018-03-07,9965.5703125,7101.1933258790095,1.4033655831030947,3146.403298324445,3.1672895581462703,False,4.4448651576242835
2018-03-08,9395.009765625,7136.209983204865,1.3165265298717723,3152.0252448861766,2.9806264340259956,False,3.924073776032319
2018-03-09,9337.5498046875,7172.75618404405,1.3018077800356689,3157.6555547191974,2.9571147463288994,False,3.8495949832291645
2018-03-10,8866.0,7206.635028357581,1.2302551697308022,3163.2942377642253,2.802774365455922,False,3.4481276526911167
2018-03-11,9578.6298828125,7242.25012579543,1.3226041239165929,3168.9413039708256,3.022659293439751,False,3.99778164669823
2018-03-12,9205.1201171875,7274.403204714677,1.2654124136563518,3174.596763297413,2.899618692871803,False,3.669213488829984
2018-03-13,9194.849609375,7306.290595708869,1.2584839719864578,3180.2606257112575,2.8912251829419153,False,3.6385605521360147
2018-03-14,8269.8095703125,7335.456050643643,1.1273749734465213,3185.9329011884906,2.5957262211101506,False,2.926356779598495
2018-03-15,8300.8603515625,7364.54463680604,1.1271383039865088,3191.61359971411,2.600834998417745,False,2.9315007490653313
2018-03-16,8338.349609375,7394.0160244045965,1.1277159235053789,3197.302731281985,2.6079324700140827,False,2.941006973861595
2018-03-17,7916.8798828125,7419.271360287831,1.0670697294060645,3203.0003058948605,2.471707501320599,False,2.6374842546051114
2018-03-18,8223.6796875,7446.187858591381,1.1044147480125084,3208.7063335643643,2.562926872265308,False,2.8305342358073764
2018-03-19,8630.650390625,7473.1057025876,1.1548947297288454,3214.4208243110115,2.6849783716402222,False,3.10086737084323
2018-03-20,8913.4697265625,7498.947402379558,1.1886294500124226,3220.143788164208,2.7680346943898537,False,3.290167556407916
2018-03-21,8929.2802734375,7528.9861430000565,1.1859870776544519,3225.8752351622607,2.76801786259671,False,3.2828334157563943
2018-03-22,8728.4697265625,7558.473399031399,1.154792676478961,3231.6151753523736,2.7009619812206607,False,3.1190511153617244
2018-03-23,8879.6201171875,7593.898774052269,1.1693097816273816,3237.3636187906654,2.7428553486075593,False,3.2072475887158007
2018-03-24,8668.1201171875,7626.657916471924,1.1365555151577265,3243.120575542163,2.6727714604747383,False,3.037753144158735
2018-03-25,8495.7802734375,7655.8000342645755,1.1097181529576894,3248.8860556808145,2.6149825287292763,False,2.90189358179808
2018-03-26,8209.400390625,7683.914815736035,1.0683877408183668,3254.6600692894913,2.5223526315659606,False,2.694850629586019
2018-03-27,7833.0400390625,7716.172400167892,1.0151458045302442,3260.4426264599933,2.4024468259290237,False,2.43883381594885
2018-03-28,7954.47998046875,7749.3323278378975,1.0264729455328558,3266.233737293056,2.435367649793843,False,2.4998390049393144
2018-03-29,7165.7001953125,7780.3805847933245,0.9209961025965476,3272.0334118983533,2.189983809228628,False,2.0169665530491074
2018-03-30,6890.52001953125,7809.297251037684,0.8823482828260445,3277.8416603945047,2.1021515782131894,False,1.8548298352764672
2018-03-31,6973.52978515625,7839.504887824924,0.8895370160412083,3283.6584929090786,2.1237073831567113,False,1.889116328557904
2018-04-01,6844.22998046875,7873.903016464927,0.8692296522013222,3289.483919578601,2.080639440044908,False,1.8085534968265893
2018-04-02,7083.7998046875,7928.777821799146,0.8934289702520748,3295.3179505485564,2.1496559394240826,False,1.9205648923559147
2018-04-03,7456.10986328125,7973.281785004316,0.9351368814412488,3301.160595973396,2.258632879713841,False,2.1121309074562684
2018-04-04,6853.83984375,8014.80533294169,0.8551473877450273,3307.0118660165435,2.0725174633273338,False,1.77230789482032
2018-04-05,6811.47021484375,8057.522687689532,0.8453553876119356,3312.8717708503955,2.0560621376224546,False,1.738103205304055
2018-04-06,6636.31982421875,8088.579502009846,0.8204555351863403,3318.7403206563336,1.9996502235843245,False,1.640624094376362
2018-04-07,6911.08984375,8124.751852395001,0.8506216521200903,3324.6175256247257,2.0787623810806157,False,1.7682402909598862
2018-04-08,7023.52001953125,8162.433901542496,0.8604688386149112,3330.503395954932,2.108846376815492,False,1.8145965926756897
2018-04-09,6770.72998046875,8205.199945669734,0.8251755015478909,3336.3979418553076,2.0293532421686113,False,1.6745725794243222
2018-04-10,6834.759765625,8248.895977713975,0.8285666086819928,3342.3011735432146,2.044926357842069,False,1.6943576973216226
2018-04-11,6968.31982421875,8289.98700726397,0.8405706568795428,3348.213101245019,2.0812055904170523,False,1.7494003502382385
2018-04-12,7889.25,8340.034776853998,0.9459492929088191,3354.133735196104,2.3520976272398824,False,2.224965087340078
2018-04-13,7895.9599609375,8384.81091327298,0.9416980350073679,3360.0630856408693,2.349943962266855,False,2.2129376116441257
2018-04-14,7986.240234375,8431.363412778559,0.9472062634936443,3366.0011628327384,2.3726195708304476,False,2.2473601183782024
2018-04-15,8329.1103515625,8473.51366684674,0.98295827197999,3371.947977034165,2.470118284235353,False,2.4280232002581603
2018-04-16,8058.669921875,8515.162922829382,0.9463905734873831,3377.9035385166353,2.3857016134373885,False,2.2578055181107852
2018-04-17,7902.08984375,8556.569064006051,0.9235114897851786,3383.8678575606777,2.335224121147084,False,2.156606307102828
2018-04-18,8163.419921875,8596.283292928065,0.9496452878176816,3389.8409444558633,2.408201463029231,False,2.2869371714813562
2018-04-19,8294.3095703125,8635.81954602297,0.9604542482748212,3395.8228095008167,2.4425036392083594,False,2.3459129967043797
2018-04-20,8845.830078125,8678.442806172994,1.019287708139638,3401.813463003214,2.6003277882014313,False,2.650482151647651
2018-04-21,8895.580078125,8723.5646117689,1.0197184836716904,3407.812915279795,2.610348719038949,False,2.661820837632736
2018-04-22,8802.4599609375,8770.556527246805,1.003637560922341,3413.8211766563654,2.5784771683790964,False,2.5878565361659405
2018-04-23,8930.8798828125,8816.589184576447,1.0129631420772094,3419.838257467801,2.611491892433918,False,2.6453450328690193
2018-04-24,9697.5,8865.70479789581,1.0938216668686744,3425.8641680580563,2.830672649084335,False,3.0962510753809935
2018-04-25,8845.740234375,8910.275631101907,0.9927571941207248,3431.898918780166,2.5775060523982827,False,2.558837676408105
2018-04-26,9281.509765625,8953.818526189578,1.0365979317625142,3437.942519996254,2.699728023851636,False,2.7985324858459055
2018-04-27,8987.0498046875,8993.39006738378,0.9992950085953378,3443.994982077534,2.609484000835044,False,2.607644337043852
2018-04-28,9348.48046875,9034.890166637044,1.0347088117651884,3450.056315404322,2.709660253083267,False,2.8037093407551468
2018-04-29,9419.080078125,9076.311292260201,1.0377652082247437,3456.1265303660325,2.7253284841766026,False,2.828251081862357
2018-04-30,9240.5498046875,9107.463215518235,1.014612915366213,3462.205637361193,2.6689777478758936,False,2.7079792938199096
2018-05-01,9119.009765625,9135.509365748108,0.9981939047443845,3468.293646797441,2.6292496236716656,False,2.6245009484005233
2018-05-02,9235.919921875,9161.958726855983,1.0080726400570021,3474.390569091536,2.658284881394309,False,2.6797442584107762
2018-05-03,9743.8603515625,9192.904567794823,1.0599327209049707,3480.49641466936,2.7995605197278004,False,2.9673457990132213
2018-05-04,9700.759765625,9223.246013001231,1.0517728521987442,3486.6111939659263,2.782288940738083,False,2.926335974841116
2018-05-05,9858.150390625,9256.095588291993,1.0650441427046782,3492.7349174253827,2.8224731116702633,False,3.006058455525861
2018-05-06,9654.7998046875,9288.462287882432,1.0394400607389003,3498.867595501017,2.759407019888956,False,2.8682382003567244
2018-05-07,9373.009765625,9318.100508737554,1.005892752158657,3505.0092386552637,2.67417548069604,False,2.6899337340325387
2018-05-08,9234.8203125,9343.376238581208,0.988381509712415,3511.159857359708,2.6301338269013823,False,2.59957564257848
2018-05-09,9325.1796875,9369.006071569067,0.9953221949335628,3517.319462095091,2.651217720765534,False,2.6388158410791087
2018-05-10,9043.9404296875,9393.587675607001,0.9627780930998862,3523.4880633513158,2.566757788611744,False,2.4712181691688953
2018-05-11,8441.490234375,9415.771496760357,0.8965266666974051,3529.6656716274515,2.391583515183979,False,2.1441183969963555
2018-05-12,8504.8896484375,9443.943029916842,0.900565539361623,3535.8522974317425,2.4053294462031136,False,2.1661568100623008
2018-05-13,8723.9404296875,9470.444394194974,0.9211754028179445,3542.0479512816078,2.462965083951205,False,2.268822853335284
2018-05-14,8716.7900390625,9495.007360430483,0.9180393135226911,3548.252643703651,2.4566430055453865,False,2.255294858381207
2018-05-15,8510.3798828125,9520.08239466379,0.8939397297215358,3554.466385233662,2.3942777791252197,False,2.1403400307494778
2018-05-16,8368.830078125,9544.765778311708,0.8767978463275912,3560.689186416628,2.3503399594804684,False,2.0607730146101524
2018-05-17,8094.31982421875,9562.544000300924,0.8464609233655844,3566.921057806732,2.2692736096592716,False,1.92085143500134
2018-05-18,8250.9697265625,9581.748863166966,0.8611131270910167,3573.1620099673614,2.3091507475861324,False,1.9884400211784534
2018-05-19,8247.1796875,9597.079979133687,0.8593426026907468,3579.412053471116,2.3040598747222583,False,1.9799768094991415
2018-05-20,8513.25,9611.056468084565,0.8857767122969206,3585.671198899807,2.3742416768754824,False,2.1030479867410925
2018-05-21,8418.990234375,9621.456732398907,0.8750224075763112,3591.9394568444695,2.343856386090402,False,2.0509268579699356
2018-05-22,8041.77978515625,9628.121367676506,0.8352387218709233,3598.2168379053605,2.234934732237436,False,1.8667040292189303
2018-05-23,7557.81982421875,9629.599698486605,0.7848529597140516,3604.503352691971,2.096771478537897,False,1.6456573007744761
2018-05-24,7587.33984375,9631.084267245504,0.78779705723829,3610.7990118230264,2.101291104519077,False,1.655390948541125
2018-05-25,7480.14013671875,9635.12409152852,0.7763408198650504,3617.1038259264947,2.067991547022504,False,1.6054662530894446
2018-05-26,7355.8798828125,9636.99253534469,0.7632962104965871,3623.4178056395917,2.0300943135410985,False,1.5495632964765909
2018-05-27,7368.22021484375,9636.219832994724,0.7646380367553186,3629.740961608783,2.0299575900253743,False,1.5521827863335602
2018-05-28,7135.990234375,9636.150706751061,0.7405436518728941,3636.0733044897947,1.9625540072482959,False,1.4533569115254352
2018-05-29,7472.58984375,9644.178907935133,0.7748290357410965,3642.4148449476147,2.051548261756953,False,1.5895991614334626
2018-05-30,7406.52001953125,9654.549467755562,0.7671533554484007,3648.765593656499,2.0298700558917058,False,1.5572216245015547
2018-05-31,7494.169921875,9670.715016596527,0.7749344189146077,3655.125561299977,2.0503180523324165,False,1.5888620284743513
2018-06-01,7541.4501953125,9680.00624315258,0.7790749309327308,3661.4947585708596,2.059664342727627,False,1.6046328555551344
2018-06-02,7643.4501953125,9689.323562639991,0.7888528178359167,3667.8731961712388,2.083891614162459,False,1.6438837718966925
2018-06-03,7720.25,9692.688475762627,0.7965024378226049,3674.260884812499,2.101170886343845,False,1.6735877332547562
2018-06-04,7514.47021484375,9689.852513073325,0.7754989257788393,3680.6578352153183,2.041610644420077,False,1.5832668616064134
2018-06-05,7633.759765625,9689.252397048318,0.7878584902949279,3687.064058109676,2.070416907684202,False,1.6311955391691684
2018-06-06,7653.97998046875,9688.180506239793,0.790032759560901,3693.4795642348577,2.0722952022219596,False,1.6371810972362302
2018-06-07,7678.240234375,9685.45661095592,0.7927597575203205,3699.9043643394593,2.0752537034145178,False,1.64517762271204
2018-06-08,7624.919921875,9681.139982206878,0.7876055852811716,3706.3384691813935,2.057264868083969,False,1.620313300505667
2018-06-09,7531.97998046875,9676.984702932474,0.778339556348197,3712.781889527895,2.028662120366702,False,1.5789879747466116
2018-06-10,6786.02001953125,9664.732028682389,0.7021425942687416,3719.234636155528,1.824574323319858,False,1.2811113488119388
2018-06-11,6906.919921875,9655.22079354362,0.7153559788600184,3725.6967198501848,1.8538599465371235,False,1.3261697967244455
2018-06-12,6582.35986328125,9640.902789655725,0.6827534730817781,3732.1681514070992,1.7636825556210733,False,1.204160390264034
2018-06-13,6349.89990234375,9620.623112001478,0.6600300030901756,3738.648941630848,1.6984477551866208,False,1.121026477104327
2018-06-14,6675.35009765625,9600.93506459176,0.6952812463314053,3745.139101335358,1.7824037818184384,False,1.239271922888534
2018-06-15,6456.580078125,9576.555845798606,0.6742069050803488,3751.638641343907,1.721002659203908,False,1.160311876496917
2018-06-16,6550.16015625,9552.198868658375,0.6857227583212977,3758.147572489133,1.7429225515781526,False,1.195161659608565
2018-06-17,6499.27001953125,9528.1995154791,0.6821089345340448,3764.665905613043,1.7263869311327111,False,1.1775839501884329
2018-06-18,6734.81982421875,9505.211322757716,0.7085397257916828,3771.1936515670095,1.7858589206683386,False,1.2653519899529753
2018-06-19,6769.93994140625,9479.710867925874,0.7141504667945097,3777.7308212117837,1.792065200461968,False,1.279804199436111
2018-06-20,6776.5498046875,9454.04726421418,0.7167882299825552,3784.277425417495,1.7907116849235456,False,1.2835610590454274
2018-06-21,6729.740234375,9427.185022490665,0.7138652968324791,3790.8334750636636,1.7752666474651673,False,1.2673012522495217
2018-06-22,6083.68994140625,9392.391715447662,0.6477253212725794,3797.398981039197,1.6020676183310572,False,1.0376997627838802
2018-06-23,6162.47998046875,9357.956550380295,0.6585283814144569,3803.9739542424036,1.6200110869833926,False,1.0668232789846486
2018-06-24,6173.22998046875,9317.838535872277,0.6625173806889595,3810.5584055809923,1.6200328989649808,False,1.073299952852221
2018-06-25,6249.18017578125,9272.842468220071,0.6739228232549479,3817.1523459720797,1.637131455435748,False,1.1033002524867412
2018-06-26,6093.669921875,9228.449902885992,0.6603134855799933,3823.7557863421976,1.593634704297944,False,1.0522984863362173
2018-06-27,6157.1298828125,9187.527897309548,0.6701617618614838,3830.368737627296,1.6074509543502866,False,1.0772521636733117
2018-06-28,5903.43994140625,9143.554417471807,0.6456395042748103,3836.991210772748,1.5385596727018123,False,0.9933549043804125
2018-06-29,6218.2998046875,9101.208151486484,0.6832389394007955,3843.6232167333583,1.6178224175605709,False,1.1053592727129153
2018-06-30,6404.0,9060.500223783218,0.7068042427933416,3850.2647664733645,1.6632622399798547,False,1.1756008080957185
2018-07-01,6385.81982421875,9021.408055046006,0.7078517882412964,3856.915870966446,1.6556803513110137,False,1.1719762974314787
2018-07-02,6614.18017578125,8984.602179184498,0.7361683960927023,3863.5765411957273,1.711931963882938,False,1.2602702080715324
2018-07-03,6529.58984375,8945.751861426837,0.729909564326831,3870.2467881537846,1.6871249305692975,False,1.231448623036771
2018-07-04,6597.5498046875,8905.804756161195,0.7408145569464901,3876.9266228426504,1.7017474011024813,False,1.2606792469825758
2018-07-05,6639.14013671875,8866.96166607194,0.7487502920106663,3883.6160562738187,1.7095253600039835,False,1.280007612502622
2018-07-06,6673.5,8828.786505936114,0.7558796438800522,3890.315099468253,1.715413746540008,False,1.2966463318416075
2018-07-07,6856.93017578125,8794.00963064796,0.7797273898682343,3897.023763456387,1.7595299880079853,False,1.371953724944352
2018-07-08,6773.8798828125,8760.315367833397,0.7732461216733363,3903.742059278134,1.7352273228997874,False,1.3417577976538666
2018-07-09,6741.75,8727.801510319217,0.7724453852472433,3910.46999798289,1.7240255016602988,False,1.3317155428060614
2018-07-10,6329.9501953125,8695.289167875231,0.7279746622686819,3917.207590629542,1.6159343228208136,False,1.176359242903853
2018-07-11,6394.7099609375,8662.0177334634,0.7382471564602366,3923.9548482864698,1.6296594145903516,False,1.203091428819981
2018-07-12,6228.81005859375,8628.855943503953,0.7218581581817893,3930.7117820315534,1.5846519419377132,False,1.1438939321663535
2018-07-13,6238.0498046875,8595.844301501596,0.7257053043175506,3937.4784029521775,1.5842753067573496,False,1.1497169936131233
2018-07-14,6276.1201171875,8560.07597388957,0.7331850951243047,3944.2547221452405,1.5912055785722636,False,1.1666482134878295
2018-07-15,6359.64013671875,8525.736861896006,0.7459343678716884,3951.040750717152,1.609611375322923,False,1.2006644437705836
2018-07-16,6741.75,8496.80849784726,0.7934449742757037,3957.8364997838476,1.7033927501472566,False,1.3515484168220102
2018-07-17,7321.0400390625,8472.202691482553,0.8641247507478352,3964.6419804707875,1.8465828882216375,False,1.5956779780197403
2018-07-18,7370.77978515625,8451.272355920388,0.8721503076389181,3971.4572039129653,1.8559383638564775,False,1.6186572149962972
2018-07-19,7466.85986328125,8428.732050262075,0.8858817457661479,3978.2821812549123,1.8769055393968805,False,1.6627163558790619
2018-07-20,7354.1298828125,8406.498614583406,0.8748148569316028,3985.1169236507026,1.8453987734130264,False,1.614382263945072
2018-07-21,7419.2900390625,8382.526396740463,0.8850899702442314,3991.961442263959,1.858557540288967,False,1.6449906380315538
2018-07-22,7418.490234375,8358.349672555032,0.8875544246173264,3998.8157482678585,1.855171806199978,False,1.6465659450181076
2018-07-23,7711.10986328125,8335.505515546516,0.9250920473748463,4005.679852845139,1.9250439741968475,False,1.7808428713763724
2018-07-24,8424.26953125,8314.253366530966,1.0132322362416695,4012.5537671881025,2.0994782923877224,False,2.1272590851368536
2018-07-25,8181.39013671875,8291.787953668187,0.9866858851714125,4019.437502498619,2.0354564865439304,False,2.0083561851534912
2018-07-26,7951.580078125,8269.478176239989,0.9615576592210644,4026.3310699881386,1.9748947465833764,False,1.8989751697326887
2018-07-27,8165.009765625,8250.1860355604,0.9896758364516547,4033.2344808776897,2.0244322030709645,False,2.003531633913923
2018-07-28,8192.150390625,8232.000518088078,0.9951591199034164,4040.147746397889,2.027685843402373,False,2.017870059360922
2018-07-29,8218.4599609375,8213.443518387414,1.0006107599740421,4047.0708777889445,2.030718069713553,False,2.031958351029098
2018-07-30,8180.47998046875,8197.403201718284,0.9979355387513468,4054.0038863006625,2.017876699159644,False,2.013710870909669
2018-07-31,7780.43994140625,8178.296660197761,0.9513521292608759,4060.9467831924517,1.9159177297294636,False,1.8227124116667885
2018-08-01,7624.91015625,8157.777207076509,0.9346798720656075,4067.8995797333296,1.8744096324889734,False,1.751972955493336
2018-08-02,7567.14990234375,8138.013782152986,0.9298521856695346,4074.8622872019278,1.8570320587545204,False,1.7267653186912864
2018-08-03,7434.39013671875,8117.485546946808,0.9158488911033555,4081.834916886497,1.821335327884716,False,1.6680679403705836
2018-08-04,7032.85009765625,8099.352220379064,0.8683225406546278,4088.817480084914,1.7200205516413014,False,1.4935326153793493
2018-08-05,7068.47998046875,8082.300690321878,0.8745628567040169,4095.809988104684,1.725783178662459,False,1.5093058667827788
2018-08-06,6951.7998046875,8063.823493471483,0.8620972185608622,4102.812452262949,1.6943986315662962,False,1.460736347406635
2018-08-07,6753.1201171875,8043.739299289074,0.8395498493821596,4109.824883886493,1.6431649298890203,False,1.3795188693983738
2018-08-08,6305.7998046875,8017.600904513749,0.7864945985447418,4116.847294311744,1.531706024996418,False,1.20467851521812
2018-08-09,6568.22998046875,7996.4304630290135,0.8213952476466272,4123.879694884786,1.592730745423032,False,1.3082614650711484
2018-08-10,6184.7099609375,7974.046308666092,0.7756049716209995,4130.922096961357,1.4971741939861025,False,1.1612157482382839
2018-08-11,6295.72998046875,7952.856351799344,0.7916312959738463,4137.97451190686,1.5214520926489596,False,1.2044290918658165
2018-08-12,6322.68994140625,7930.740860380987,0.7972382470586125,4145.036951096367,1.5253639511546189,False,1.2160784825449074
2018-08-13,6297.56982421875,7908.795244605917,0.7962742275460879,4152.109425914623,1.5167157649828862,False,1.2077216741687216
2018-08-14,6199.7099609375,7886.40882129673,0.7861258655771928,4159.191947756052,1.4906044344220128,False,1.1718027012432066
2018-08-15,6308.52001953125,7864.357513899606,0.8021659758450018,4166.284528024764,1.5141836754298967,False,1.2146266256097946
2018-08-16,6334.72998046875,7841.842751439978,0.8078114011283278,4173.387178134559,1.5178869608978574,False,1.2261663926373174
2018-08-17,6580.6298828125,7822.3859032393175,0.8412561032162073,4180.499909508932,1.5741251106941183,False,1.324242356597315
2018-08-18,6423.759765625,7805.069725385146,0.8230240076821371,4187.622733581082,1.5339872224190707,False,1.2625083115285334
2018-08-19,6506.06982421875,7788.0902711145845,0.8353870586669048,4194.755661793913,1.551000904170993,False,1.2956860833251156
2018-08-20,6308.52978515625,7773.116049756237,0.8115831212058238,4201.898705600038,1.5013521808006987,False,1.2184720889234013
2018-08-21,6488.759765625,7760.787932213096,0.8360954869919556,4209.051876461794,1.5416202879113885,False,1.2889417653779511
2018-08-22,6376.7099609375,7746.411316231211,0.8231824648371372,4216.215185851238,1.51242516803612,False,1.2450018777056946
2018-08-23,6534.8798828125,7736.759720552806,0.844653332770889,4223.388645250155,1.5473072529476941,False,1.306938228022839
2018-08-24,6719.9599609375,7735.253240236455,0.8687446619048352,4230.572266150067,1.5884281222910872,False,1.3799384520599027
2018-08-25,6763.18994140625,7729.604977814003,0.8749722606547659,4237.766060052231,1.595932820634014,False,1.39639694792328
2018-08-26,6707.259765625,7724.267013944352,0.868336083348312,4244.970038467655,1.5800487882939638,False,1.3720133763264268
2018-08-27,6884.64013671875,7717.034313459816,0.8921354832789548,4252.184212917094,1.6190832268754727,False,1.4444415970773994
2018-08-28,7096.27978515625,7709.1626791497165,0.9204994213377964,4259.408594931059,1.6660246668049716,False,1.5335747417284715
2018-08-29,7047.16015625,7701.468849631081,0.9150410517582729,4266.643196049826,1.6516872474301232,False,1.5113616360641866
2018-08-30,6978.22998046875,7695.452984899968,0.9067991181495677,4273.888027823432,1.632759196085575,False,1.4805845991609965
2018-08-31,7037.580078125,7686.559787423226,0.9155695490250282,4281.143101811692,1.6438553701105765,False,1.5050639198745113
2018-09-01,7193.25,7679.854590810869,0.9366388275901599,4288.4084295841985,1.6773705485644363,False,1.571090384041657
2018-09-02,7272.72021484375,7670.377147432474,0.9481567952989335,4295.684022720326,1.693029602824036,False,1.605257522559864
2018-09-03,7260.06005859375,7658.8110426327175,0.94793565452662,4302.969892809237,1.6872207427540116,False,1.599376699113414
2018-09-04,7361.66015625,7647.645934247542,0.9626047308601401,4310.266051449892,1.7079363706037767,False,1.6440676303512929
2018-09-05,6792.830078125,7630.947468047988,0.8901686332618169,4317.57251025105,1.5732984360996924,False,1.4005009185758173
2018-09-06,6529.169921875,7613.985116763247,0.8575233365639401,4324.889280831273,1.50967331136395,False,1.2945800950823465
2018-09-07,6467.06982421875,7595.033265541774,0.8514867016527066,4332.21637481894,1.4927855085467734,False,1.2710870089474502
2018-09-08,6225.97998046875,7574.057715270238,0.8220138021811484,4339.553803852241,1.4347051014650216,False,1.1793473954639526
2018-09-09,6300.85986328125,7555.411871976176,0.8339531940875132,4346.90157957919,1.4495059867196756,False,1.208820147473846
2018-09-10,6329.7001953125,7538.883589591699,0.8396071009839419,4354.259713657631,1.453679985017585,False,1.2205200379789947
2018-09-11,6321.2001953125,7521.554584963792,0.8404113968605773,4361.628217755237,1.4492753347431755,False,1.2179875085070928
2018-09-12,6351.7998046875,7505.8793872625165,0.8462432550497027,4369.007103549522,1.453831420765394,False,1.2302950338020409
2018-09-13,6517.31005859375,7491.830040584016,0.8699223051362363,4376.396382727845,1.48919555923119,False,1.2954844336850433
2018-09-14,6512.7099609375,7475.844529897582,0.8711671216397973,4383.796066987413,1.4856325115080222,False,1.2942341988649466
2018-09-15,6543.2001953125,7459.2280942740845,0.8771953495208501,4391.206168035287,1.4900690026676788,False,1.3070815996052592
2018-09-16,6517.18017578125,7443.330253865013,0.875573157915054,4398.626697588393,1.481639753460866,False,1.2972839978302124
2018-09-17,6281.2001953125,7424.571217787899,0.8460017435436415,4406.0576673735195,1.4255828383328368,False,1.2060455667954733
2018-09-18,6371.2998046875,7406.218083640772,0.8602635964448235,4413.499089127327,1.4435937735623923,False,1.2418711714501378
2018-09-19,6398.5400390625,7387.273813945223,0.8661571508265669,4420.950974596356,1.4473220978540036,False,1.2536083846055532
2018-09-20,6519.669921875,7369.167540617876,0.884722716092346,4428.413335537027,1.4722360872586366,False,1.302520709848629
2018-09-21,6734.9501953125,7352.35163123292,0.9160266718885305,4435.886183715648,1.5182874213582906,False,1.3907917735570539
2018-09-22,6721.97998046875,7337.246623467087,0.9161447509436988,4443.369530908425,1.5128113774265528,False,1.3859542025972431
2018-09-23,6710.6298828125,7324.168691899709,0.9162309287379244,4450.86338890146,1.5077141885652852,False,1.3814143712605174
2018-09-24,6595.41015625,7312.070357505066,0.9019894275881126,4458.367769490761,1.4793329077478357,False,1.3343426426717284
2018-09-25,6446.47021484375,7299.253134901167,0.8831684688423997,4465.882684482245,1.4434929599121624,False,1.274847467190408
2018-09-26,6495.0,7288.300984469366,0.8911541954483205,4473.408145691748,1.4519131249526622,False,1.2938784727280466
2018-09-27,6676.75,7276.269588801244,0.9176061879669835,4480.944164945025,1.4900319562633773,False,1.3672625433358245
2018-09-28,6644.1298828125,7265.2016485141085,0.9145141737630048,4488.4907540777585,1.4802592334130042,False,1.3537180497997525
2018-09-29,6601.9599609375,7253.946310773587,0.9101197717899077,4496.047924935563,1.4683918123564306,False,1.3364124211600035
2018-09-30,6625.56005859375,7246.059600979001,0.9143673145744735,4503.615689373993,1.4711646187365313,False,1.3451848417311012
2018-10-01,6589.6201171875,7237.8559091929465,0.9104381463048872,4511.194059258544,1.4607263688121108,False,1.329901007479967
2018-10-02,6556.10009765625,7229.326467530547,0.9068756442390596,4518.783046464665,1.4508552480264592,False,1.3157452877516158
2018-10-03,6502.58984375,7222.15459292538,0.9003670248376786,4526.382662877753,1.4365974616065331,False,1.2934649823960354
2018-10-04,6576.68994140625,7214.22148070702,0.9116285047519376,4533.9929203931715,1.4505293803669952,False,1.3223439301227184
2018-10-05,6622.47998046875,7205.0901246386875,0.9191390899917226,4541.613830916247,1.4581776934417823,False,1.3402681181963088
2018-10-06,6588.31005859375,7194.8274216392165,0.9157009157410364,4549.245406362278,1.4482204124182374,False,1.3261367578462413
2018-10-07,6602.9501953125,7184.629501131844,0.9190383713276087,4556.887658656539,1.4490043841149203,False,1.331690629223541
2018-10-08,6652.22998046875,7175.41242053623,0.9270867778177995,4564.540599734288,1.4573711932491062,False,1.3511095636337955
2018-10-09,6642.64013671875,7165.662519478682,0.9270099057361156,4572.204241540771,1.4528310166827259,False,1.3467887438255588
2018-10-10,6585.52978515625,7156.308384967441,0.9202411957245763,4579.878596031226,1.4379267151018056,False,1.3232393996695977
2018-10-11,6256.240234375,7145.535402092681,0.8755453415768906,4587.563675170893,1.3637391603380735,False,1.1940154689599805
2018-10-12,6274.580078125,7135.959015700968,0.8792903748913482,4595.259490935013,1.365446301890623,False,1.200623790683411
2018-10-13,6285.990234375,7127.968250771566,0.8818768565214321,4602.966055308841,1.365639059433219,False,1.2043254808758523
2018-10-14,6290.93017578125,7119.533030658298,0.883615561398634,4610.6833802876445,1.3644246756733014,False,1.2056268757812132
2018-10-15,6596.5400390625,7116.482702492169,0.9269382523409231,4618.411477876714,1.428313624860299,False,1.3239585352227343
2018-10-16,6596.10986328125,7114.84281663373,0.9270914387399061,4626.150360091368,1.4258312743537749,False,1.3218759675409948
2018-10-17,6544.43017578125,7112.463846407805,0.920135457572351,4633.9000389569555,1.4122942059091839,False,1.299501975381027
2018-10-18,6476.7099609375,7110.36739850064,0.9108826025365779,4641.660526508864,1.395343309565302,False,1.2709939452488443
2018-10-19,6465.41015625,7106.955897387736,0.9097298828921191,4649.431834792525,1.3905806958751792,False,1.2650528136105683
2018-10-20,6489.18994140625,7101.912575705792,0.9137242781056554,4657.213975863418,1.3933630653513605,False,1.273149661027255
2018-10-21,6482.35009765625,7099.804568375106,0.9130321877493355,4665.0069617870795,1.3895692226733525,False,1.2687214274065945
2018-10-22,6487.16015625,7097.955237622307,0.9139477411558159,4672.810804639105,1.388277939652432,False,1.2688134870417904
2018-10-23,6475.740234375,7097.014101276335,0.912459823520767,4680.625516505157,1.3835202606018748,False,1.2624066528261924
2018-10-24,6495.83984375,7094.6854384482995,0.9155923684152408,4688.451109480966,1.3854980444637974,False,1.268551435965293
2018-10-25,6476.2900390625,7091.658944863098,0.9132263817838637,4696.287595672344,1.379023304499162,False,1.259360462763397
2018-10-26,6474.75,7089.961617673925,0.9132277929205823,4704.134987195181,1.3763954515813206,False,1.2569625804335376
2018-10-27,6480.3798828125,7087.951229365726,0.9142811050905615,4711.993296175461,1.3752948010499864,False,1.2574060505292854
2018-10-28,6486.39013671875,7085.27391167442,0.9154748592049649,4719.862534749257,1.3742752228404338,False,1.2581144161387179
2018-10-29,6332.6298828125,7077.461825979155,0.8947600196962406,4727.742715062743,1.3394616129673331,False,1.1984966992010093
2018-10-30,6334.27001953125,7069.650248014939,0.8959806775886581,4735.633849272197,1.337575965782224,False,1.1984422201478606
2018-10-31,6317.60986328125,7061.395127505239,0.8946687940847795,4743.53594954401,1.3318355611679413,False,1.1915517154293476
2018-11-01,6377.77978515625,7052.248713614676,0.904361154030723,4751.449028054686,1.3422810068042355,False,1.2139068003469993
2018-11-02,6388.43994140625,7044.190351136948,0.9069090446108035,4759.373096990854,1.3422860135603543,False,1.2173313261524648
2018-11-03,6361.259765625,7036.593507202025,0.904025471858533,4767.308168549267,1.3343504427910282,False,1.2062867886688018
2018-11-04,6376.1298828125,7028.102947406718,0.9072334213836768,4775.254254936813,1.3352440608205627,False,1.2113780376804733
2018-11-05,6419.66015625,7019.418602912347,0.9145572474601376,4783.211368370517,1.3421234526035521,False,1.227448730564801
2018-11-06,6461.009765625,7009.153734077912,0.9217959843300507,4791.179521077551,1.3485217444267041,False,1.2430619287942908
2018-11-07,6530.14013671875,6999.165309564022,0.9329884133177463,4799.158725295233,1.3606843429245052,False,1.2695027261314342
2018-11-08,6453.72021484375,6989.052885180256,0.923404117964018,4807.148993271037,1.3425255226907995,False,1.23969359612448
2018-11-09,6385.6201171875,6978.169484211712,0.9150852715221562,4815.150337262601,1.3261517647271852,False,1.213541947704963
2018-11-10,6409.22021484375,6965.312003746834,0.9201626878158585,4823.162769537726,1.3288417830978654,False,1.2227506268173498
2018-11-11,6411.27001953125,6954.91451183981,0.9218330446214575,4831.186302374386,1.3270591565430419,False,1.2233269826688558
2018-11-12,6371.27001953125,6943.0323593835965,0.9176494778856097,4839.2209480607335,1.3165900230458518,False,1.2081681472374288
2018-11-13,6359.490234375,6931.968951602195,0.9174147026300691,4847.266718895104,1.3119744802952777,False,1.2036246776983317
2018-11-14,5738.35009765625,6915.837768167917,0.8297404146853496,4855.3236271860205,1.1818676855083297,False,0.9806433834768958
2018-11-15,5648.02978515625,6898.927393395413,0.8186823056817947,4863.3916852522025,1.1613355762159547,False,0.9507648872067734
2018-11-16,5575.5498046875,6882.040208766244,0.8101594346376304,4871.470905422569,1.144531069349342,False,0.9272526440692654
2018-11-17,5554.330078125,6865.413929061876,0.8090306186219963,4879.561300036243,1.138284722047399,False,0.9209071928459744
2018-11-18,5623.5400390625,6849.0619136453815,0.8210671928455961,4887.662881442562,1.150558083785588,False,0.9446854960596409
2018-11-19,4871.490234375,6825.070511931532,0.713764088716549,4895.775662001078,0.9950395137966449,True,0.7102234718020202
2018-11-20,4451.8701171875,6796.879806451526,0.654987324178049,4903.899654081565,0.9078224334142244,True,0.5946121864907878
2018-11-21,4602.169921875,6770.224827782276,0.6797661878213479,4912.034870064029,0.9369171928974946,True,0.6368846285202084
2018-11-22,4365.93994140625,6741.591189231174,0.6476126805761047,4920.181322338704,0.8873534643091147,True,0.5746613556397185
2018-11-23,4347.10986328125,6713.676872513313,0.6475006089552651,4928.339023306069,0.8820638845509223,True,0.5711369023841688
2018-11-24,3880.760009765625,6680.175980935888,0.5809367928091519,4936.507985376846,0.7861346565753349,True,0.4566945461069991
2018-11-25,4009.969970703125,6648.610611132993,0.6031290152544795,4944.688220972005,0.8109651795022301,True,0.48911663011885226
2018-11-26,3779.1298828125,6614.738146657004,0.5713196500034425,4952.879742522777,0.7630166850947161,True,0.43592642547510013
2018-11-27,3820.719970703125,6583.542617397406,0.5803440780662137,4961.082562470651,0.7701383564155767,True,0.44694523443742695
2018-11-28,4257.419921875,6558.21871256629,0.6491732143237768,4969.296693267385,0.8567449650658078,True,0.5561758828274823
2018-11-29,4278.8466796875,6532.709868466768,0.6549880165873261,4977.522147375012,0.8596338806737462,True,0.5630498904937632
2018-11-30,4017.2685546875,6504.198154359862,0.6176423994700506,4985.7589372658385,0.8057486543644541,True,0.4976645322514259
2018-12-01,4214.671875,6478.963848501788,0.6505163439019052,4994.0070754224635,0.843945915844235,True,0.5490006116259366
2018-12-02,4139.8779296875,6453.4457850798035,0.6414988314086079,5002.266574337767,0.8276004223616499,True,0.5309047038182687
2018-12-03,3894.130859375,6425.816609599271,0.6060133825726856,5010.537446514933,0.7771882559392013,True,0.47098648387748143
2018-12-04,3956.893798828125,6398.776676312173,0.6183828564413368,5018.819704467442,0.7884112265092814,True,0.4875399862992273
2018-12-05,3753.994873046875,6369.202872326305,0.5893979118419501,5027.113360719081,0.7467495963747078,True,0.44013265277207186
2018-12-06,3521.101806640625,6335.601544294194,0.5557644024838824,5035.418427803953,0.6992669739615359,True,0.38862769196044555
2018-12-07,3419.937255859375,6300.945961189735,0.5427656858072193,5043.734918266477,0.6780565020325854,True,0.3680258023417604
2018-12-08,3476.11474609375,6268.689975545288,0.554520124564204,5052.062844661394,0.6880584927337203,True,0.381542281098161
2018-12-09,3614.234375,6240.451501945296,0.5791623208470346,5060.402219553781,0.7142187949081048,True,0.4136486148515502
2018-12-10,3502.656005859375,6210.666635448591,0.563974241648599,5068.753055519042,0.6910291283663061,True,0.38972262862747986
2018-12-11,3424.588134765625,6180.282391446446,0.5541151549167525,5077.1153651429295,0.6745145399447147,True,0.37375872879506755
2018-12-12,3486.9501953125,6151.609102013686,0.5668354632889582,5085.489161021536,0.6856666261406537,True,0.3886601596902143
2018-12-13,3313.67724609375,6120.3480234460885,0.5414197417204993,5093.874455761312,0.6505219700391104,True,0.35220543700208556
2018-12-14,3242.48486328125,6088.993499824963,0.5325157373504275,5102.27126197906,0.6354983294289925,True,0.3384128614808448
2018-12-15,3236.76171875,6056.700523783623,0.534410064694431,5110.67959230195,0.6333329374874975,True,0.33845949609580755
2018-12-16,3252.839111328125,6025.242100423929,0.5398686155862947,5119.09945936752,0.6354319030421853,True,0.3430497417947493
2018-12-17,3545.86474609375,5998.3920955750955,0.5911358726798587,5127.530875823682,0.691534547907358,True,0.4087908784654876
2018-12-18,3696.05908203125,5973.6752405785755,0.6187244758342891,5135.97385432873,0.7196413351902321,True,0.44525970790426433
2018-12-19,3745.95068359375,5949.485811409988,0.6296259546345544,5144.428407551344,0.7281568304255507,True,0.4584664394803587
2018-12-20,4134.44140625,5929.669681673539,0.6972464957075198,5152.894548170593,0.8023531953934183,True,0.5594379538077918
2018-12-21,3896.543701171875,5908.026318374827,0.6595339105130683,5161.372288875946,0.7549433528695277,True,0.4979107417338869
2018-12-22,4014.1826171875,5887.483296114254,0.6818163917062602,5169.861642367275,0.776458422850444,True,0.5294020801778233
2018-12-23,3998.980224609375,5866.860089273415,0.681621883555882,5178.362621354859,0.7722480090749396,True,0.5263811425179402
2018-12-24,4078.59912109375,5847.14466801753,0.6975368923917177,5186.875238559393,0.7863306776251945,True,0.5484946572629518
2018-12-25,3815.49072265625,5824.846328022168,0.6550371473837325,5195.399506711993,0.7343979452835102,True,0.481057935122985
2018-12-26,3857.297607421875,5803.46820424958,0.6646538710416946,5203.935438554197,0.7412270296138691,True,0.4926594145535949
2018-12-27,3654.83349609375,5782.28540532079,0.6320742128589183,5212.48304683798,0.7011693780588624,True,0.4431910827173327
2018-12-28,3923.918701171875,5763.943760782874,0.6807697756993587,5221.042344325748,0.7515584901234152,True,0.511638304746266
2018-12-29,3820.40869140625,5745.756741612935,0.664909578182698,5229.613343790354,0.7305336819867583,True,0.4857388423380687
2018-12-30,3865.95263671875,5729.102578987672,0.6747920085944527,5238.196058015097,0.7380312981610067,True,0.498017622091637
2018-12-31,3742.700439453125,5709.903233702888,0.6554752832520374,5246.790499793732,0.7133314050942691,True,0.46757110480673986
2019-01-01,3843.52001953125,5692.789625307497,0.6751558150761002,5255.396681930473,0.7313472706534883,True,0.49377336262173716
2019-01-02,3943.409423828125,5676.483520254473,0.6946923055017246,5264.01461724,0.7491258498624216,True,0.5204119637518644
2019-01-03,3836.7412109375,5659.332820311469,0.677949386042,5272.644318547464,0.7276692640618827,True,0.4933229308123873
2019-01-04,3857.717529296875,5641.6545152427925,0.6837918768109563,5281.28579868849,0.7304504388410239,True,0.4994760764924904
2019-01-05,3845.194580078125,5623.830987134317,0.6837322438876288,5289.939070509192,0.7268882550112244,True,0.4969969376543874
2019-01-06,4076.632568359375,5608.418139076303,0.726877430902609,5298.604146866165,0.7693785863906215,True,0.559243930267096
2019-01-07,4025.248291015625,5592.760318428705,0.7197247981022946,5307.2810406265025,0.7584388805120561,True,0.5458672701494699
2019-01-08,4030.847900390625,5579.69863944811,0.7224131912596121,5315.969764667796,0.7582526009047983,True,0.5477716812005364
2019-01-09,4035.29638671875,5566.414595230966,0.7249363693060153,5324.670331878144,0.7578490564119864,True,0.549392343437295
2019-01-10,3678.924560546875,5549.451234980366,0.6629348389183369,5333.3827551561535,0.6897919630820049,True,0.4572871239329323
2019-01-11,3687.365478515625,5532.384874678532,0.6665055960572313,5342.107047410949,0.6902455240582844,True,0.4600525044383028
2019-01-12,3661.301025390625,5515.750667969855,0.6637901612652508,5350.843221562179,0.6842474865712301,True,0.4541967494564594
2019-01-13,3552.953125,5497.7014475706865,0.6462615620151531,5359.591290540017,0.6629149374265093,True,0.4284164429444334
2019-01-14,3706.05224609375,5482.564965731182,0.67597051184226,5368.351267285174,0.6903520394946018,True,0.46665762148851403
2019-01-15,3630.67529296875,5465.393103915235,0.6643026812413272,5377.123164748898,0.6752077610515913,True,0.4485423260615255
2019-01-16,3655.0068359375,5447.908517731357,0.6709009198743915,5385.906995892982,0.678624201777829,True,0.45528960122177015
2019-01-17,3678.56396484375,5430.859369098717,0.677344728492616,5394.702773689771,0.6818844557635847,True,0.46187084155252045
2019-01-18,3657.83935546875,5412.898708256432,0.6757634961632212,5403.510511122167,0.6769375849162756,True,0.45744970906730986
2019-01-19,3728.568359375,5396.0964353158415,0.6909751158212504,5412.330221183633,0.6889025996199457,True,0.47601455356195244
2019-01-20,3601.013671875,5377.795803404115,0.6696077358674679,5421.1619168782,0.6642512669956664,True,0.4447877869400651
2019-01-21,3576.032470703125,5359.203912298552,0.6672693424664582,5430.005611220474,0.6585688352353947,True,0.439442793656423
2019-01-22,3604.5771484375,5340.945357384652,0.674894968444797,5438.861317235641,0.6627448170106247,True,0.4472831423633383
2019-01-23,3585.123046875,5322.029791349485,0.6736382897935517,5447.7290479594685,0.6580949631145594,True,0.44331796547424224
2019-01-24,3600.865478515625,5303.670686129816,0.6789383601686705,5456.608816438319,0.659909038681283,True,0.44803756058275407
2019-01-25,3599.765869140625,5285.524234666559,0.6810612740228441,5465.5006357291495,0.6586342421420983,True,0.44857027606836786
2019-01-26,3602.46044921875,5268.869446144235,0.6837255100057632,5474.404518899519,0.6580552161941674,True,0.44992913830430986
2019-01-27,3583.9658203125,5251.901058344682,0.6824130501502842,5483.320479027596,0.6536123201298049,True,0.44603357699558416
2019-01-28,3470.450439453125,5234.361840059247,0.6630130941451773,5492.248529202162,0.6318815364965402,True,0.4189457326457799
2019-01-29,3448.116943359375,5216.653060663782,0.6609826076723275,5501.188682522617,0.6267948878601655,True,0.4143005194534963
2019-01-30,3486.181640625,5199.360263890876,0.670502035574692,5510.140952098988,0.6326846574218764,True,0.4242163506782448
2019-01-31,3457.792724609375,5181.584610077376,0.6673234125878222,5519.105351051932,0.6265132670370798,True,0.41808697139072964
2019-02-01,3487.9453125,5163.075300165522,0.6755557704897661,5528.081892512742,0.6309503694625234,True,0.42624216298305756
2019-02-02,3521.060791015625,5143.50163004408,0.6845649217740112,5537.070589623356,0.635906791149494,True,0.4353194827388158
2019-02-03,3464.013427734375,5123.340885100186,0.676123940495253,5546.071455536356,0.6245886760576137,True,0.42229935684478687
2019-02-04,3459.154052734375,5103.057443580061,0.6778591248441048,5555.08450341498,0.6227005278871753,True,0.42210323487356277
2019-02-05,3466.357421875,5083.276799789843,0.6819139618795319,5564.109746433126,0.6229850919272593,True,0.42482223222800175
2019-02-06,3413.767822265625,5062.926155104528,0.6742677490612432,5573.147197775358,0.6125386072035391,True,0.4130150278922394
2019-02-07,3399.4716796875,5042.583028141859,0.6741528420485267,5582.196870636909,0.6089845554479042,True,0.4105486688188632
2019-02-08,3666.7802734375,5024.463057761195,0.7297854977306465,5591.25877822369,0.6558058603401674,True,0.47859760620302394
2019-02-09,3671.20361328125,5005.138530622418,0.73348691366285,5600.332933752294,0.6555331007475474,True,0.4808249508711567
2019-02-10,3690.188232421875,4986.574368013174,0.7400247063581197,5609.419350450002,0.6578556534779021,True,0.4868294367910134
2019-02-11,3648.4306640625,4968.200596176647,0.7343565529278758,5618.51804155479,0.6493581825453896,True,0.47686043654954263
2019-02-12,3653.528564453125,4949.605874520396,0.738145350776468,5627.629020315334,0.6492127592746698,True,0.47921337992335983
2019-02-13,3632.070556640625,4930.903902001817,0.7365932552784288,5636.7522999910125,0.6443551824419207,True,0.4746276813904202
2019-02-14,3616.880859375,4912.156074656424,0.7363122841384838,5645.887893851921,0.6406221532159,True,0.4716979609041131
2019-02-15,3620.810791015625,4893.653842520736,0.7398992465618561,5655.035815178865,0.6402807885490114,True,0.4737432730354446
2019-02-16,3629.78759765625,4876.118731747798,0.7444009872079524,5664.196077263378,0.6408301457335778,True,0.47703459311669133
2019-02-17,3673.836181640625,4859.40827547083,0.7560254198407862,5673.3686934077205,0.6475581581555786,True,0.48957042839089754
2019-02-18,3915.71435546875,4844.901907808234,0.8082133405338984,5682.5536769248865,0.6890765275776046,True,0.5569208422369948
2019-02-19,3947.094482421875,4830.99414094495,0.8170356591759014,5691.751041138609,0.6934763052517976,True,0.566594870184271
2019-02-20,3999.820556640625,4818.4448790800425,0.8301061145280316,5700.9607993833715,0.7016046412866502,True,0.5824063027132946
2019-02-21,3954.1181640625,4805.544191286573,0.8228242227450783,5710.182965004403,0.6924678575618025,True,0.5697793266742397
2019-02-22,4005.526611328125,4793.3579834608245,0.8356410318505187,5719.417551357692,0.7003382032104443,True,0.5852313387751139
2019-02-23,4142.52685546875,4782.661305987417,0.866155178139568,5728.6645718099935,0.7231226062446702,True,0.626336389828601
2019-02-24,3810.427490234375,4770.813075239589,0.7986956164789618,5737.924039738827,0.6640777158855199,True,0.5303959606791262
2019-02-25,3882.6962890625,4758.859052406907,0.815888061887173,5747.195968532486,0.6755809807637244,True,0.5511984570431506
2019-02-26,3854.35791015625,4747.8152959817335,0.8118171558650034,5756.480371590049,0.669568496954955,True,0.5435671928547767
2019-02-27,3851.04736328125,4736.477807527859,0.8130614181619595,5765.777262321377,0.6679146952913627,True,0.5430556693648084
2019-02-28,3854.785400390625,4725.146837601314,0.8158022454911642,5775.086654147122,0.6674852917786925,True,0.5445359998653823
2019-03-01,3859.583740234375,4713.975879261668,0.8187533918478359,5784.408560498739,0.667239130823359,True,0.546304301535227
2019-03-02,3864.4150390625,4703.170632372611,0.8216616706319703,5793.742994818479,0.6669980084581875,True,0.5480466979379514
2019-03-03,3847.17578125,4691.980896981391,0.8199470257274704,5803.089970559408,0.6629529786316821,True,0.543586323026215
2019-03-04,3761.55712890625,4680.124388224311,0.8037301611834776,5812.449501185404,0.6471552360393169,True,0.5201381821726117
2019-03-05,3896.375,4668.687240785024,0.8345761450803112,5821.821600171168,0.6692707656801854,True,0.5585574156363173
2019-03-06,3903.942626953125,4657.7623169864855,0.8381584033851962,5831.206281002224,0.669491429187126,True,0.5611398673675547
2019-03-07,3911.484375,4646.729095419776,0.8417715547169518,5840.603557174933,0.6697055084649441,True,0.5637390470630427
2019-03-08,3901.131591796875,4636.19231394625,0.8414516326386592,5850.0134421964885,0.6668585688466603,True,0.561129231495102
2019-03-09,3963.313720703125,4625.662436138911,0.856809975959107,5859.435949584933,0.6763985057271384,True,0.5795449874308454
2019-03-10,3951.599853515625,4615.389038642199,0.8561791477231887,5868.871092869157,0.6733151556722603,True,0.576478396132582
2019-03-11,3905.227294921875,4604.440160990325,0.8481437826052531,5878.318885588904,0.6643442404078832,True,0.5634594370115558
2019-03-12,3909.15625,4593.125645365305,0.8510884638970274,5887.779341294781,0.6639440820382949,True,0.5650751488954944
2019-03-13,3906.71728515625,4581.749995386512,0.8526692397206372,5897.252473548263,0.6624639699045569,True,0.5648626495608337
2019-03-14,3924.369140625,4570.679594959722,0.8585964207494581,5906.738295921695,0.6643885244305777,True,0.5704416090631079
2019-03-15,3960.9111328125,4559.50763160409,0.8687146623809912,5916.236821998302,0.6694984078535653,True,0.581603083343121
2019-03-16,4048.725830078125,4548.5084780615225,0.8901216408864661,5925.748065372195,0.6832429906592435,True,0.6081693719697823
2019-03-17,4025.22900390625,4537.514954460955,0.887099887119697,5935.272039648372,0.6781877860049562,True,0.6016203084109539
2019-03-18,4032.50732421875,4526.763992179304,0.8908145711120659,5944.8087584427285,0.6783241460024838,True,0.604261033196161
2019-03-19,4071.190185546875,4516.180897568196,0.901467473931141,5954.358235382062,0.683732826378332,True,0.6163629038390743
2019-03-20,4087.476318359375,4505.434388614023,0.9072324588033294,5963.920484104078,0.6853673400331075,True,0.6217874970817336
2019-03-21,4029.326904296875,4494.228866644473,0.8965557882915055,5973.495518257394,0.6745341805282415,True,0.6047575239530623
2019-03-22,4023.96826171875,4483.069828419198,0.8975921446081213,5983.083351501547,0.6725576137442365,True,0.6036824308932097
2019-03-23,4035.826416015625,4471.848999789365,0.9024961299466333,5992.683997507001,0.6734589071765769,True,0.6077940574049495
2019-03-24,4022.168212890625,4461.732431817531,0.9014812686228598,6002.297469955147,0.6701047778827731,True,0.6040869052760021
2019-03-25,3963.070556640625,4451.883231172538,0.8902009219134057,6011.923782538315,0.6592017297610122,True,0.5868219875601648
2019-03-26,3985.080810546875,4442.36003578756,0.8970638981179253,6021.562948959779,0.6618017355834992,True,0.5936784447037423
2019-03-27,4087.066162109375,4434.0813516534945,0.9217391017386914,6031.214982933757,0.6776522099899195,True,0.6246185393273475
2019-03-28,4069.107177734375,4425.540776391689,0.9194598769581492,6040.879898185423,0.6735951130160136,True,0.6193436797333145
2019-03-29,4098.37451171875,4417.133698369743,0.9278357395501433,6050.557708450914,0.6773548339179515,True,0.628474023266127
2019-03-30,4106.66015625,4408.826992491932,0.9314632130595029,6060.248427477328,0.6776389128918038,True,0.6311957190963481
2019-03-31,4105.404296875,4400.470468585786,0.9329466760844747,6069.9520690227355,0.6763487174514001,True,0.6309972878202813
2019-04-01,4158.18310546875,4392.058134437413,0.9467504705516334,6079.668646856185,0.6839489694259833,True,0.6475290086373544
2019-04-02,4879.8779296875,4387.108338907579,1.1123221841616575,6089.398174757709,0.8013727776771086,False,0.8913847183934958
2019-04-03,4973.02197265625,4382.46953906997,1.134753345875304,6099.140666518328,0.8153643676323146,False,0.9252374442782705
2019-04-04,4922.798828125,4377.702425086755,1.1245165500319365,6108.896135940056,0.8058409765985429,False,0.9061815148789599
2019-04-05,5036.68115234375,4373.936227158401,1.151521396464418,6118.66459683591,0.8231667339550404,False,0.9478941070069621
2019-04-06,5059.8173828125,4370.048209141289,1.1578401749043292,6128.446063029912,0.8256281169440397,False,0.9559454033284189
2019-04-07,5198.89697265625,4366.607402052447,1.1906032519004572,6138.240548357096,0.8469685949417115,False,1.008403563395163
2019-04-08,5289.77099609375,4363.2101542638175,1.2123576011860164,6148.048066663514,0.8603984449595329,False,1.043110594795318
2019-04-09,5204.95849609375,4359.059597500111,1.1940553643906948,6157.868631806242,0.8452532535704677,False,1.009279181694505
2019-04-10,5324.5517578125,4355.353341210539,1.2225303759930026,6167.702257653386,0.8632958491479324,False,1.0554053990520202
2019-04-11,5064.48779296875,4350.7642419296235,1.1640455587459229,6177.54895808409,0.8198215550102987,False,0.9543096400739145
2019-04-12,5089.5390625,4346.5224923806345,1.1709450650311504,6187.408746988534,0.8225638988174367,False,0.96317713799306
2019-04-13,5096.58642578125,4342.644907948248,1.1736134392321784,6197.281638267948,0.8223906421018609,False,0.9651687098695245
2019-04-14,5167.72216796875,4338.919366223439,1.1910159493161299,6207.167645834618,0.8325410981023852,False,0.9915697263011055
2019-04-15,5067.1083984375,4334.445438106882,1.169032687293583,6217.066783611883,0.8150320038051289,False,0.9527990536385835
2019-04-16,5235.5595703125,4330.645001951375,1.208956071890763,6226.97906553415,0.8407864415814273,False,1.016473873713295
2019-04-17,5251.93798828125,4326.996979166042,1.2137604933788224,6236.904505546897,0.8420744591504247,False,1.0220767110001245
2019-04-18,5298.3857421875,4323.460672584125,1.2254964583777892,6246.843117606678,0.8481701304862358,False,1.0394294910127093
2019-04-19,5303.8125,4320.024972643306,1.227727277871438,6256.794915681128,0.8476884046026967,False,1.0407301774660511
2019-04-20,5337.88623046875,4316.779150325681,1.2365437388813443,6266.7599137489715,0.8517776815986972,False,1.0532603590997363
2019-04-21,5314.53125,4313.578383313274,1.2320469869189885,6276.738125800026,0.8467027209809898,False,1.0431775362007374
2019-04-22,5399.365234375,4310.496039116166,1.2526087915121014,6286.72956583521,0.858851200426605,False,1.0758045642550873
2019-04-23,5572.3623046875,4307.854018504874,1.2935355471078611,6296.734247866548,0.8849606931681325,False,1.1447281144061923
2019-04-24,5464.86669921875,4304.960689964147,1.269434750463253,6306.752185917171,0.8665104538944258,False,1.0999784818132705
2019-04-25,5210.515625,4301.213667604887,1.2114059025348198,6316.783394021333,0.8248684971423295,False,0.999250566253244
2019-04-26,5279.34814453125,4297.60062837147,1.2284408443349943,6326.827886224412,0.8344384009601603,False,1.0250582138210418
2019-04-27,5268.291015625,4293.977010769881,1.2269024734905207,6336.88567658291,0.8313691116589409,False,1.0200088194779715
2019-04-28,5285.13916015625,4290.5353513711025,1.2318134515468582,6346.956779164466,0.8327044509750078,False,1.0257365438739559
2019-04-29,5247.3525390625,4287.708545977592,1.223812785499419,6357.041208047863,0.8254394406661194,False,1.010183341142686
2019-04-30,5350.7265625,4285.180586654073,1.248658359735061,6367.138977323024,0.840365913412124,False,1.049329923018439
2019-05-01,5402.697265625,4282.793947552023,1.2614889559917062,6377.250101091032,0.8471829048543503,False,1.0687118781787353
2019-05-02,5505.28369140625,4280.714509186398,1.286066538563114,6387.374593464122,0.8619008656607566,False,1.1084618628848808
2019-05-03,5768.28955078125,4278.721089733701,1.348134040478029,6397.512468565697,0.9016456910594318,False,1.2155392485675565
2019-05-04,5831.16748046875,4276.901394957961,1.3634093802917957,6407.663740530329,0.9100301945598248,False,1.240743703611633
2019-05-05,5795.70849609375,4275.096768884448,1.3556905982285155,6417.828423503767,0.9030637956708766,False,1.2242750973915646
2019-05-06,5746.80712890625,4273.305487253468,1.344815423575025,6428.006531642939,0.894026336254736,False,1.2023004060776405
2019-05-07,5829.50146484375,4271.765530177163,1.364658575865699,6438.198079115966,0.9054554384950212,False,1.2356375292064676
2019-05-08,5982.45751953125,4270.57491246687,1.4008553045321765,6448.403080102156,0.9277424883675968,False,1.299632986069629
2019-05-09,6174.52880859375,4269.873725671186,1.4460682458760932,6458.62154879202,0.9560134096645739,False,1.3824606343476733
2019-05-10,6378.84912109375,4269.6351360452,1.4940033323321005,6468.853499387275,0.9860865022987381,False,1.4732165204020202
2019-05-11,7204.771484375,4271.0598672676415,1.6868814084275912,6479.0989461008485,1.112002076879975,False,1.8758156296216988
2019-05-12,6972.37158203125,4272.019742780431,1.632101910065917,6489.357903156885,1.0744316596622592,False,1.7535819639700665
2019-05-13,7814.9150390625,4274.434593627701,1.8282921092564905,6499.630384790751,1.2023629924171593,False,2.198270771498314
2019-05-14,7994.416015625,4277.118320702599,1.8691126632923645,6509.916405249042,1.2280366625259556,False,2.2953388769145553
2019-05-15,8205.16796875,4280.087399398647,1.9170561727087225,6520.215978789592,1.258419659017676,False,2.4124611751778415
2019-05-16,7884.9091796875,4282.593497787751,1.8411528396894516,6530.529119681471,1.2073920864887115,False,2.222993368657263
2019-05-17,7343.8955078125,4284.588487333336,1.714025869584323,6540.855842204996,1.1227728733028903,False,1.9244617505086754
2019-05-18,7271.2080078125,4286.4565233716285,1.6963214179746617,6551.196160651739,1.1099054019303143,False,1.8827563052201677
2019-05-19,8197.689453125,4289.794143061761,1.9109750211169925,6561.550089324528,1.2493525678425328,False,2.387481549715453
2019-05-20,7978.30908203125,4292.690281134098,1.8585801815460672,6571.917642537458,1.2140001618995906,False,2.256316641300296
2019-05-21,7963.32763671875,4295.544438831408,1.8538575843217566,6582.298834615891,1.2098094961657038,False,2.242814510051273
2019-05-22,7680.06640625,4298.036342925255,1.786877958556983,6592.693679896465,1.1649360305741692,False,2.0815985161618467
2019-05-23,7881.8466796875,4300.805502914234,1.8326442975267645,6603.102192727102,1.1936581397102795,False,2.18755078293645
2019-05-24,7987.37158203125,4303.634975119808,1.8559593525491533,6613.524387467013,1.207732989866606,False,2.2415033379250793
2019-05-25,8052.5439453125,4306.469689431686,1.8698712695166269,6623.960278486698,1.2156691173806637,False,2.273144755828739
2019-05-26,8673.2158203125,4309.981261898188,2.012355806969952,6634.409880167961,1.3073078053617218,False,2.630768453616805
2019-05-27,8805.7783203125,4313.828760338256,2.04129065142169,6644.873206903909,1.3251988482133035,False,2.7051160201326074
2019-05-28,8719.9619140625,4317.732990996306,2.0195695130398486,6655.350273098959,1.3102183290500482,False,2.6460769927754897
2019-05-29,8659.4873046875,4321.515662020375,2.0038079187798328,6665.84109316885,1.2990839690975737,False,2.603114744437654
2019-05-30,8319.47265625,4324.858864342903,1.923640266007621,6676.345681540642,1.2461117283445078,False,2.3970706965878454
2019-05-31,8574.501953125,4328.633874289912,1.9808794650094077,6686.864052652723,1.2822904556768189,False,2.5400628318277665
2019-06-01,8564.0166015625,4332.42936419878,1.9767238843711168,6697.396220954815,1.2787083694955066,False,2.527653375127015
2019-06-02,8742.9580078125,4338.057170468169,2.0154086643512237,6707.942200907984,1.3033740819396233,False,2.6268314176319385
2019-06-03,8208.9951171875,4343.260698487081,1.8900535075057774,6718.502006984642,1.2218490235849184,False,2.3093600326691845
2019-06-04,7707.77099609375,4347.945441164873,1.772738664822973,6729.075653668555,1.1454427610561386,False,2.030570670865799
2019-06-05,7824.2314453125,4352.888152084212,1.7974804708837209,6739.663155454842,1.1609232189860776,False,2.08673681432294
2019-06-06,7822.0234375,4357.628300951126,1.7950185048579548,6750.264526849994,1.1587728756979754,False,2.0800187548053324
2019-06-07,8043.951171875,4365.328503332127,1.8426909144947325,6760.879782371868,1.1897787611678257,False,2.1923945134627507
2019-06-08,7954.1279296875,4374.772492144102,1.8181809326018539,6771.508936549697,1.1746463017651108,False,2.1357195084206078
2019-06-09,7688.0771484375,4383.134542177033,1.7540134975229291,6782.152003924101,1.133574880655762,False,1.98830564112315
2019-06-10,8000.32958984375,4393.152447680233,1.8210908192062072,6792.8089990470835,1.17776454349976,False,2.1448161973540025
2019-06-11,7927.71435546875,4403.201441409421,1.8004432595141882,6803.479936482045,1.1652440265103547,False,2.09795575321974
2019-06-12,8145.857421875,4416.3196466739055,1.844489999271214,6814.164830803784,1.1954300525650967,False,2.2049587767845824
2019-06-13,8230.923828125,4428.826269420512,1.8584887569324258,6824.863696598506,1.206020250957872,False,2.2413750770380276
2019-06-14,8693.8330078125,4443.545409842607,1.9565081946851175,6835.576548463831,1.2718507277584767,False,2.4883863712756904
2019-06-15,8838.375,4458.263400325703,1.9824703491844615,6846.303401008793,1.2909703941396575,False,2.559310528056849
2019-06-16,8994.48828125,4470.591251861346,2.011923652717102,6857.044268853853,1.3117150668116393,False,2.639070568543731
2019-06-17,9320.3525390625,4483.2598947881115,2.0789230956469007,6867.7991666309,1.3571090698673904,False,2.8213253886592016
2019-06-18,9081.7626953125,4497.254040727527,2.019401753396019,6878.568108983257,1.32029843296193,False,2.666212970529338
2019-06-19,9273.521484375,4510.381298096939,2.056039361525326,6889.3511105656935,1.346066027924296,False,2.7675647366244007
2019-06-20,9527.16015625,4524.31784227279,2.105767209198555,6900.148186044422,1.380718196098849,False,2.9074711024887367
2019-06-21,10144.556640625,4540.569566168003,2.2342035493107666,6910.959350097112,1.4678941268092467,False,3.2795742681296476
2019-06-22,10701.69140625,4557.048385130973,2.3483822206426774,6921.784617412891,1.5460884725202415,False,3.63080668040713
2019-06-23,10855.37109375,4575.214803208795,2.3726473096162963,6932.624002692351,1.5658387198749295,False,3.715183026004277
2019-06-24,11011.1025390625,4595.5238240860135,2.396049495239524,6943.477520647557,1.585819570426951,False,3.799702181262455
2019-06-25,11790.9169921875,4617.54939358011,2.553500999595304,6954.345186002051,1.6954747969543802,False,4.329396588811655
2019-06-26,13016.2314453125,4640.137860629511,2.805138949804098,6965.227013490859,1.8687447544927867,False,5.2420886980698125
2019-06-27,11182.806640625,4660.385273724348,2.3995455276357993,6976.123017860493,1.603011674535329,False,3.846499494379222
2019-06-28,12407.33203125,4682.743348927229,2.6495861734750847,6987.0332138689655,1.7757654288263538,False,4.705043527553362
2019-06-29,11959.37109375,4705.70328589102,2.5414630645343603,6997.957616285784,1.7089802124434017,False,4.34331008794499
2019-06-30,10817.1552734375,4727.318859139943,2.2882220547749346,7008.896239891968,1.543346470428592,False,3.5315194317937557
2019-07-01,10583.134765625,4750.594967814107,2.2277493318893953,7019.849099480049,1.5076014620326923,False,3.3585581497988057
2019-07-02,10801.677734375,4775.074573623024,2.262096134381284,7030.816209854075,1.5363333945831006,False,3.4753338330073076
2019-07-03,11961.26953125,4800.904678891573,2.4914615746987927,7041.797585829622,1.6986102462416626,False,4.232022158900756
2019-07-04,11215.4375,4826.190294907021,2.323869722218666,7052.793242233797,1.5902121492573045,False,3.69544586556332
2019-07-05,10978.4599609375,4848.529172718538,2.264286667121764,7063.803193905241,1.5541854238535249,False,3.519121333466524
2019-07-06,11208.55078125,4869.938307361187,2.3015796245935274,7074.827455694138,1.58428609763887,False,3.6463606018524146
2019-07-07,11450.8466796875,4891.332097919809,2.3410487062527054,7085.866042462227,1.6160122998470503,False,3.783163503845396
2019-07-08,12285.9580078125,4910.604892664461,2.501923546356877,7096.9189690827925,1.7311678576767433,False,4.331249625817636
2019-07-09,12573.8125,4932.0520217133035,2.5494079228369717,7107.986250440688,1.768969727427432,False,4.509825438362253
2019-07-10,12156.5126953125,4952.4298809762595,2.454656196548939,7119.0679014323305,1.7075989249753685,False,4.191568282411095
2019-07-11,11358.662109375,4972.37952795687,2.284351394641476,7130.163936965706,1.5930436115903337,False,3.6390713958610723
2019-07-12,11815.986328125,4992.306847042977,2.3668389564483197,7141.274371960385,1.6546047263664143,False,3.9161829238875416
2019-07-13,11392.37890625,5014.12371361977,2.272057802503974,7152.399221347519,1.5928052327179332,False,3.6189455568659383
2019-07-14,10256.05859375,5034.539072188554,2.0371395368457454,7163.538500069855,1.4317028649528425,False,2.9165785112107603
2019-07-15,10895.08984375,5057.688342974694,2.154163939121251,7174.692223081728,1.5185445598208893,False,3.2711939307149134
2019-07-16,9477.6416015625,5076.860954043942,1.8668310373978518,7185.860405349085,1.3189292676082929,False,2.462218092903578
2019-07-17,9693.802734375,5097.381909750733,1.901721885078263,7197.043061849476,1.3469146496789077,False,2.5614570666269003
2019-07-18,10666.482421875,5118.897765785317,2.083745937097964,7208.240207572064,1.4797623434732579,False,3.083448771082963
2019-07-19,10530.732421875,5141.562037831324,2.048158194803537,7219.451857517639,1.4586609384906852,False,2.9875683546095146
2019-07-20,10767.1396484375,5163.771385283677,2.0851309721268763,7230.6780266986125,1.4890912869693311,False,3.1049503627840225
2019-07-21,10599.10546875,5185.089345709654,2.0441509802565148,7241.91873013903,1.4635769695452683,False,2.9917722969768192
2019-07-22,10343.1064453125,5207.22321704462,1.9862998020627916,7253.173982874575,1.4260110773205696,False,2.8324855206211956
2019-07-23,9900.767578125,5228.762538580794,1.8935202172734917,7264.443799952578,1.362907863392051,False,2.580693593613867
2019-07-24,9811.92578125,5250.47110243994,1.8687705521682256,7275.7281964320155,1.3485833330142438,False,2.5201928198818946
2019-07-25,9911.841796875,5270.452076085703,1.8806435679112363,7287.027187383522,1.3602037623841972,False,2.558058456776504
2019-07-26,9870.3037109375,5290.964555963099,1.8655017637215747,7298.340787889399,1.3524037857092017,False,2.5229116475042503
2019-07-27,9477.677734375,5310.9966496773595,1.7845384509799613,7309.669013043611,1.2965946498347223,False,2.313823007964961
2019-07-28,9552.8603515625,5331.260147588351,1.7918578510718206,7321.011877951797,1.3048551908967956,False,2.3381150183202424
2019-07-29,9519.1455078125,5355.065526511605,1.777596457164822,7332.369397731282,1.2982359441353064,False,2.3077396148589484
2019-07-30,9607.423828125,5379.134081400233,1.7860539787147502,7343.741587511071,1.3082464454445941,False,2.3365987690257466
2019-07-31,10085.6279296875,5404.422456007093,1.866180523781441,7355.128462431865,1.3712374951983959,False,2.5589767070180938
2019-08-01,10399.6689453125,5431.619515064184,1.9146534319036537,7366.530037646063,1.4117459498794986,False,2.7030042279128654
2019-08-02,10518.1748046875,5457.521037635926,1.9272806705008567,7377.946328317768,1.4256236541484477,False,2.7475769120491016
2019-08-03,10821.7265625,5484.914295634075,1.9729982966395598,7389.377349622793,1.4644977581301106,False,2.8894515822231623
2019-08-04,10970.1845703125,5512.4953484982625,1.9900578371102018,7400.82311674867,1.482292496017919,False,2.949847798590102
2019-08-05,11805.6533203125,5541.0764577401405,2.1305703702791514,7412.28364489465,1.5927147267824628,False,3.3933908051899695
2019-08-06,11478.1689453125,5569.81952334063,2.0607793299608024,7423.758949271716,1.5461397687809528,False,3.186252876734162
2019-08-07,11941.96875,5598.579859590206,2.13303534994571,7435.24904510258,1.6061289511029746,False,3.42592982927387
2019-08-08,11966.4072265625,5629.170609414969,2.1257851390306595,7446.7539476217025,1.6069293158778606,False,3.41598645916586
2019-08-09,11862.9365234375,5660.291488981673,2.095817246608218,7458.273672075285,1.5905740450171233,False,3.3335525155542833
2019-08-10,11354.0244140625,5690.787832693269,1.9951586226487381,7469.808233721281,1.5199887411843496,False,3.032618643302956
2019-08-11,11523.5791015625,5722.073137812438,2.0138818263983236,7481.357647829407,1.540305870139209,False,3.101993998968009
2019-08-12,11382.6162109375,5753.324619496528,1.9784415036072813,7492.9219296811425,1.5191158159340226,False,3.00548177903011
2019-08-13,10895.830078125,5784.2768553141805,1.8836978849161914,7504.501094569733,1.4519059882620629,False,2.7349522391864003
2019-08-14,10051.7041015625,5814.225752453365,1.7288121461952337,7516.095157800208,1.337357216816346,False,2.3120394002339513
2019-08-15,10311.5458984375,5845.159282439856,1.764117178023814,7527.704134689373,1.3698128558107845,False,2.416510389613663
2019-08-16,10374.3388671875,5878.10135448622,1.7649132332959367,7539.328040565827,1.3760296423458058,False,2.4285729251835875
2019-08-17,10231.744140625,5911.508216776131,1.7308178835967059,7550.966890769964,1.3550243682212304,False,2.3453004092266334
2019-08-18,10345.810546875,5944.927795822554,1.740275223215479,7562.620700653974,1.3680192298921392,False,2.38072997066361
2019-08-19,10916.0537109375,5980.051024774013,1.8254114665100234,7574.289485581859,1.4411983766552496,False,2.630780042262124
2019-08-20,10763.232421875,6014.904120101467,1.7894270975832998,7585.973260929429,1.41883342475113,False,2.5388989772065877
2019-08-21,10138.0498046875,6048.624136824923,1.6760918806254708,7597.6720420843185,1.334362650629266,False,2.2365144045295944
2019-08-22,10131.0556640625,6083.57714513395,1.6653122697993554,7609.38584444598,1.3313894013479501,False,2.2171791059455597
2019-08-23,10407.96484375,6119.504067705261,1.7007856729234692,7621.114683425706,1.3656748751445897,False,2.322720261517466
2019-08-24,10159.9609375,6155.299700146699,1.6506037776288711,7632.858574446616,1.3310820367501175,False,2.197089038193676
2019-08-25,10138.517578125,6192.328607030521,1.637270600693596,7644.617532943679,1.326229537898282,False,2.1713966321723106
2019-08-26,10370.8203125,6230.473581012518,1.6645316247075126,7656.391574363712,1.354531075346923,False,2.254659811564028
2019-08-27,10185.5,6264.535964927747,1.6258985592905724,7668.180714165385,1.3282811633774338,False,2.159650429868175
2019-08-28,9754.4228515625,6298.047029827882,1.5488012085913363,7679.984967819233,1.2701096281354198,False,1.967147327099631
2019-08-29,9510.2001953125,6331.109969094095,1.5021378939455217,7691.804350807654,1.2364069289299995,False,1.8572537002825598
2019-08-30,9598.173828125,6365.34536417963,1.5078795067645192,7703.638878624922,1.2459272792182396,False,1.8787082112520586
2019-08-31,9630.6640625,6399.946686223358,1.504803795198973,7715.488566777189,1.248224785656418,False,1.8783333947172023
2019-09-01,9757.970703125,6435.5415706803005,1.516262554744633,7727.353430782492,1.262783020154532,False,1.914710608227654
2019-09-02,10346.7607421875,6472.998252088173,1.5984494880482412,7739.233486170761,1.3369231928040586,False,2.1370041930974675
2019-09-03,10623.5400390625,6511.363648501333,1.6315384322771824,7751.128748483824,1.370579741839605,False,2.2361535233118546
2019-09-04,10594.4931640625,6549.98465621934,1.6174836614316066,7763.039233275409,1.364735233933944,False,2.207436943068196
2019-09-05,10575.533203125,6588.312847981634,1.605195965514126,7774.964956111156,1.3602033273233707,False,2.1833928932983646
2019-09-06,10353.302734375,6622.956960355831,1.5632447555296733,7786.905932568622,1.3295785031988714,False,2.078456622190629
2019-09-07,10517.2548828125,6657.851065383524,1.5796771029462275,7798.862178237283,1.3485627316457636,False,2.130293669067431
2019-09-08,10441.2763671875,6692.211899400686,1.5602130542403414,7810.833708718544,1.3367684880466506,False,2.085643645547508
2019-09-09,10334.974609375,6727.360196281035,1.5362600348184563,7822.820539625742,1.3211314968845551,False,2.029601519403626
2019-09-10,10115.9755859375,6761.658579739599,1.4960790265643789,7834.822686584159,1.2911556509452906,False,1.9316708894093273
2019-09-11,10178.3720703125,6794.54206740305,1.498021790039897,7846.840165231016,1.2971300365480098,False,1.9431290592641668
2019-09-12,10410.126953125,6833.165115309119,1.523470716345198,7858.872991215491,1.3246335657493453,False,2.018040447307049
2019-09-13,10360.546875,6870.967976345807,1.5078729679235179,7870.92118019872,1.3163067750017061,False,1.9848234035196568
2019-09-14,10358.048828125,6909.637882302486,1.4990726004115003,7882.9847478537995,1.3139755003262001,False,1.9697446701509989
2019-09-15,10347.712890625,6948.776085838609,1.4891417945835554,7895.063709865799,1.3106560340601598,False,1.951752678642112
2019-09-16,10276.7939453125,6988.135868059194,1.4706059154179927,7907.158081931765,1.299682368662322,False,1.9113205795192791
2019-09-17,10241.2724609375,7027.781084909877,1.4572554746942339,7919.267879760723,1.2932095007306326,False,1.8845366248663111
2019-09-18,10198.248046875,7067.694905185395,1.4429383531245519,7931.393119073691,1.2858079146713706,False,1.8553415548304217
2019-09-19,10266.4150390625,7108.522127462681,1.4442404278942576,7943.5338156036805,1.2924241625176853,False,1.8665712254954192
2019-09-20,10181.6416015625,7151.128955991367,1.4237810091554992,7955.689985095699,1.279793659712348,False,1.8221459083360565
2019-09-21,10019.716796875,7191.459488799464,1.3932800167310242,7967.861643306768,1.2575164134899166,False,1.7520724896267685
2019-09-22,10070.392578125,7232.248744503085,1.3924289572837305,7980.048806005918,1.261946239043783,False,1.75717048577986
2019-09-23,9729.32421875,7272.4520452889265,1.3378327087151614,7992.251488974197,1.2173446033539113,False,1.6286034281447468
2019-09-24,8620.56640625,7309.752759597489,1.1793239374521185,8004.46970800468,1.0769690836145218,False,1.2700954202024777
2019-09-25,8486.9931640625,7345.8600468826435,1.1553437051477884,8016.703478902472,1.0586637246092097,False,1.2231204700955622
2019-09-26,8118.9677734375,7381.074447935425,1.099970990769301,8028.952817484719,1.0112112946730432,False,1.1123030896786148
2019-09-27,8251.845703125,7418.000300969852,1.1124083807392309,8041.217739580604,1.0261935406260223,False,1.1415462948528516
2019-09-28,8245.9150390625,7455.201730814253,1.106061960064746,8053.498261031362,1.0238923225404033,False,1.1324883491642836
2019-09-29,8104.185546875,7492.22769978602,1.0816790241314287,8065.794397690286,1.0047597480535466,False,1.0868275437611004
2019-09-30,8293.8681640625,7530.096906210607,1.1014291406026868,8078.106165422727,1.0267094779669168,False,1.1308477379657345
2019-10-01,8343.2763671875,7567.882110018631,1.1024585539119822,8090.433580106105,1.031252068826462,False,1.1369126645171612
2019-10-02,8393.0419921875,7604.6702992727405,1.103669411281401,8102.776657629912,1.035822946481471,False,1.1432061015349713
2019-10-03,8259.9921875,7641.678507215343,1.0809133333338794,8115.135413895724,1.0178501979592645,False,1.1002078503106976
2019-10-04,8205.939453125,7678.68136746487,1.068665186173001,8127.509864817198,1.0096498914934957,False,1.0789776892624467
2019-10-05,8151.50048828125,7715.100742963095,1.0565643612257678,8139.900026320087,1.0014251356802484,False,1.0580701087954294
2019-10-06,7988.15576171875,7750.8196139244465,1.03062078071949,8152.305914342239,0.979864573980878,False,1.009868792235543
2019-10-07,8245.623046875,7789.126913727516,1.058606842359053,8164.727544833608,1.0099079242506481,False,1.069095438764364
2019-10-08,8228.783203125,7827.839968548233,1.0512201624187172,8177.164933756257,1.0063124896937883,False,1.0578559788598878
2019-10-09,8595.740234375,7868.319436837387,1.0924493220409965,8189.618097084369,1.0495898749460877,False,1.1466237473059477
2019-10-10,8586.4736328125,7909.443645188896,1.085597675132994,8202.087050804243,1.0468644845668356,False,1.1364736506250568
2019-10-11,8321.7568359375,7951.000868963782,1.0466301001702742,8214.571810914313,1.0130481572856636,False,1.0602866943372058
2019-10-12,8336.5556640625,7992.620062959822,1.0430316464930665,8227.072393425145,1.013307682903684,False,1.0569119809031036
2019-10-13,8321.005859375,8032.584310281848,1.0359064452923286,8239.588814359447,1.0098812024301096,False,1.0461424465769174
2019-10-14,8374.6865234375,8073.5531736535795,1.0372987386478867,8252.12108975207,1.0148525975748997,False,1.0527053193779747
2019-10-15,8205.369140625,8113.553190212417,1.0113163675963008,8264.669235650026,0.9928248677189363,False,1.0040600388807925
2019-10-16,8047.52685546875,8152.993355477084,0.9870640762956733,8277.233268112477,0.9722484065383711,True,0.9596714753297375
2019-10-17,8103.9111328125,8193.134004594678,0.9891100436374967,8289.813203210759,0.9775746369862404,True,0.9669288918483702
2019-10-18,7973.20751953125,8231.938570338454,0.9685698516095017,8302.409057028372,0.9603486728688179,True,0.9301647715739328
2019-10-19,7988.560546875,8259.046786931514,0.9672497024130543,8315.020845660996,0.960738487029007,True,0.929274015675575
2019-10-20,8222.078125,8286.236994381274,0.9922571766382281,8327.6485852165,0.9873228968374202,True,0.9796782300461752
2019-10-21,8243.720703125,8314.42620657307,0.9914960453443951,8340.292291814936,0.9884210786251808,True,0.9800155905919081
2019-10-22,8078.203125,8340.34519475524,0.968569398072386,8352.951981588552,0.9671075738021541,True,0.936710800628798
2019-10-23,7514.671875,8362.861120363903,0.8985766673443222,8365.627670681808,0.898279504039599,True,0.8071730030836135
2019-10-24,7493.48876953125,8383.508305537507,0.8938368635695896,8378.319375251358,0.8943904420337805,True,0.7994391475140932
2019-10-25,8660.7001953125,8409.445495229913,1.0298776774550837,8391.02711146608,1.0321382686844045,False,1.0629761629652057
2019-10-26,9244.97265625,8439.237557152263,1.095474868865953,8403.750895507072,1.1001007492014874,False,1.205132723970836
2019-10-27,9551.71484375,8468.939636616702,1.1278525120726757,8416.49074356765,1.1348809301608216,False,1.2799783079852574
2019-10-28,9256.1484375,8501.127775114026,1.0888141764668213,8429.246671853378,1.098099130069094,False,1.1956258999851137
2019-10-29,9427.6875,8533.923411810903,1.1047307369728832,8442.018696582043,1.116757476954775,False,1.233716310536226
2019-10-30,9205.7265625,8565.934984238964,1.0746902211420273,8454.806833983688,1.088815716699526,False,1.1701396033627285
2019-10-31,9199.5849609375,8597.162559943747,1.0700722356700088,8467.611100300603,1.0864439629981248,False,1.1625735204155878
2019-11-01,9261.1044921875,8630.318167621732,1.0730895793543604,8480.431511787334,1.0920558086360432,False,1.1718737083207376
2019-11-02,9324.7177734375,8661.62443366699,1.076555309555229,8493.268084710695,1.0978951424156214,False,1.1819448449024315
2019-11-03,9235.3544921875,8692.541529069977,1.0624458291400996,8506.120835349764,1.085730460565195,False,1.1535297993978506
2019-11-04,9412.6123046875,8723.820897740048,1.07895524392596,8518.989779995902,1.104897710617048,False,1.1921351788720516
2019-11-05,9342.52734375,8754.946725028352,1.067114128409473,8531.874934952744,1.0950145677213616,False,1.1685055160296567
2019-11-06,9360.8798828125,8785.911912837319,1.0654420367150599,8544.77631653622,1.0955090614480945,False,1.1672014056690614
2019-11-07,9267.5615234375,8816.99880656157,1.0511015966726254,8557.693941074549,1.0829508027806165,False,1.1382913179206073
2019-11-08,8804.880859375,8844.930798840222,0.995471989507202,8570.627824908253,1.0273320740618268,False,1.022680303650887
2019-11-09,8813.58203125,8870.821568694262,0.9935474367282661,8583.577984390162,1.0267958242213349,False,1.0201703591983946
2019-11-10,9055.5263671875,8899.461935052019,1.0175363896462992,8596.544435885413,1.0533914452167679,False,1.0718641280501673
2019-11-11,8757.7880859375,8930.352208599596,0.9806766722486127,8609.52719577147,1.0172205612218574,False,0.9975644749219174
2019-11-12,8815.662109375,8960.753968365534,0.9838080746884964,8622.526280438116,1.022398984086027,False,1.005844376097149
2019-11-13,8808.2626953125,8991.485611644577,0.9796226203048369,8635.541706287468,1.0200011759423588,False,0.9992162246906686
2019-11-14,8708.0947265625,9021.651017394091,0.96524402349115,8648.573489733977,1.0068822028163575,False,0.9718870286280931
2019-11-15,8491.9921875,9051.380509660577,0.938198563018808,8661.621647204443,0.9804159698248662,True,0.9198248540503805
2019-11-16,8550.7607421875,9080.122287547068,0.9417010554928802,8674.68619513801,0.9857141284234617,True,0.9282480351506184
2019-11-17,8577.9755859375,9108.455302618542,0.9417596399107829,8687.767149986184,0.9873625107403047,True,0.9298581625761959
2019-11-18,8309.2861328125,9133.953442490389,0.9097140887710676,8700.864528212827,0.9549954611831247,True,0.8687728257507118
2019-11-19,8206.1455078125,9155.487807093608,0.8963089330373457,8713.978346294174,0.9417220449374146,True,0.8440738813156015
2019-11-20,8027.26806640625,9175.193680107846,0.8748881327496835,8727.108620718831,0.919808428572654,True,0.8047294785613498
2019-11-21,7642.75,9192.779091618902,0.831386235199313,8740.255367987782,0.8744309723480707,True,0.726989874042137
2019-11-22,7296.57763671875,9208.42222018736,0.7923808728842463,8753.41860461441,0.8335689136210533,True,0.6605040633842232
2019-11-23,7397.796875,9223.866308675393,0.8020277644356243,8766.598347124474,0.8438617331460778,True,0.6768005393279202
2019-11-24,7047.9169921875,9234.628456717695,0.763205257820689,8779.794612056146,0.8027428093260308,True,0.6126575327553776
2019-11-25,7146.1337890625,9244.027105261688,0.7730541794922832,8793.007415959997,0.8127064439968181,True,0.6282661132320514
2019-11-26,7218.37109375,9251.823774290595,0.7802106125074226,8806.23677539901,0.8196885091615013,True,0.639529673798191
2019-11-27,7531.66357421875,9254.40270122619,0.813846535251899,8819.482706948585,0.8539801963991375,True,0.6950088240131742
2019-11-28,7463.10595703125,9258.442899691894,0.8060865134546124,8832.745227196547,0.8449361738694674,True,0.6810916544861191
2019-11-29,7761.24365234375,9258.06365862707,0.8383225627436124,8846.024352743152,0.8773708213833923,True,0.7355197554585936
2019-11-30,7569.6298828125,9255.056348786711,0.817891279916933,8859.320100201092,0.8544255989396615,True,0.6988272467105519
2019-12-01,7424.29248046875,9249.569666136502,0.8026635560841004,8872.632486195498,0.8367632145273514,True,0.6716393373728868
2019-12-02,7321.98828125,9245.400598767326,0.791960089022668,8885.961527363954,0.8239950464226339,True,0.6525711903191066
2019-12-03,7320.1455078125,9245.211786584341,0.791776941057717,8899.307240356495,0.8225522852629666,True,0.6512779322855463
2019-12-04,7252.03466796875,9245.056394903924,0.7844229778810466,8912.669641835622,0.8136770417168908,True,0.6382669680970041
2019-12-05,7448.3076171875,9239.81439617178,0.8061100902928815,8926.048748476296,0.8344462177017518,True,0.6726555158961126
2019-12-06,7546.99658203125,9236.757646775934,0.817061231942738,8939.44457696596,0.8442355134095696,True,0.6897921086362329
2019-12-07,7556.23779296875,9233.872529344735,0.8183173169171921,8952.857144004529,0.8440029446944706,True,0.6906622251725885
2019-12-08,7564.34521484375,9233.023398932044,0.8192706644411509,8966.286466304407,0.8436430447845719,True,0.6911719978518118
2019-12-09,7400.8994140625,9229.510403542412,0.801873457038624,8979.732560590488,0.8241781549868155,True,0.6608865863549925
2019-12-10,7278.11962890625,9224.316901046885,0.7890144828047096,8993.195443600172,0.8092918334256349,True,0.6385429773884026
2019-12-11,7217.42724609375,9218.207728952313,0.7829534176611618,9006.675132083352,0.8013420202516256,True,0.6274134734715102
2019-12-12,7243.13427734375,9208.545848459362,0.7865665650734165,9020.171642802437,0.8029929544770185,True,0.6316074099811427
2019-12-13,7269.6845703125,9198.383198578495,0.7903219960912203,9033.684992532355,0.8047308021390988,True,0.6359964538626615
2019-12-14,7124.673828125,9187.532943240498,0.7754719218032088,9047.215198060554,0.7874991002371992,True,0.6106834406792386
2019-12-15,7152.3017578125,9177.273794791592,0.779349283648012,9060.762276187012,0.7893708652537744,True,0.6151956183681405
2019-12-16,6932.48046875,9167.157814784745,0.7562300779385875,9074.326243724243,0.7639664127730108,True,0.577734379873797
2019-12-17,6640.51513671875,9152.90808437573,0.7255087755174003,9087.907117497301,0.7306979539803513,True,0.5301277778653545
2019-12-18,7276.802734375,9144.2641695909,0.7957778339971725,9101.504914343788,0.799516431937196,True,0.6362374544521296
2019-12-19,7202.84423828125,9134.050717054875,0.7885706420298583,9115.119651113864,0.7902084134903337,True,0.6231351559634681
2019-12-20,7218.81640625,9127.085684649273,0.790922388116859,9128.751344670243,0.7907780739875947,True,0.6254440827487187
2019-12-21,7191.15869140625,9123.205193964204,0.7882272226173132,9142.400011888212,0.7865723094652729,True,0.6199977068774978
2019-12-22,7511.5888671875,9120.991925257724,0.8235495578486933,9156.065669655627,0.8203948222086116,True,0.6756357930912594
2019-12-23,7355.62841796875,9117.621314245976,0.8067486205503872,9169.748334872922,0.802162518462475,True,0.6471435052268262
2019-12-24,7322.5322265625,9112.533309479266,0.8035671286869562,9183.448024453117,0.7973619720027286,True,0.6407338703664018
2019-12-25,7275.15576171875,9107.66438255715,0.7987948892420772,9197.164755321826,0.7910215762427296,True,0.6318639923829046
2019-12-26,7238.966796875,9104.318711624517,0.7951135088924545,9210.89854441726,0.7859132050979488,True,0.6248902061903453
2019-12-27,7290.08837890625,9099.274545032342,0.801172482798225,9224.64940869023,0.7902835171208247,True,0.6331534075262046
2019-12-28,7317.990234375,9094.925744503122,0.804623417491662,9238.41736510416,0.792125961099885,True,0.6373630979040568
2019-12-29,7422.65283203125,9089.98152909541,0.8165751281531939,9252.20243063509,0.8022579367107237,True,0.655103877481476
2019-12-30,7292.9951171875,9083.530885799979,0.8028810832347615,9266.004622271688,0.7870700927191554,True,0.6319236886240397
2019-12-31,7193.59912109375,9073.64517415365,0.7928014577410162,9279.82395701524,0.7751870244969062,True,0.6145694030430681
2020-01-01,7200.17431640625,9063.060479295455,0.7944528598098882,9293.660451879674,0.7747404108087456,True,0.6154947349772956
2020-01-02,6985.47021484375,9049.947460699435,0.7718796429679903,9307.514123891557,0.7505194321341584,True,0.579310671316253
2020-01-03,7344.88427734375,9038.145663217842,0.8126538950611202,9321.384990090108,0.7879606179931796,True,0.6403392653669248
2020-01-04,7410.65673828125,9028.015445609806,0.8208511364349677,9335.27306752719,0.7938339547944525,True,0.6516195039336911
2020-01-05,7411.3173828125,9016.98708572351,0.8219283572610138,9349.178373267338,0.7927239257734263,True,0.6515622740724542
2020-01-06,7769.21923828125,9007.342322897004,0.862542907748893,9363.100924387745,0.8297698915158581,True,0.7157121349905717
2020-01-07,8163.6923828125,8997.649935194448,0.9073138476837258,9377.040737978281,0.8706043421298624,True,0.7899113754680043
2020-01-08,8079.86279296875,8985.392938752551,0.8992219759384817,9390.99783114149,0.8603838418719589,True,0.7736760583536452
2020-01-09,7879.0712890625,8971.36729876281,0.8782464285180986,9404.972220992606,0.8377559341935982,True,0.7357561571753709
2020-01-10,8166.55419921875,8958.655262308968,0.9115825936038904,9418.963924659549,0.8670331752559433,True,0.7903723506404292
2020-01-11,8037.53759765625,8942.79034749179,0.8987728980933296,9432.972959282943,0.8520683386192206,True,0.7658159300743654
2020-01-12,8192.494140625,8924.738535481667,0.9179534064840649,9446.99934201611,0.8672059607528899,True,0.7960546657964016
2020-01-13,8144.1943359375,8911.470969659822,0.9139001140962465,9461.043090025087,0.8608135760975489,True,0.786697625411148
2020-01-14,8827.7646484375,8898.512962074681,0.9920494228711348,9475.104220488622,0.9316799523269266,True,0.9242725590065339
2020-01-15,8807.0107421875,8886.679115647981,0.9910350793109882,9489.182750598187,0.928110562696489,True,0.9197901251112809
2020-01-16,8723.7861328125,8877.928293046592,0.9826375979681182,9503.278697557987,0.9179764595406646,True,0.9020381831943162
2020-01-17,8929.0380859375,8871.035458714638,1.0065384280665772,9517.392078584959,0.9381811752852642,False,0.9443154054132838
2020-01-18,8942.80859375,8863.470060933469,1.0089511819040518,9531.52291090878,0.9382350205039114,False,0.9466333328411937
2020-01-19,8706.2451171875,8851.209157464853,0.9836221201308869,9545.671211771876,0.9120621194715797,True,0.8971244756457054
2020-01-20,8657.642578125,8840.902471202364,0.9792713590411952,9559.836998429426,0.9056265896110314,True,0.8868541811922375
2020-01-21,8745.89453125,8831.824776230116,0.9902703861141597,9574.02028814937,0.9135028199256674,True,0.9046147902041644
2020-01-22,8680.8759765625,8821.704761336841,0.9840361031587052,9588.221098212416,0.9053687735862623,True,0.8909155598814016
2020-01-23,8406.515625,8809.416006047137,0.9542648024828695,9602.439445912041,0.8754562496698512,True,0.8354170851735943
2020-01-24,8445.4345703125,8795.07709515997,0.9602456554883547,9616.675348554505,0.878207308057035,True,0.843294752179891
2020-01-25,8367.84765625,8779.643346532655,0.953096535470853,9630.92882345885,0.8688515728480665,True,0.8280994239198937
2020-01-26,8596.830078125,8766.53527537848,0.9806417025743215,9645.19988795691,0.8913065750829162,True,0.8740523973049983
2020-01-27,8909.8193359375,8757.247099787533,1.0174223970628473,9659.488559393316,0.9223903813492481,False,0.9384606328200659
2020-01-28,9358.58984375,8748.73419709032,1.069707872352838,9673.794855125507,0.967416611981543,False,1.0348531656815674
2020-01-29,9316.6298828125,8741.256107746687,1.0658227796982065,9688.118792523728,0.9616552069945814,False,1.024954025830219
2020-01-30,9508.9931640625,8738.330501146816,1.0881933525877217,9702.460388971045,0.9800599830195171,False,1.0664947586590738
2020-01-31,9350.529296875,8732.545848689922,1.0707678446690079,9716.81966186334,0.9623034719450482,False,1.0304036145721023
2020-02-01,9392.875,8732.18280437104,1.0756617458006308,9731.19662860933,0.9652332964257779,False,1.03826453273825
2020-02-02,9344.365234375,8730.712294218833,1.0702866982070303,9745.591306630567,0.9588299919798005,False,1.026222986257934
2020-02-03,9293.521484375,8725.436795641497,1.0651067335697475,9760.003713361442,0.9522047078375772,False,1.0141996460546177
2020-02-04,9180.962890625,8720.125594707208,1.0528475525854242,9774.433866249195,0.939283340217439,False,0.988922165932193
2020-02-05,9613.423828125,8715.889897638426,1.102976740301614,9788.881782753924,0.982075791850092,False,1.0832067556239409
2020-02-06,9729.8017578125,8712.6892910525,1.1167392102234752,9803.347480348582,0.992497897000641,False,1.1083613176449558
2020-02-07,9795.943359375,8710.6400557463,1.1245951269577186,9817.830976518992,0.9977706259970925,False,1.1220879838178826
2020-02-08,9865.119140625,8710.501593129226,1.1325546566005484,9832.33228876385,1.003334595587114,False,1.1363312683606142
2020-02-09,10116.673828125,8711.666425241523,1.1612788339567908,9846.851434594728,1.0274018954507946,False,1.1931000751540954
2020-02-10,9856.611328125,8711.4519098188,1.1314544842996235,9861.38843153609,0.9995155749675356,False,1.1309063794243346
2020-02-11,10208.236328125,8712.724719354597,1.1716468334467458,9875.943297125288,1.0336467131293106,False,1.2110688983405935
2020-02-12,10326.0546875,8716.01622444232,1.184721829514572,9890.516048912574,1.0440359872461167,False,1.2368922248892718
2020-02-13,10214.3798828125,8718.592140061215,1.171562990758366,9905.106704461105,1.031223608950331,False,1.2081434154424855
2020-02-14,10312.1162109375,8721.66347421806,1.1823565815650818,9919.715281346944,1.0395576806854958,False,1.2291278656750277
2020-02-15,9889.4248046875,8722.792483468222,1.1337452797862984,9934.34179715908,0.9954786141458888,False,1.1286191799161072
2020-02-16,9934.43359375,8722.218443710524,1.1389801411031604,9948.986269499419,0.9985372704961878,False,1.1373141212465125
2020-02-17,9690.142578125,8719.541067202668,1.1113133711329273,9963.6487159828,0.972549600487313,False,1.0808073751115375
2020-02-18,10141.99609375,8718.200708971812,1.1633129853632498,9978.329154236993,1.0164022389904337,False,1.1823939229698528
2020-02-19,9633.38671875,8713.870856547685,1.1055232373006059,9993.02760190272,0.9640108185947327,False,1.065736360965656
2020-02-20,9608.4755859375,8708.968964487762,1.1032850874905655,10007.744076633646,0.9601040466623874,False,1.059268477121958
2020-02-21,9686.44140625,8701.946763192122,1.1131349880491268,10022.478596096387,0.966471648043502,False,1.0758134063947236
2020-02-22,9663.181640625,8695.755566729082,1.1112526756843761,10037.231177970532,0.9627337927449069,False,1.0698405031595455
2020-02-23,9924.515625,8689.324521742383,1.1421504168899352,10052.001839948625,0.9873173307189449,False,1.127664900883301
2020-02-24,9650.1748046875,8681.758860031365,1.1115460542349866,10066.790599736194,0.9586148344975397,False,1.065544536816865
2020-02-25,9341.705078125,8673.193391778634,1.0770779176883167,10081.597475051743,0.9266096073804071,False,0.9980307464272776
2020-02-26,8820.5224609375,8663.688897950587,1.0181024001247334,10096.422483626762,0.8736285030902409,False,0.8894432758135523
2020-02-27,8784.494140625,8653.545853910113,1.015132327132203,10111.265643205736,0.8687828458475662,False,0.8819295520777778
2020-02-28,8672.455078125,8643.278617143376,1.0033756242594973,10126.126971546151,0.8564434459980713,False,0.8593344772712699
2020-02-29,8599.5087890625,8634.13399033055,0.9959897308396154,10141.006486418495,0.8479936188365059,True,0.8445929361786829
2020-03-01,8562.4541015625,8627.689138548676,0.9924388748900671,10155.90420560627,0.8431011092873294,True,0.8367263163196846
2020-03-02,8869.669921875,8621.825591758434,1.02874615445173,10170.820146905997,0.872070274939744,False,0.8971389417559246
2020-03-03,8787.7861328125,8615.36224608259,1.0200135388164684,10185.75432812722,0.8627526101376378,False,0.8800193429896369
2020-03-04,8755.24609375,8609.249678164833,1.016958088224047,10200.706767092515,0.8582979879388777,False,0.8728530809408672
2020-03-05,9078.7626953125,8604.253357216008,1.0551482294159251,10215.677481637496,0.8887088214786948,False,0.9377195394495583
2020-03-06,9122.5458984375,8597.591711021245,1.0610582829542041,10230.66648961082,0.8916863732877414,False,0.9461312121743524
2020-03-07,8909.9541015625,8590.455207914607,1.0371923123880014,10245.673808874195,0.8696308576450312,False,0.9019744401648108
2020-03-08,8108.1162109375,8581.3529446524,0.9448528994475393,10260.699457302384,0.7902108666838572,True,0.7466330285611954
2020-03-09,7923.64453125,8571.24010844919,0.9244455214175116,10275.743452783214,0.7711018251534743,True,0.7128416288199984
2020-03-10,7909.7294921875,8560.107452597254,0.9240222200467331,10290.80581321758,0.7686210036174418,True,0.7102228861371366
2020-03-11,7911.43017578125,8549.870738704669,0.9253274602113875,10305.886556519454,0.7676612906995874,True,0.7103380724256448
2020-03-12,4970.7880859375,8512.555213375976,0.5839360757539388,10320.985700615887,0.4816195109776072,True,0.281235007246795
2020-03-13,5563.70703125,8482.476475865134,0.6559059782930378,10336.103263447025,0.5382789712372261,True,0.35306039522392274
2020-03-14,5200.3662109375,8448.751956759588,0.6155188645083663,10351.239262966097,0.5023906876100321,True,0.30923094557730435
2020-03-15,5392.31494140625,8419.256448794855,0.6404740102884162,10366.393717139443,0.5201726934691647,True,0.333157091028723
2020-03-16,5014.47998046875,8385.97661839103,0.5979601671523441,10381.566643946506,0.4830176554704,True,0.28882531800261374
2020-03-17,5225.62939453125,8355.434461549781,0.6254168372187783,10396.758061379844,0.5026210443371336,True,0.31434766386892943
2020-03-18,5238.4384765625,8325.154320780915,0.6292301949870792,10411.967987445134,0.5031170363642173,True,0.3165764308927779
2020-03-19,6191.19287109375,8304.744893939174,0.7455006686132044,10427.196440161179,0.5937543141747936,True,0.4426442382092833
2020-03-20,6198.7783203125,8282.50235988623,0.7484185395870684,10442.443437559912,0.5936137798952703,True,0.44427155822797765
2020-03-21,6185.06640625,8259.397679330488,0.7488519921650467,10457.708997686412,0.5914360791276885,True,0.4428980860930537
2020-03-22,5830.2548828125,8233.172928710888,0.7081419196821576,10472.993138598898,0.5566942330292107,True,0.3942185228532917
2020-03-23,6416.31494140625,8212.450827564897,0.7812911244314596,10488.29587836874,0.611759528508285,True,0.47796228990989753
2020-03-24,6734.8037109375,8194.98795397764,0.8218198426598781,10503.617235080474,0.6411889885366621,True,0.526941833674446
2020-03-25,6681.06298828125,8176.696486077255,0.8170858487480033,10518.957226831786,0.6351449905356755,True,0.518967983669885
2020-03-26,6716.4404296875,8158.979163349389,0.8231961738373035,10534.315871733548,0.6375772771072441,True,0.5248511750402896
2020-03-27,6469.79833984375,8139.7841744868,0.7948365953144771,10549.693187909801,0.613268862383438,True,0.4874485345892345
2020-03-28,6242.19384765625,8119.511878466372,0.7687892992940959,10565.08919349777,0.5908321012091385,True,0.454225397089032
2020-03-29,5922.04296875,8096.302048883665,0.7314503501714766,10580.50390664787,0.5597127529085928,True,0.40940208911043136
2020-03-30,6429.841796875,8076.859325432433,0.7960819345495717,10595.937345523715,0.6068214247785549,True,0.4830795737638394
2020-03-31,6438.64453125,8057.72801259299,0.7990645156038263,10611.389528302117,0.6067673337292161,True,0.4848462456105613
2020-04-01,6606.7763671875,8039.971887887,0.8217412273718583,10626.860473173107,0.6217053836235005,True,0.5108809450024673
2020-04-02,6793.62451171875,8023.664679588846,0.8466984580002256,10642.350198339915,0.6383575418123788,True,0.5404963463053557
2020-04-03,6733.38720703125,8007.215128891887,0.8409149871265016,10657.85872201901,0.6317767370213073,True,0.5312705266790958
2020-04-04,6867.52734375,7991.866920191976,0.859314527172461,10673.386062440075,0.6434253669430181,True,0.5529047649654069
2020-04-05,6791.12939453125,7976.187381622903,0.8514255081541815,10688.932237846038,0.6353421692099483,True,0.5409465292713602
2020-04-06,7271.78125,7963.447934089358,0.9131448224670974,10704.497266493063,0.6793202024313594,True,0.6203177256474963
2020-04-07,7176.41455078125,7950.427855191044,0.9026450753962354,10720.081166650561,0.6694365872066887,True,0.60426363873218
2020-04-08,7334.0986328125,7938.894315921446,0.9238186504264166,10735.683956601199,0.683151503198162,True,0.6311080997213039
2020-04-09,7302.08935546875,7927.048590565948,0.9211611701433283,10751.305654640903,0.6791816352385753,True,0.6256357498562253
2020-04-10,6865.4931640625,7913.600870928455,0.8675561575620648,10766.946279078864,0.6376453440101921,True,0.5531931445368232
2020-04-11,6859.0830078125,7904.283715053739,0.8677678149064095,10782.605848237548,0.6361248017735563,True,0.5520086292428119
2020-04-12,6971.091796875,7896.287733555259,0.8828315319933643,10798.2843804527,0.6455740144697641,True,0.5699330962094482
2020-04-13,6845.03759765625,7889.147835129335,0.8676523422689837,10813.981894073351,0.6329803087064259,True,0.5492068474592747
2020-04-14,6842.427734375,7881.3874859184825,0.8681755270376224,10829.698407461821,0.6318207097679163,True,0.5485312776960454
2020-04-15,6642.10986328125,7872.303400525501,0.8437314373373704,10845.433938993732,0.6124337578969682,True,0.5167296148243361
2020-04-16,7116.80419921875,7867.002231803259,0.9046399110512836,10861.188507058012,0.655250960297207,True,0.5927661704395335
2020-04-17,7096.1845703125,7860.7100519923915,0.9027409131461205,10876.962130056894,0.6524050084447046,True,0.5889526930644751
2020-04-18,7257.6650390625,7855.174913927981,0.9239342368040668,10892.754826405933,0.6662837046023158,True,0.6156023261067269
2020-04-19,7189.4248046875,7849.02574453226,0.9159639729422154,10908.566614534011,0.6590622818499986,True,0.6036773060996868
2020-04-20,6881.95849609375,7841.565437886552,0.8776255902735368,10924.397512883334,0.629962292014524,True,0.5528710283793168
2020-04-21,6880.3232421875,7834.3534233916225,0.878224771127174,10940.24753990945,0.6289001429893101,True,0.5523156841386339
2020-04-22,7117.20751953125,7828.88616592059,0.9090957983924581,10956.116714081247,0.6496104144622634,True,0.590558098379627
2020-04-23,7429.724609375,7826.003724901413,0.949363796714599,10972.005053880963,0.6771528606566759,True,0.6428644107491737
2020-04-24,7550.90087890625,7822.588263061134,0.9652688630644396,10987.912577804194,0.6872006694118793,True,0.6633334088603265
2020-04-25,7569.93603515625,7819.3534575486665,0.9681025517331445,11003.839304359899,0.6879358945342757,True,0.6659924949274557
2020-04-26,7679.8671875,7815.114349633922,0.9826941544188337,11019.785252070404,0.6969162294752616,True,0.684855504824954
2020-04-27,7795.60107421875,7811.507880032855,0.99796367025952,11035.750439471409,0.7063951941443272,True,0.704956740601959
2020-04-28,7807.05859375,7809.0915535220465,0.9997396675710468,11051.734885111999,0.7064102310549484,True,0.7062263295636605
2020-04-29,8801.0380859375,7811.022308331128,1.1267459928453198,11067.738607554646,0.7951975013152248,False,0.8959855981275405
2020-04-30,8658.5537109375,7812.451792657814,1.1083017138198354,11083.761625375217,0.7811927036679105,False,0.865797212298696
2020-05-01,8864.7666015625,7814.466852237098,1.1344045306206305,11099.803957162978,0.7986417269867048,False,0.9059827934364025
2020-05-02,8988.5966796875,7817.710598528032,1.149773525945042,11115.865621520605,0.8086276845849363,False,0.9297387040819974
2020-05-03,8897.46875,7821.339632797931,1.137588848934451,11131.946637064186,0.799273392164456,False,0.9092444981762976
2020-05-04,8912.654296875,7824.765980230915,1.1390314188811024,11148.047022423232,0.799481225630646,False,0.9106342347988775
2020-05-05,9003.0703125,7829.160508043157,1.149940699676657,11164.166796240675,0.8064256363073701,False,0.9273416604524904
2020-05-06,9268.76171875,7834.463029179833,1.1830755578561098,11180.305977172888,0.8290257652763944,False,0.9808001197314586
2020-05-07,9951.5185546875,7840.955094153456,1.2691717316564877,11196.46458388968,0.8888090057469121,False,1.1280512649356895
2020-05-08,9842.666015625,7847.017446596889,1.2543193745406527,11212.6426350743,0.8778185781856748,False,1.1010648499500206
2020-05-09,9593.896484375,7853.043238945538,1.2216788055866115,11228.840149423462,0.8543978146191343,False,1.0437997016597151
2020-05-10,8756.4306640625,7858.866523509278,1.1142103810859008,11245.057145647326,0.7786915220303607,False,0.8676261775098083
2020-05-11,8601.7958984375,7864.179896320264,1.0937943958355245,11261.293642469529,0.7638372794043564,False,0.8354809355427387
2020-05-12,8804.4775390625,7864.762996190326,1.1194841527109425,11277.54965862717,0.7807083813040182,False,0.8739906607584602
2020-05-13,9269.9873046875,7864.853268780104,1.1786599174691712,11293.825212870832,0.820801378626181,False,0.9674456851901164
2020-05-14,9733.7216796875,7865.458765945959,1.237527519924243,11310.120323964578,0.860620523997706,False,1.0650415826587836
2020-05-15,9328.197265625,7865.7168916556475,1.1859309703252638,11326.435010685971,0.8235775208019359,False,0.976706088382715
2020-05-16,9377.013671875,7865.539574473078,1.1921640700031921,11342.76929182606,0.8266952655585049,False,0.985556392440597
2020-05-17,9670.7392578125,7867.155656248174,1.2292548514826833,11359.123186189408,0.8513631817612762,False,1.0465423215537824
2020-05-18,9726.5751953125,7868.978630343947,1.236065778321647,11375.496712594078,0.8550461963163315,False,1.05689334215071
2020-05-19,9729.0380859375,7870.5868561379575,1.2361261318589236,11391.889889871663,0.8540319630887078,False,1.0556912270167274
2020-05-20,9522.9814453125,7871.278459200426,1.2098392268388705,11408.302736867268,0.8347412989434325,False,1.0099027677241967
2020-05-21,9081.76171875,7870.711206766794,1.1538679898383277,11424.735272439533,0.7949209764762246,False,0.9172338692069419
2020-05-22,9182.5771484375,7869.886932138489,1.1667991201929901,11441.187515460633,0.8025895158198358,False,0.9364607409347024
2020-05-23,9209.287109375,7869.407391382482,1.1702643733325808,11457.659484816286,0.8037668706753911,False,0.9406197332164261
2020-05-24,8790.3681640625,7867.261160534933,1.1173352434463737,11474.15119940576,0.7661018241173037,False,0.8559925681548184
2020-05-25,8906.9345703125,7865.909377620629,1.1323464513402228,11490.662678141876,0.7751454219655864,False,0.8777331678353514
2020-05-26,8835.052734375,7866.029367378342,1.1231909165017042,11507.193939951021,0.7677851594819479,False,0.8623693169549362
2020-05-27,9181.017578125,7867.4344329718615,1.1669646129681113,11523.745003773147,0.7967043331068951,False,0.9297257637341051
2020-05-28,9525.7509765625,7869.121847708444,1.2105227445850875,11540.315888561781,0.8254324291074195,False,0.9992047295526492
2020-05-29,9439.1240234375,7871.6745406412165,1.1991252909026648,11556.906613284036,0.8167517779011677,False,0.9793877132710065
2020-05-30,9700.4140625,7874.881234264083,1.2318171885936404,11573.51719692061,0.838156102198648,False,1.0324550934129426
2020-05-31,9461.05859375,7877.310860271349,1.2010518261334802,11590.147658465788,0.8163018170730001,False,0.9804207880716048
2020-06-01,10167.2685546875,7882.4275321462,1.2898651479158212,11606.798016927472,0.8759753154883416,False,1.129890029882978
2020-06-02,9529.8037109375,7886.413506342377,1.2083824546193884,11623.468291327157,0.81987608793566,False,0.9907238796234344
2020-06-03,9656.7177734375,7890.580880412719,1.2238285013222503,11640.15850069996,0.8296036323609177,False,1.015292570083757
2020-06-04,9800.63671875,7895.110943254353,1.241355161338644,11656.868664094613,0.8407606709113775,False,1.0436825982863795
2020-06-05,9665.533203125,7900.377482995887,1.2234267570034834,11673.598800573478,0.8279823016232295,False,1.0129757021311876
2020-06-06,9653.6796875,7906.084064229137,1.221044401890161,11690.34892921255,0.8257819972658644,False,1.00831648494316
2020-06-07,9758.8525390625,7912.998387335268,1.2332686121459997,11707.119069101462,0.8335827526362988,False,1.0280314444526104
2020-06-08,9771.4892578125,7921.932558716638,1.2334729165373624,11723.909239343495,0.8334668119931364,False,1.0280587394262715
2020-06-09,9795.7001953125,7932.919253028695,1.2348165767063137,11740.719459055583,0.8343355983825255,False,1.0302514274189238
2020-06-10,9870.0947265625,7943.587591722434,1.2425235591091828,11757.549747368317,0.8394686766068513,False,1.0430596078182204
2020-06-11,9321.78125,7954.522260743577,1.1718844884002642,11774.400123425954,0.7916990379368622,False,0.9277798220396212
2020-06-12,9480.84375,7965.439394914399,1.1902474276627004,11791.270606386424,0.8040561587031135,False,0.9570257745927329
2020-06-13,9475.27734375,7975.921366761954,1.187985300762406,11808.161215421338,0.802434618810538,False,0.9532805319698036
2020-06-14,9386.7880859375,7984.27646522353,1.1756592005327944,11825.071969715988,0.7938038863507187,False,0.9332428424069111
2020-06-15,9450.7021484375,7993.2688413351125,1.182332577076058,11842.002888469358,0.7980661917959601,False,0.943579657223393
2020-06-16,9538.0244140625,8000.943865359519,1.1921124025576342,11858.953990894133,0.8042888454906096,False,0.9588027079481165
2020-06-17,9480.2548828125,8009.474789175426,1.1836300297273912,11875.9252962167,0.7982750519517511,False,0.9448623234722858
2020-06-18,9411.8408203125,8018.6087916070765,1.1737498442577337,11892.916823677157,0.7913820436021904,False,0.928884550426438
2020-06-19,9288.0185546875,8027.913651107194,1.1569654281728,11909.928592529322,0.779855100098043,False,0.9022653897976741
2020-06-20,9332.3408203125,8037.416394310548,1.1611120243712385,11926.960622040737,0.7824575863079952,False,0.9085209120227095
2020-06-21,9303.6298828125,8047.250012636037,1.1561253680702919,11944.01293149267,0.7789366887138662,False,0.9005484659427729
2020-06-22,9648.7177734375,8057.176070106269,1.1975309574326132,11961.085540180131,0.806675760408632,False,0.9660191956998303
2020-06-23,9629.658203125,8066.48867280314,1.19378562268267,11978.178467411872,0.8039334385711222,False,0.9597241805600472
2020-06-24,9313.6103515625,8074.6210373975655,1.1534424102910295,11995.291732510392,0.7764388361076846,False,0.8955774825636094
2020-06-25,9264.8134765625,8082.5387632235625,1.146275167737941,12012.425354811954,0.771269181943444,False,0.8840867109033258
2020-06-26,9162.91796875,8091.034754233823,1.1324778902915091,12029.579353666575,0.7616989505087868,False,0.8626072205094475
2020-06-27,9045.390625,8099.831188717037,1.1167381658027782,12046.75374843805,0.7508571034062019,False,0.8385107844378289
2020-06-28,9143.58203125,8109.416980866333,1.127526436588933,12063.948558503944,0.7579261455657185,False,0.8545817661072995
2020-06-29,9190.8544921875,8119.048813637035,1.1320112371722932,12081.163803255607,0.7607590329758436,False,0.8611877741089821
2020-06-30,9137.9931640625,8128.329041674539,1.124215458947508,12098.39950209818,0.7553059528640736,False,0.8491266284448694
2020-07-01,9228.3251953125,8138.912401069173,1.1338523798462576,12115.655674450594,0.7616859906949258,False,0.8636394732449961
2020-07-02,9123.41015625,8148.929556709964,1.1195838781963248,12132.932339745588,0.7519542597598715,False,0.8418758663682036
2020-07-03,9087.3037109375,8160.302287748495,1.1135989073077308,12150.229517429709,0.7479121030513547,False,0.8328741007202155
2020-07-04,9132.48828125,8174.006803969976,1.117259686744389,12167.547226963316,0.750561153443677,False,0.8385717191789898
2020-07-05,9073.9423828125,8183.109469112018,1.108862397241907,12184.88548782059,0.7446883593516218,False,0.825756919348782
2020-07-06,9375.474609375,8193.895641441872,1.1442023452138093,12202.244319489542,0.7683401810272231,False,0.8791366370533514
2020-07-07,9252.27734375,8204.128903666993,1.12775865084403,12219.62374147202,0.7571654855745532,False,0.853899926477223
2020-07-08,9428.3330078125,8215.24850517026,1.1476625450683307,12237.02377328371,0.7704759901175284,False,0.8842464357323246
2020-07-09,9277.9677734375,8223.810264029804,1.1281835883323432,12254.444434454143,0.7571104363859947,False,0.8541595688858178
2020-07-10,9278.8076171875,8233.349804491143,1.1269784276778911,12271.885744526713,0.7561028362186201,False,0.8521115855244544
2020-07-11,9240.3466796875,8242.967858429321,1.1209975385550304,12289.347723058667,0.751898871113372,False,0.842876783760396
2020-07-12,9276.5,8253.05489731366,1.124008032833935,12306.83038962112,0.7537684120375359,False,0.8472417500266697
2020-07-13,9243.6142578125,8263.270319225172,1.118638735115137,12324.333763799068,0.7500295297879929,False,0.8390120845010414
2020-07-14,9243.2138671875,8273.17792417513,1.1172507048564517,12341.85786519138,0.7489321274114487,False,0.836744947240083
2020-07-15,9192.8369140625,8282.726532255941,1.1098805300721035,12359.402713410813,0.7437929750511028,False,0.8255213414136248
2020-07-16,9132.2275390625,8291.386628236221,1.1014113740592923,12376.968328084022,0.7378404223868759,False,0.8126658334576176
2020-07-17,9151.392578125,8300.968965574752,1.1024487160567724,12394.554728851557,0.7383397611551747,False,0.8139817216991864
2020-07-18,9159.0400390625,8311.259298597564,1.1020038853327545,12412.161935367878,0.7379085196241472,False,0.8131780556459512
2020-07-19,9185.8173828125,8321.641422318204,1.1038468153862797,12429.78996730136,0.7390162993081402,False,0.8157607885098442
2020-07-20,9164.2314453125,8333.442492412187,1.0996933684556853,12447.438844334289,0.7362343016839799,False,0.809631979191475
2020-07-21,9374.8876953125,8343.691892429439,1.1235898707883385,12465.108586162887,0.7520903352353672,False,0.8450410825882644
2020-07-22,9525.36328125,8354.132878238184,1.1401977225024482,12482.799212497304,0.7630791074259664,False,0.8700610603762879
2020-07-23,9581.072265625,8364.809370207375,1.1454023447025037,12500.510743061632,0.7664544643460223,False,0.8778987405696355
2020-07-24,9536.892578125,8373.164119078121,1.138983118268916,12518.2431975939,0.7618395351160826,False,0.8677223693270572
2020-07-25,9677.11328125,8379.884980424671,1.1548026379664686,12535.996595846107,0.7719460680498734,False,0.8914453557518369
2020-07-26,9905.1669921875,8387.900483710857,1.1808875190428338,12553.770957584193,0.7890192537090559,False,0.9317429889895154
2020-07-27,10990.873046875,8400.560557613004,1.3083499573030906,12571.566302588073,0.8742644140223275,False,1.1438438087577236
2020-07-28,10912.8232421875,8411.44775595347,1.2973775215406411,12589.382650651634,0.8668275121197182,False,1.12460252927712
2020-07-29,11100.4677734375,8423.609946509605,1.317780363042222,12607.220021582736,0.8804849724550079,False,1.1602858066549813
2020-07-30,11111.2138671875,8435.001111551554,1.3172747365700912,12625.078435203235,0.8800906801660305,False,1.1593212188735003
2020-07-31,11323.466796875,8447.283205417722,1.340486227526102,12642.957911348965,0.8956343030067733,False,1.2005854480805194
2020-08-01,11759.5927734375,8457.371504405597,1.3904547964236544,12660.85846986977,0.9288148036266974,False,1.2914749986920362
2020-08-02,11053.6142578125,8465.632995759699,1.3057044007635437,12678.780130629493,0.871820012960797,False,1.1383392275966424
2020-08-03,11246.3486328125,8474.856313448137,1.3270252871386718,12696.722913505992,0.8857678244556576,False,1.1754363015864657
2020-08-04,11205.892578125,8483.036021547721,1.3209766585525469,12714.686838391135,0.8813345323055514,False,1.164222345551959
2020-08-05,11747.0224609375,8492.651569100584,1.3831984469582532,12732.671925190823,0.9225889530458037,False,1.2761236070337965
2020-08-06,11779.7734375,8503.472859005402,1.3852897084307043,12750.678193824988,0.9238546576451764,False,1.2798063493216345
2020-08-07,11601.47265625,8514.082584749342,1.362621579103646,12768.705664227595,0.9085864269510356,False,1.2380594718441598
2020-08-08,11754.0458984375,8524.701866162064,1.3788219321890878,12786.754356346657,0.919236075932234,False,1.2674628623547979
2020-08-09,11675.7392578125,8535.451774930425,1.3679111036753144,12804.824290144239,0.9118234653793112,False,1.2472934428840634
2020-08-10,11878.111328125,8548.135114550189,1.3895558702513604,12822.915485596455,0.9263190841012154,False,1.2871721210387075
2020-08-11,11410.525390625,8559.391387739095,1.3331000854768733,12841.027962693497,0.8885990610545763,False,1.184591484246525
2020-08-12,11584.9345703125,8571.565252399902,1.3515541478341897,12859.161741439615,0.9009090019436631,False,1.217627298398118
2020-08-13,11784.1376953125,8583.138736032617,1.3729403727149214,12877.31684185314,0.9151081580141253,False,1.2563889355383784
2020-08-14,11768.87109375,8593.193897795507,1.3695572605162767,12895.493283966493,0.912634424646844,False,1.24990510247218
2020-08-15,11865.6982421875,8601.537817516362,1.3794856796448571,12913.691087826177,0.918846374865926,False,1.2675354159211352
2020-08-16,11892.8037109375,8610.147532414861,1.3812543474039594,12931.910273492795,0.9196478679035374,False,1.2702676156225432
2020-08-17,12254.40234375,8618.889563056271,1.4218075604863152,12950.150861041053,0.9462748716399801,False,1.3454207667959412
2020-08-18,11991.2333984375,8627.646119110694,1.3898615257151405,12968.412870559772,0.9246492626448827,False,1.2851344349309963
2020-08-19,11758.283203125,8635.62459104469,1.3616019407928601,12986.696322151884,0.9054098834257382,False,1.2328078544855223
2020-08-20,11878.3720703125,8644.145518748295,1.3741522565243132,13005.001235934446,0.9133695456707126,False,1.2551088222239963
2020-08-21,11592.4892578125,8652.125295617752,1.3398429705686328,13023.327632038643,0.8901326592823986,False,1.1926379864130856
2020-08-22,11681.8251953125,8660.861942152367,1.3488063051157901,13041.6755306098,0.8957303965962327,False,1.208166806612866
2020-08-23,11664.84765625,8667.728429924498,1.345779087399443,13060.044951807387,0.8931705594654706,False,1.202010260409491
2020-08-24,11774.595703125,8674.438332570151,1.3573899832701102,13078.435915805014,0.9003061053268342,False,1.2220664892475694
2020-08-25,11366.134765625,8679.747323465543,1.30950065042756,13096.848442790459,0.8678526605293214,False,1.1364536234384348
2020-08-26,11488.36328125,8685.14587875307,1.3227599676079809,13115.282552965657,0.8759524039878368,False,1.158674773525084
2020-08-27,11323.3974609375,8689.1206877988,1.3031695458940662,13133.738266546712,0.8621610413677591,False,1.123542012766778
2020-08-28,11542.5,8694.718298965632,1.3275300709136435,13152.215603763903,0.8776087883395681,False,1.1650520570188636
2020-08-29,11506.865234375,8698.899173553451,1.3227955635304267,13170.714584861696,0.8736705332299046,False,1.15568750534378
2020-08-30,11711.505859375,8703.235870944263,1.3456495989582267,13189.235230098746,0.8879594347251109,False,1.194882257229019
2020-08-31,11680.8203125,8707.893264435701,1.3414060046195289,13207.777559747903,0.8843895393952222,False,1.1863254385674504
2020-09-01,11970.478515625,8712.989745462106,1.373865787212645,13226.341594096215,0.905048340878192,False,1.2434149513061155
2020-09-02,11414.0341796875,8718.119639759534,1.3092311933450738,13244.927353444942,0.8617664616120951,False,1.128251532921165
2020-09-03,10245.296875,8719.280487461143,1.1750163204100799,13263.534858109568,0.7724409054299607,False,0.9076306704325429
2020-09-04,10511.8134765625,8722.347913860038,1.205158700429612,13282.164128419785,0.7914232481189132,False,0.9537906131927718
2020-09-05,10169.5673828125,8722.449602639135,1.1659072675794553,13300.815184719522,0.7645822636867914,False,0.8914320178947815
2020-09-06,10280.3515625,8724.935392504334,1.178272514353738,13319.488047366947,0.7718278304647199,False,0.9094235184498561
2020-09-07,10369.5634765625,8727.843825327143,1.1881014009979516,13338.182736734461,0.7774345037276976,False,0.9236710230630247
2020-09-08,10131.5166015625,8729.571510367039,1.1605972400283957,13356.899273208723,0.7585230968900322,False,0.8803398127483627
2020-09-09,10242.34765625,8731.801743235017,1.172993610875932,13375.63767719064,0.7657464939945396,False,0.8982157450062402
2020-09-10,10363.138671875,8733.427851381435,1.186606089639337,13394.397969095386,0.7736920088372508,False,0.9180676491915734
2020-09-11,10400.9150390625,8736.281262250668,1.1905426035222433,13413.1801693524,0.7754249855546871,False,0.9231764811384751
2020-09-12,10442.1708984375,8740.58848066268,1.1946759559198252,13431.984298405403,0.7774108922742827,False,0.928754100870263
2020-09-13,10323.755859375,8746.89891374579,1.180276113989516,13450.810376712388,0.7675192475576557,False,0.9058846349195071
2020-09-14,10680.837890625,8754.637422169426,1.2200205874406453,13469.658424745649,0.792955363367107,False,0.9674218682293483
2020-09-15,10796.951171875,8763.34085563007,1.2320587946705763,13488.528462991759,0.8004543417392348,False,0.9862068114720712
2020-09-16,10974.9052734375,8773.01584076163,1.250984321998524,13507.42051195161,0.8125093361627933,False,1.0164364410170827
2020-09-17,10948.990234375,8782.823124578876,1.2466367680494521,13526.33459214039,0.8094572967858579,False,1.009099228339168
2020-09-18,10944.5859375,8791.074756422435,1.2449656317055307,13545.27072408761,0.8080005309925035,False,1.0059328914854864
2020-09-19,11094.3466796875,8800.226196918706,1.2606888086094938,13564.228928337097,0.8179120787699362,False,1.0311326041317854
2020-09-20,10938.271484375,8809.061780231743,1.2417067512140032,13583.209225447012,0.805278877975542,False,0.9999202193922679
2020-09-21,10462.259765625,8814.716799700798,1.1869082130897415,13602.211635989846,0.7691587254783697,False,0.9129208084399149
2020-09-22,10538.4599609375,8820.442286516143,1.194776817149827,13621.23618055243,0.773678675066487,False,0.9243733448926326
2020-09-23,10246.1865234375,8826.139669883389,1.1608910471244416,13640.282879735954,0.7511711167412273,False,0.8720278242833595
2020-09-24,10760.06640625,8837.995310176977,1.2174781756061528,13659.351754155952,0.7877435620600498,False,0.9590605947823616
2020-09-25,10692.716796875,8850.778124076412,1.2081103657754155,13678.442824442325,0.781720326948908,False,0.9444044301243227
2020-09-26,10750.7236328125,8863.883410051829,1.2128683484962082,13697.55611123934,0.7848643616061658,False,0.9519371420548011
2020-09-27,10775.26953125,8877.10034277727,1.2138276143309734,13716.691635205641,0.7855589246895289,False,0.9535331154722957
2020-09-28,10709.65234375,8919.779968812933,1.2006632877935517,13735.84941701425,0.779686207864526,False,0.9361406057819084
2020-09-29,10844.640625,8954.734877053914,1.2110509997106538,13755.029477352582,0.7884127506128222,False,0.9548080498142847
2020-09-30,10784.4912109375,8994.834237270497,1.1989649755024365,13774.231836922445,0.7829468342495288,False,0.9387258319456966
2020-10-01,10619.4521484375,9031.913361655419,1.175769930823507,13793.456516440046,0.7698905735324908,False,0.9052141863839669
2020-10-02,10575.974609375,9074.890389354327,1.165410727360584,13812.703536636005,0.7656701370100288,False,0.8923201912911357
2020-10-03,10549.3291015625,9114.830576579408,1.157380711899247,13831.972918255347,0.7626771078794959,False,0.8827077740668298
2020-10-04,10669.5830078125,9155.375532601076,1.165389990811358,13851.264682057536,0.7702966662411354,False,0.8976960247927764
2020-10-05,10793.33984375,9184.330559467084,1.1751906983165334,13870.578848816447,0.7781463168475465,False,0.9144703134885067
2020-10-06,10604.40625,9212.684869306602,1.151065775117319,13889.9154393204,0.7634608213654357,False,0.8787936221167103
2020-10-07,10668.96875,9241.611193479332,1.1544489945138332,13909.274474372149,0.7670399178373815,False,0.8855084618993383
2020-10-08,10915.685546875,9275.86123643517,1.1767840493342734,13928.655974788904,0.7836854874319942,False,0.922228581304726
2020-10-09,11064.4580078125,9304.114130796394,1.189200589359648,13948.059961402327,0.7932614312263172,False,0.9433469615306143
2020-10-10,11296.361328125,9330.138653797669,1.2107388482942871,13967.486455058535,0.8087612158760213,False,0.9791986230548214
2020-10-11,11384.181640625,9357.130920771471,1.2166316509854287,13986.935476618124,0.8139153612065966,False,0.9902351896671832
2020-10-12,11555.36328125,9384.505663000085,1.2313235983019188,14006.407046956158,0.8250055308624767,False,1.0158487788805697
2020-10-13,11425.8994140625,9414.121240534689,1.2136979248647906,14025.901186962183,0.8146285405663258,False,0.9887129692209825
2020-10-14,11429.5068359375,9446.45052971142,1.2099260775239207,14045.417917540235,0.8137534178790133,False,0.9845814809660385
2020-10-15,11495.349609375,9483.12037879098,1.2121906239938043,14064.957259608844,0.817304268843167,False,0.9907285716417985
2020-10-16,11322.123046875,9513.434281222311,1.1901194365974328,14084.519234101042,0.8038700404811968,False,0.9567013596750374
2020-10-17,11358.1015625,9543.97318983263,1.1900810424111412,14104.10386196437,0.8053047307124753,False,0.958377893384926
2020-10-18,11483.359375,9573.337489158708,1.199514734334216,14123.711164160883,0.8130553819409156,False,0.975271910467862
2020-10-19,11742.037109375,9601.848271098974,1.2228934240418978,14143.341161667156,0.8302166351752558,False,1.0152664636860116
2020-10-20,11916.3349609375,9631.717852362606,1.2371972625853538,14162.99387547429,0.8413711864673419,False,1.0409421287155867
2020-10-21,12823.689453125,9663.191527929252,1.3270656403798942,14182.669326587935,0.9041802468795288,False,1.1999065383440326
2020-10-22,12965.8916015625,9696.043465667995,1.3372353009217077,14202.367536028263,0.9129387455064025,False,1.2208139180703406
2020-10-23,12931.5390625,9724.418410154376,1.3298007672105823,14222.08852483001,0.9092573878951133,False,1.2091311720148117
2020-10-24,13108.0625,9754.32453815761,1.3438206252747709,14241.832314042453,0.920391576797,False,1.2368411842289768
2020-10-25,13031.173828125,9782.765909597281,1.3320541397541672,14261.598924729444,0.9137246038751727,False,1.2171306411871603
2020-10-26,13075.248046875,9811.785824954548,1.332606345077408,14281.388377969397,0.9155446025853481,False,1.2200605466066088
2020-10-27,13654.21875,9846.769181827056,1.3866699318188422,14301.200694855303,0.9547603058889981,False,1.3239374082704338
2020-10-28,13271.28515625,9881.037633403439,1.3431064275461948,14321.035896494726,0.9266986866151444,False,1.2446549623914174
2020-10-29,13437.8828125,9914.853149422868,1.3553284763760927,14340.894004009839,0.9370324338735543,False,1.2699867409168262
2020-10-30,13546.5224609375,9950.503905656677,1.3613905978406333,14360.775038537387,0.9433002344640296,False,1.2842000701401948
2020-10-31,13780.9951171875,9987.066079922892,1.3798842429701736,14380.67902122873,0.958299333212571,False,1.3223421499488508
2020-11-01,13737.109375,10025.996261121603,1.3701490622203,14400.605973249838,0.9539257862146683,False,1.3070205214097903
2020-11-02,13550.4892578125,10059.639652710588,1.3470153728778242,14420.555915781288,0.9396648324065912,False,1.2657429746043427
2020-11-03,13950.30078125,10094.795124203272,1.3819300550045608,14440.528870018283,0.966051929733259,False,1.3350161963935447
2020-11-04,14133.70703125,10129.065780397466,1.3953613628023442,14460.524857170656,0.9773993109414286,False,1.363825234517304
2020-11-05,15579.8486328125,10167.639012818827,1.5322975779500279,14480.543898462876,1.0759159836852754,False,1.6486234558786692
2020-11-06,15565.880859375,10209.714961965252,1.5246146358995656,14500.586015134048,1.0734656408457643,False,1.636621427168759
2020-11-07,14833.75390625,10250.492682883512,1.4471259445918843,14520.651228437935,1.0215625782126678,False,1.4783297109557276
2020-11-08,15479.5673828125,10290.525180731496,1.5042543612640131,14540.739559642945,1.064565342039082,False,1.6013770586128049
2020-11-09,15332.3154296875,10327.38787432395,1.4846266661298593,14560.851030032161,1.0529820954877,False,1.5632852979183374
2020-11-10,15290.90234375,10363.260740459882,1.4754914236647343,14580.985660903323,1.048687839036164,False,1.5473299125993634
2020-11-11,15701.33984375,10400.128073518605,1.5097256238343488,14601.143473568854,1.0753500143446115,False,1.6234834712466946
2020-11-12,16276.34375,10437.454223438135,1.559417018898169,14621.32448935586,1.113192157239173,False,1.735930795302733
2020-11-13,16317.80859375,10474.074439987757,1.5579236797718494,14641.528729606129,1.1144880357168117,False,1.7362873016656355
2020-11-14,16068.138671875,10510.32256335483,1.5287959598783378,14661.756215676149,1.095921827884109,False,1.675440862811709
2020-11-15,15955.587890625,10538.538992777174,1.5140227598493987,14682.006968937112,1.0867443343667127,False,1.645355656368588
2020-11-16,16716.111328125,10569.543830648117,1.5815357404218247,14702.281010774917,1.1369740053175557,False,1.798165025340268
2020-11-17,17645.40625,10600.992332111293,1.6645051422733876,14722.578362590184,1.1985269030618082,False,1.9949541932993777
2020-11-18,17804.005859375,10632.035482942201,1.674562306337234,14742.899045798249,1.2076326239545927,False,2.0222560719774885
2020-11-19,17817.08984375,10663.932271862854,1.670780476612834,14763.24308182918,1.206854736794217,False,2.0163893323434983
2020-11-20,18621.314453125,10697.298213765747,1.7407493070691704,14783.610492127782,1.2595917934283227,False,2.1926335416003666
2020-11-21,18642.232421875,10730.259568958028,1.7373514873587788,14804.001298153602,1.259269845119516,False,2.18779433840445
2020-11-22,18370.001953125,10761.120383175792,1.7070715036182595,14824.415521380939,1.2391720892220228,False,2.1153553615900185
2020-11-23,18364.12109375,10787.840162257808,1.7022982188778126,14844.85318329885,1.2370699034201624,False,2.1058618932194904
2020-11-24,19107.46484375,10816.582013064244,1.7664974777311395,14865.314305411144,1.2853724079547153,False,2.2706071165972057
2020-11-25,18732.12109375,10846.410135551641,1.7270341854722144,14885.798909236413,1.2583886970370801,False,2.1732802983948747
2020-11-26,17150.623046875,10879.388751556206,1.5764325954821448,14906.307016308017,1.1505615058184178,False,1.8137826608791732
2020-11-27,17108.40234375,10913.70536931969,1.5676071292747806,14926.83864817411,1.1461504171777688,False,1.7967135651891344
2020-11-28,17717.4140625,10947.839396980151,1.6183480064008946,14947.39382639762,1.1853179402559413,False,1.9182569255644173
2020-11-29,18177.484375,10979.610194200362,1.6555673701969575,14967.972572556286,1.2144252861826017,False,2.0105628773460174
2020-11-30,19625.8359375,11010.911483991542,1.7823988473645853,14988.574908242646,1.3093863864740864,False,2.3338487860062913
2020-12-01,18802.998046875,11043.755429331672,1.702590949898724,15009.200855064044,1.2527647693202095,False,2.1329459585965513
2020-12-02,19201.091796875,11077.129975643571,1.7333995212744115,15029.85043464265,1.2775304638173883,False,2.214470694394538
2020-12-03,19445.3984375,11109.111686468721,1.7504008408867797,15050.523668615448,1.2920080965720213,False,2.2615320586721936
2020-12-04,18699.765625,11139.637776386915,1.6786690914347822,15071.220578634262,1.2407598659600105,False,2.082825236879833
2020-12-05,19154.23046875,11171.107499084821,1.7146223389506534,15091.941186365744,1.2691694350130507,False,2.1761462651867562
2020-12-06,19345.12109375,11204.474674804997,1.726553154450919,15112.6855134914,1.2800584698517161,False,2.210088989004097
2020-12-07,19191.630859375,11241.003030084457,1.7072881137041032,15133.453581707578,1.268159363344049,False,2.165113407319858
2020-12-08,18321.14453125,11275.427639648042,1.6248735850006206,15154.245412725488,1.2089776846206521,False,1.9644359045953088
2020-12-09,18553.916015625,11310.29969936188,1.6404442418684804,15175.061028271206,1.2226584117888535,False,2.0057029513910862
2020-12-10,18264.9921875,11348.170579810801,1.6095098376468462,15195.900450085675,1.2019684024316586,False,1.9345799682544178
2020-12-11,18058.904296875,11384.925965707129,1.5862118340752287,15216.76369992472,1.186776942390473,False,1.8824796304273843
2020-12-12,18803.65625,11423.947044340437,1.6459859431259847,15237.650799559051,1.2340259333508379,False,2.031189339748402
2020-12-13,19142.3828125,11461.052925688648,1.6702115361141492,15258.561770774262,1.2545338872740075,False,2.095336970971175
2020-12-14,19246.64453125,11495.982440445096,1.674206152536957,15279.496635370851,1.2596386510989837,False,2.1088947796432715
2020-12-15,19417.076171875,11532.069311696363,1.6837460517325624,15300.455415164226,1.269052171651754,False,2.1367615834612748
2020-12-16,21310.59765625,11569.536092429382,1.8419578353011716,15321.438131984696,1.3909006108090118,False,2.5619802782048446
2020-12-17,22805.162109375,11611.076902135714,1.964086733865338,15342.444807677493,1.4864099167534954,False,2.919437998581422
2020-12-18,23137.9609375,11648.362504573499,1.9863702669293934,15363.47546410278,1.50603689845846,False,2.991546915996447
2020-12-19,23869.83203125,11691.287862639307,2.041676871846468,15384.530123135644,1.5515476807025743,False,3.1677590152574746
2020-12-20,23477.294921875,11733.099163942972,2.000945751317193,15405.608806666116,1.5239446370802436,False,3.0493305468083354
2020-12-21,22803.08203125,11773.28356918231,1.936849808913058,15426.711536599169,1.478155728597811,False,2.862965640478412
2020-12-22,23783.029296875,11816.000772107382,2.0127816302294725,15447.83833485473,1.5395700538381283,False,3.0988183228167845
2020-12-23,23241.345703125,11858.429341971085,1.9599008463006002,15468.989223367687,1.5024475980638912,False,2.944648318967724
2020-12-24,23735.94921875,11901.00805525586,1.994448630615577,15490.16422408789,1.5323239234506985,False,3.056141350785734
2020-12-25,24664.791015625,11944.930872085031,2.064875157483408,15511.363358980165,1.5901110975745107,False,3.2833809030202823
2020-12-26,26437.037109375,11990.95093614609,2.2047490019896543,15532.586650024321,1.70203699519253,False,3.7525643665002004
2020-12-27,26272.294921875,12036.597716779008,2.1827010871395527,15553.834119215142,1.6891201693747213,False,3.6868444300035494
2020-12-28,27084.80859375,12087.779165376012,2.2406769864998175,15575.10578856242,1.7389807145733631,False,3.8964940671115427
2020-12-29,27362.4375,12138.347720866645,2.2542143403061448,15596.401680090932,1.7544070780716432,False,3.9548095941237
2020-12-30,28840.953125,12190.779206257059,2.3658006298889447,15617.721815840474,1.8466811910907321,False,4.368879525086521
2020-12-31,29001.720703125,12244.555458695238,2.368540107556945,15639.066217865846,1.8544406871296348,False,4.392317144552
2021-01-01,29374.15234375,12298.594000501042,2.388415484123901,15660.434908236875,1.8756919916892065,False,4.4799317963977
2021-01-02,32127.267578125,12354.598583604551,2.6004299015234875,15681.827909038415,2.0486940530451845,False,5.327485274612044
2021-01-03,32782.0234375,12412.086497720336,2.6411372047335395,15703.245242370349,2.0875954575967426,False,5.513626031491495
2021-01-04,31971.9140625,12470.107105826919,2.563884479192681,15724.686930347605,2.033230563134222,False,5.212968283440026
2021-01-05,33992.4296875,12531.244031989889,2.7126141347757473,15746.152995100156,2.1587767944384684,False,5.855928446419667
2021-01-06,36824.36328125,12594.371963645774,2.923874520106695,15767.643458773031,2.3354386073945075,False,6.8285294374342635
2021-01-07,39371.04296875,12659.81154016106,3.1099233068242906,15789.15834352632,2.4935491881296157,False,7.754746736877079
2021-01-08,40797.609375,12723.54148368985,3.206466487911243,15810.697671535178,2.580380083318528,False,8.273902263234481
2021-01-09,40254.546875,12787.813661745296,3.1478834412031937,15832.261464989837,2.542564558071227,False,8.003696870542532
2021-01-10,38356.44140625,12854.633988511558,2.983861029456764,15853.849746095615,2.4193771242026676,False,7.219085116467516
2021-01-11,35566.65625,12920.921185771365,2.7526409099349913,15875.46253707291,2.2403540159503104,False,6.166890117041975
2021-01-12,33922.9609375,12987.758892849757,2.611917977332937,15897.09986015722,2.1339087780734687,False,5.573594699438653
2021-01-13,37316.359375,13058.785506239683,2.8575673715729297,15918.761737599145,2.3441747536720166,False,6.698637289358165
2021-01-14,39187.328125,13130.6727503615,2.9844112994074226,15940.44819166439,2.4583579867906042,False,7.3367513537663624
2021-01-15,36825.3671875,13201.439149001095,2.7894964156454445,15962.159244633782,2.307041711783454,False,6.435484585764475
2021-01-16,36178.140625,13273.09895018008,2.725673993751788,15983.894918803268,2.263412066256796,False,6.169323406140148
2021-01-17,35791.27734375,13344.321098879356,2.6821355000784357,16005.655236483919,2.236164456558202,False,5.997696072948356
2021-01-18,36630.07421875,13418.009222732986,2.72991869439848,16027.44022000195,2.285460043272309,False,6.2391200974298355
2021-01-19,36069.8046875,13492.526113465326,2.673317389506692,16049.249891698713,2.247444891873525,False,6.008133511403482
2021-01-20,35547.75,13566.999440472953,2.6201630033207097,16071.084273930712,2.21190738559332,False,5.795557898503453
2021-01-21,30825.69921875,13638.947661488994,2.2601229936375233,16092.943389069605,1.915479255316771,False,4.329218708777114
2021-01-22,33005.76171875,13710.345529487808,2.4073617727403134,16114.82725950222,2.0481610623091178,False,4.930664645818161
2021-01-23,32067.642578125,13783.001945355812,2.3266079991325985,16136.735907630553,1.9872446795737189,False,4.623539367729912
2021-01-24,32289.37890625,13854.700840822503,2.3305720763822064,16158.669355871767,1.9982696715380606,False,4.657111497568048
2021-01-25,32366.392578125,13928.888345100306,2.3236881347756917,16180.627626658224,2.0003174984881356,False,4.648114037021073
2021-01-26,32569.849609375,14004.05431100059,2.325744308474328,16202.610742437468,2.0101605924574164,False,4.6751195570272195
2021-01-27,30432.546875,14078.34336479985,2.1616568147563897,16224.618725672239,1.875701820151036,False,4.0546236219804515
2021-01-28,33466.09765625,14155.986150459019,2.3640951114638407,16246.651598840488,2.0598766122761227,False,4.869744229300679
2021-01-29,34316.38671875,14235.628814957534,2.410598587868025,16268.709384435368,2.1093490520877607,False,5.084793846283513
2021-01-30,34269.5234375,14316.136667253415,2.393768949963139,16290.792104965263,2.1036130850294876,False,5.035563685679756
2021-01-31,33114.359375,14397.119760376097,2.3000683418733296,16312.899782953771,2.029949292620738,False,4.669022103565119
2021-02-01,33537.17578125,14480.18020819766,2.3160744755278397,16335.032440939725,2.0530829003557622,False,4.755092901656648
2021-02-02,35510.2890625,14565.718726089644,2.437935932326849,16357.1901014772,2.1709284322185085,False,5.292584431415494
2021-02-03,37472.08984375,14653.758666318703,2.557165755014013,16379.372787135508,2.2877609741675142,False,5.850184018798665
2021-02-04,36926.06640625,14742.094667722324,2.5048045911073458,16401.58052049922,2.2513724430458772,False,5.6392480316338744
2021-02-05,38144.30859375,14832.735564878378,2.5716300561623857,16423.813324168168,2.3225001308081983,False,5.972611141827435
2021-02-06,39266.01171875,14922.601517300967,2.6313114153202957,16446.071220757443,2.387561818970498,False,6.28241866903996
2021-02-07,38903.44140625,15011.396711508003,2.5915937173538244,16468.354232897418,2.3623150714438688,False,6.122160897564181
2021-02-08,46196.46484375,15105.187038553546,3.058317962289444,16490.66238323373,2.8013710892970884,False,8.567483521435632
2021-02-09,46481.10546875,15200.868453974714,3.0577927576628787,16512.995694427325,2.814819692857794,False,8.607135270947412
2021-02-10,44918.18359375,15295.116482170499,2.936766362394891,16535.35418915442,2.7164935857988426,False,7.97770698643552
2021-02-11,47909.33203125,15389.3689832816,3.113144670408306,16557.737890106542,2.8934708562983373,False,9.007793375266926
2021-02-12,47504.8515625,15472.630432973123,3.0702505154691897,16580.146819990532,2.8651647104369324,False,8.796773429123123
2021-02-13,47105.515625,15557.369235933664,3.027858689385474,16602.58100152854,2.8372405242692786,False,8.590763375285334
2021-02-14,48717.2890625,15642.005463379248,3.114516816693099,16625.04045745802,2.9303561207663313,False,9.126643417026292
2021-02-15,47945.05859375,15727.050980165664,3.0485727206083593,16647.525210531785,2.8800111720760957,False,8.779923494238492
2021-02-16,49199.87109375,15811.582368425283,3.111634872927013,16670.03528351796,2.9513957383398597,False,9.183665903226476
2021-02-17,52149.0078125,15894.341726976618,3.2809794018704324,16692.570699200016,3.1240848849601828,False,10.25005815724912
2021-02-18,51679.796875,15984.685361060812,3.2330818973073803,16715.131480376775,3.0917972099514164,False,9.99603358963939
2021-02-19,55888.1328125,16075.941251626768,3.476507654371064,16737.717649862414,3.3390533871838497,False,11.60824465889828
2021-02-20,56099.51953125,16168.752803174646,3.469625654752738,16760.329230486474,3.3471609513020106,False,11.613395507224036
2021-02-21,57539.9453125,16257.79776727191,3.5392213715643552,16782.966245093852,3.4284729214253526,False,12.134124635338289
2021-02-22,54207.3203125,16346.085125734651,3.316226478421923,16805.62871654484,3.225545513755987,False,10.696639440072648
2021-02-23,48824.42578125,16434.351827977403,2.97087626529527,16828.316667715102,2.901325589797047,False,8.619479332621847
2021-02-24,49705.33203125,16522.545143244726,3.0083338614191724,16851.030121495693,2.949691008376061,False,8.873655341221367
2021-02-25,47093.8515625,16610.93815366925,2.8351108845768156,16873.769100793063,2.7909503372478057,False,7.912653679444588
2021-02-26,46339.76171875,16697.76567679632,2.7752073310709484,16896.533628529065,2.7425602633967077,False,7.6111733488824145
2021-02-27,46188.453125,16790.26757076198,2.7509063170280297,16919.323727640967,2.7299231262737935,False,7.509762773067486
2021-02-28,45137.76953125,16881.201617593175,2.6738481391163837,16942.139421081447,2.664230792191697,False,7.123748545878338
2021-03-01,49631.2421875,16973.913425415707,2.923971681933124,16964.98073181861,2.9255112618203154,False,8.554112084739044
2021-03-02,48378.98828125,17067.049939133394,2.834642685981765,16987.847682836004,2.847858609547732,False,8.072661578264677
2021-03-03,50538.2421875,17161.493609411587,2.94486268723045,17010.740297132586,2.9709607756470757,False,8.74907153342831
2021-03-04,48561.16796875,17255.502920718234,2.8142424009238156,17033.658597722788,2.8508947558243354,False,8.023108902412194
2021-03-05,48927.3046875,17347.045892749848,2.8204977948406214,17056.602607636476,2.8685258027641782,False,8.090670701139787
2021-03-06,48912.3828125,17442.27973695164,2.804242538828146,17079.572349918973,2.863794350959381,False,8.030773941416037
2021-03-07,51206.69140625,17542.515795112122,2.9190050050014915,17102.567847631082,2.9940937444281364,False,8.739774625429387
2021-03-08,52246.5234375,17643.177253382444,2.9612876800568113,17125.589123849066,3.0507869282430455,False,9.034257745084494
2021-03-09,54824.1171875,17749.687342846948,3.0887370649711134,17148.636201664667,3.1969957577255075,False,9.874679293442185
2021-03-10,56008.55078125,17857.0544239515,3.1364943764816138,17171.709104185124,3.2616759602338874,False,10.230228307178855
2021-03-11,57805.12109375,17966.824999588967,3.2173253257084893,17194.807854533152,3.3617776704908366,False,10.815932438671457
2021-03-12,57332.08984375,18076.41468724317,3.1716516154174212,17217.932475846974,3.3297894462168727,False,10.560932076093625
2021-03-13,61243.0859375,18194.242088904644,3.366069641056812,17241.08299128033,3.5521600335938097,False,11.95681804925547
2021-03-14,59302.31640625,18311.150142659197,3.2385904732491015,17264.25942400246,3.4349759783962774,False,11.124480479473696
2021-03-15,55907.19921875,18429.98482701755,3.033491331842688,17287.461797198124,3.233973840382467,False,9.810231612206223
2021-03-16,56804.90234375,18547.974329040968,3.0625933234557765,17310.69013406762,3.2814926443606867,False,10.04987746358828
2021-03-17,58870.89453125,18669.028340311925,3.1533989588590647,17333.94445782677,3.396278018224993,False,10.70981956666662
2021-03-18,57858.921875,18788.46767966866,3.0794912529035128,17357.224791706944,3.3334200927468682,False,10.265238017866798
2021-03-19,58346.65234375,18910.104489666748,3.085474878027934,17380.53115895505,3.35701203893805,False,10.357976311380686
2021-03-20,58313.64453125,19029.55736910178,3.0643720923290436,17403.86358283357,3.3506148938542646,False,10.26753077286905
2021-03-21,57523.421875,19157.567555559897,3.0026474764175157,17427.22208662053,3.300779756468627,False,9.911078005970545
2021-03-22,54529.14453125,19304.140208840076,2.8247383173418465,17450.606693609534,3.1247707021681226,False,8.826659535321483
2021-03-23,54738.9453125,19448.424683146535,2.8145696221830887,17474.017427109757,3.132590747424586,False,8.816894756433056
2021-03-24,52774.265625,19599.724083939574,2.6926024774116253,17497.454310445955,3.0161110689966963,False,8.12118813652913
2021-03-25,51704.16015625,19750.563913649377,2.617857413201143,17520.91736695849,2.9509961763620534,False,7.7252872166176285
2021-03-26,55137.3125,19904.47125620942,2.770096818462299,17544.406620003294,3.142728830574131,False,8.705663134863142
2021-03-27,55973.51171875,20065.901844147753,2.789483979015613,17567.92209295192,3.1861202151622714,False,8.887631295412934
2021-03-28,55950.74609375,20227.77221116663,2.7660359979168985,17591.463809191537,3.180562271601056,False,8.797549736864864
2021-03-29,57750.19921875,20391.067249557913,2.8321322524205814,17615.03179212491,3.27846125401648,False,9.285035855811298
2021-03-30,58917.69140625,20557.00471935088,2.8660640112997173,17638.626065170447,3.3402653465504293,False,9.573414297939763
2021-03-31,58918.83203125,20724.849951432545,2.8429075322293182,17662.24665176218,3.3358628261128724,False,9.483549554840065
2021-04-01,59095.80859375,20897.96789583321,2.8278255995183605,17685.89357534978,3.341409261679403,False,9.44892264864476
2021-04-02,59384.3125,21066.996252544493,2.81883149301968,17709.566859398557,3.3532334794786043,False,9.45220013540225
2021-04-03,57603.890625,21235.336929395096,2.712643120122177,17733.26652738949,3.2483519342603517,False,8.81161952620691
2021-04-04,58758.5546875,21403.73071841603,2.7452482681882846,17756.992602819195,3.3090375156303877,False,9.084129509154385
2021-04-05,59057.87890625,21575.519243283972,2.737263388209465,17780.745109199972,3.3214512970939976,False,9.091687031256239
2021-04-06,58192.359375,21749.57891476492,2.6755625753975187,17804.524070059782,3.2684029714030207,False,8.744816671603969
2021-04-07,56048.9375,21921.926221608945,2.556752400925028,17828.32950894227,3.1438131919138677,False,8.037951926485558
2021-04-08,58323.953125,22101.866818004382,2.6388699925333357,17852.161449406773,3.267052748222715,False,8.62132746130849
2021-04-09,58245.00390625,22295.061221300646,2.612462164966063,17876.019915028308,3.25827584569223,False,8.512122369893753
2021-04-10,59793.234375,22491.039227458004,2.658535862673785,17899.904929397606,3.3404218966995516,False,8.880631408836543
2021-04-11,60204.96484375,22697.75791166918,2.6524630793069623,17923.816516121104,3.3589366856997356,False,8.909455544548242
2021-04-12,59893.453125,22895.86150339458,2.6159073820445715,17947.754698820943,3.337100051235636,False,8.729544658648619
2021-04-13,63503.45703125,23101.547578145324,2.7488832432735353,17971.719501134998,3.533521487870955,False,9.71323800775544
2021-04-14,63109.6953125,23309.32487940328,2.707487052457077,17995.710946716863,3.506929817852722,False,9.4949670757119
2021-04-15,63314.01171875,23520.428962847986,2.6918731719884237,18019.729059235873,3.513593989710899,False,9.45814939816254
2021-04-16,61572.7890625,23735.73533005264,2.5940965470970916,18043.773862377104,3.412411922922888,False,8.852125986527211
2021-04-17,60683.8203125,23951.003198677787,2.5336650748662604,18067.84537984138,3.3586639157431595,False,8.509729461531998
2021-04-18,56216.18359375,24167.88859923804,2.326069294920632,18091.94363534528,3.1072495430465192,False,7.227677753736672
2021-04-19,55724.265625,24392.557247746667,2.2844782143597384,18116.06865262115,3.0759579627082863,False,7.026958954093445
2021-04-20,56473.03125,24623.336935451473,2.293475957301827,18140.220455417104,3.1131391919294895,False,7.139909888424322
2021-04-21,53906.08984375,24856.65792186541,2.1686781068154364,18164.399067497034,2.967678129259357,False,6.435938586999757
2021-04-22,51762.2734375,25088.661142094737,2.063174002962288,18188.60451264061,2.845862825898851,False,5.8715101983913005
2021-04-23,51093.65234375,25320.779869727354,2.0178546082159103,18212.836814643306,2.8053648568722793,False,5.6608184041666965
2021-04-24,50050.8671875,25561.293666123103,1.9580725389432625,18237.095997316384,2.7444537877557402,False,5.373839596203336
2021-04-25,49004.25390625,25803.099730618214,1.8991615122930778,18261.38208448691,2.683490969058647,False,5.096382767022237
2021-04-26,54021.75390625,26048.767271046305,2.073869881984634,18285.69509999777,2.9543177664740012,False,6.126870637702544
2021-04-27,55033.1171875,26296.074646310553,2.0928263220921974,18310.03506770766,3.0056259850948455,False,6.290253175970784
2021-04-28,54824.703125,26541.342752527544,2.065634117918884,18334.402011491107,2.9902640451888507,False,6.176791433328226
2021-04-29,53555.109375,26787.227213914226,1.9992778254847368,18358.795955238467,2.9171362602196513,False,5.832165838974622
2021-04-30,57750.17578125,27037.911553143076,2.1358963197931136,18383.216922855943,3.141461911894698,False,6.709836936386124
2021-05-01,57828.05078125,27297.071794413718,2.118470846132455,18407.66493826558,3.141520175165613,False,6.655218903625275
2021-05-02,56631.078125,27559.755196580223,2.0548469215730596,18432.140025405275,3.0724092832923686,False,6.313330757585814
2021-05-03,57200.29296875,27826.283480445283,2.055621010579695,18456.64220822879,3.0991711451852044,False,6.37072132142504
2021-05-04,53333.5390625,28098.26775977864,1.8981077238805617,18481.17151070575,2.8858310757846177,False,5.4776182547613335
2021-05-05,57424.0078125,28379.872763086845,2.0234061051602144,18505.727956821658,3.1030396613677724,False,6.278709395365835
2021-05-06,56396.515625,28661.93064227372,1.9676453874959947,18530.311570577902,3.0434736841956496,False,5.988476956673011
2021-05-07,57356.40234375,28942.85741799406,1.981711809425249,18554.922375991748,3.091169080715938,False,6.125806272184966
2021-05-08,58803.77734375,29225.85797839651,2.0120462293088957,18579.56039709637,3.1649714033567715,False,6.368068777994476
2021-05-09,58232.31640625,29487.882643741552,1.9747879869770544,18604.225657940835,3.130058594048214,False,6.181202110060702
2021-05-10,55859.796875,29747.63523644473,1.8777894925430734,18628.91818259013,2.9985529126003905,False,5.630651152115441
2021-05-11,56704.57421875,30014.12868899807,1.8892627137810447,18653.637995125144,3.039866766663367,False,5.743106937119243
2021-05-12,49150.53515625,30268.243977118636,1.6238317357758014,18678.385119642702,2.631412450349466,False,4.272971046793028
2021-05-13,49716.19140625,30529.875218359633,1.6284439766184293,18703.159580255557,2.6581707327533097,False,4.328682118575524
2021-05-14,49880.53515625,30795.15650688437,1.6197526109373408,18727.961401092394,2.6634257775296617,False,4.314090857191487
2021-05-15,46760.1875,31043.001026275757,1.5063037062821578,18752.790606297855,2.493505552410758,False,3.7559766552314637
2021-05-16,46456.05859375,31304.532791664355,1.484004214435046,18777.64722003252,2.4740084872927732,False,3.6714390216905484
2021-05-17,43537.51171875,31558.666670202423,1.3795738639318993,18802.531266472935,2.3155133264627175,False,3.1944216667739767
2021-05-18,42909.40234375,31812.23863969641,1.3488331591416571,18827.442769811605,2.2790881835823193,False,3.074109714623761
2021-05-19,37002.44140625,32044.34871471,1.1547259623118502,18852.381754257018,1.9627462401611167,False,2.266434040944011
2021-05-20,40782.73828125,32294.1360821192,1.262852741362876,18877.348244033634,2.160406099100268,False,2.728274764705851
2021-05-21,37304.69140625,32541.05096638063,1.1463886475206613,18902.342263381906,1.9735486156399564,False,2.262453728299763
2021-05-22,37536.6328125,32781.293104694436,1.1450626030101472,18927.36383655827,1.9831939163127335,False,2.2708811880869466
2021-05-23,34770.58203125,33008.48749198791,1.0533830742680894,18952.412987835174,1.8346255990499944,False,1.9325635536582184
2021-05-24,38705.98046875,33218.7396538234,1.16518509949835,18977.489741501067,2.0395732520990664,False,2.3764803626812236
2021-05-25,38402.22265625,33430.86729862138,1.1487055454835187,19002.594121860417,2.020893695354595,False,2.3214117946865036
2021-05-26,39294.19921875,33667.027805646976,1.1671419124250457,19027.726153233707,2.0651022041365708,False,2.4102673358891344
2021-05-27,38436.96875,33887.129987675464,1.1342645058457086,19052.885859957456,2.017383037536647,False,2.2882459741730194
2021-05-28,35697.60546875,34102.1258065138,1.0467853432741558,19078.073266384217,1.871132633275373,False,1.9586742158346366
2021-05-29,34616.06640625,34315.75340306563,1.0087514617457747,19103.288396882584,1.812047522242239,False,1.8279055868146676
2021-05-30,35678.12890625,34527.00957590064,1.033339676516695,19128.531275837202,1.8651786899769944,False,1.92736314414666
2021-05-31,37332.85546875,34734.80318003897,1.0747968046700793,19153.80192764877,1.9491094044811816,False,2.094896559888775
2021-06-01,36684.92578125,34941.271600606386,1.0499024248623325,19179.100376734055,1.9127552940779255,False,2.008206421420678
2021-06-02,37575.1796875,35160.08436096575,1.068688553239521,19204.426647525892,1.9565895080934799,False,2.090984810688047
2021-06-03,39208.765625,35391.34585204284,1.1078630857644205,19229.7807644732,2.038960615580067,False,2.2588891993286553
2021-06-04,36894.40625,35597.44423569374,1.0364341329034454,19255.16275204097,1.916078649924127,False,1.985889314108917
2021-06-05,35551.95703125,35779.220200506184,0.9936481799216806,19280.5726347103,1.8439264074162798,False,1.8322141186387098
2021-06-06,35862.37890625,35961.17206506108,0.9972527825669213,19306.010436978377,1.857575858218737,False,1.8524726934377722
2021-06-07,33560.70703125,36132.22684718742,0.9288302980380079,19331.476183358496,1.7360654050900024,False,1.6125101476232218
2021-06-08,33472.6328125,36288.43285972665,0.9224050248157268,19356.969898380066,1.7292289541299146,False,1.5950494763462773
2021-06-09,37345.12109375,36466.18113732288,1.0241028791338815,19382.49160658862,1.9267451188295837,False,1.9731852235505294
2021-06-10,36702.59765625,36647.86944358104,1.001493353188054,19408.04133254581,1.8911026119210976,False,1.8939266960355474
2021-06-11,37334.3984375,36834.623198210305,1.0135680833926375,19433.619100829434,1.9211243280931936,False,1.9471903031843867
2021-06-12,35552.515625,36999.585576514466,0.9608895632487031,19459.224936033414,1.8270262943086704,False,1.7555704979821547
2021-06-13,39097.859375,37190.90711157538,1.0512746908190118,19484.858862767833,2.0065764730638715,False,2.1094630613249246
2021-06-14,40218.4765625,37423.63822595403,1.0746810964682663,19510.52090565893,2.0613737970898987,False,2.2153194524875257
2021-06-15,40406.26953125,37661.14031259816,1.0728902310409745,19536.211089349104,2.0682756419067867,False,2.2190327313017923
2021-06-16,38347.0625,37877.71446655509,1.0123911392240768,19561.929438496918,1.9602904008300357,False,1.984580632106342
2021-06-17,38053.50390625,38084.971073070046,0.9991737641927133,19587.67597777712,1.9427268426036344,False,1.9411216921224983
2021-06-18,35787.24609375,38252.58388772709,0.9355510780340237,19613.450731880628,1.824627730375855,False,1.707032440163905
2021-06-19,35615.87109375,38437.15053667672,0.9266001926902813,19639.25372551457,1.8135043006995333,False,1.6803934344728413
2021-06-20,35698.296875,38615.76754573317,0.9244487198842294,19665.084983402256,1.815313633535279,False,1.678164364710078
2021-06-21,31676.693359375,38764.38964018992,0.8171596058495249,19690.944530283206,1.6086934433571027,False,1.314559300106405
2021-06-22,32505.66015625,38935.79381097609,0.8348528943330952,19716.832390913154,1.6486248658902634,False,1.3763592409579972
2021-06-23,33723.02734375,39107.51015337405,0.8623158879584284,19742.748590064053,1.7081222095246562,False,1.4729409198477665
2021-06-24,34662.4375,39282.973600688165,0.8823781481601682,19768.693152524076,1.7534005527105003,False,1.5471623326837067
2021-06-25,31637.779296875,39441.77264606299,0.8021388790200084,19794.666103097636,1.5982982047837653,False,1.2820571303249413
2021-06-26,32186.27734375,39625.51192157707,0.8122614897051659,19820.667466605377,1.6238745439818654,False,1.3190107561890068
2021-06-27,34649.64453125,39823.0522182875,0.8700901262243839,19846.6972678842,1.7458645165772664,False,1.5190594775993866
2021-06-28,34434.3359375,40027.955610451696,0.8602571730770295,19872.755531787247,1.7327408814756937,False,1.4906027723732806
2021-06-29,35867.77734375,40249.43523628126,0.8911374068528151,19898.842283183945,1.80250573542467,False,1.6062802869036668
2021-06-30,35040.8359375,40450.04062395047,0.8662744312981561,19924.95754695996,1.7586404314746629,False,1.5234652396336574
2021-07-01,33572.1171875,40634.571165542,0.8261959268803373,19951.10134801726,1.6827199963492943,False,1.390256407063883
2021-07-02,33897.046875,40820.814187736716,0.8303863494516791,19977.27371127407,1.6967804198362852,False,1.4089832986489403
2021-07-03,34668.546875,41010.45793913209,0.8453586869587074,20003.47466166492,1.733126242384256,False,1.4651133245956331
2021-07-04,35287.78125,41167.35589469375,0.8571787155887853,20029.704224140645,1.761772458300691,False,1.5101538529658833
2021-07-05,33746.00390625,41288.17730795548,0.8173284970791811,20055.962423668363,1.6825920987180252,False,1.3752304712425085
2021-07-06,34235.1953125,41407.93299105511,0.8267786590529753,20082.249285231508,1.7047490460979673,False,1.4094501303547162
2021-07-07,33855.328125,41514.137469651236,0.8155132248562268,20108.564833829845,1.683627270507299,False,1.3730203048272942
2021-07-08,32877.37109375,41619.34516321459,0.7899540697917753,20134.90909447945,1.6328542105394581,False,1.2898798289922813
2021-07-09,33798.01171875,41743.27031855771,0.8096637244955983,20161.28209221274,1.6763820655931612,False,1.3573057469057832
2021-07-10,33520.51953125,41849.95956323323,0.800968982553069,20187.683852078462,1.6604440497912212,False,1.329964181147572
2021-07-11,34240.1875,41971.34525197386,0.8157991433069381,20214.114399141712,1.693875221239167,False,1.3818619543557629
2021-07-12,33155.84765625,42077.038572085185,0.7879795912787053,20240.573758483948,1.6380883295046191,False,1.290780172361467
2021-07-13,32702.025390625,42165.43328291791,0.7755647895565031,20267.061955202975,1.6135553077652536,False,1.2514166827047375
2021-07-14,32822.34765625,42230.950739933374,0.7772107206010248,20293.579014412975,1.6173760002086768,False,1.257041966604989
2021-07-15,31780.73046875,42289.862707095745,0.7514976033113857,20320.124961244503,1.5640027081213184,False,1.1753442867256876
2021-07-16,31421.5390625,42335.47899746007,0.7422034616493921,20346.699820844486,1.5443064152501884,False,1.1461895672460534
2021-07-17,31533.068359375,42378.840496705234,0.7440757696479816,20373.303618376256,1.5477641206374055,False,1.151653779296809
2021-07-18,31796.810546875,42407.80427236258,0.7497867690263128,20399.936379019528,1.5586720446626823,False,1.1686716763392693
2021-07-19,30817.83203125,42426.08381623087,0.7263887980973647,20426.598127970425,1.5087109384626662,False,1.0959107252662432
2021-07-20,29807.34765625,42430.537060846465,0.702497534110999,20453.28889044148,1.4573376348377884,False,1.023776094840702
2021-07-21,32110.693359375,42430.392438576295,0.7567852078167684,20480.00869166164,1.56790428377351,False,1.1865667692323372
2021-07-22,32313.10546875,42426.40801283109,0.7616271794439325,20506.757556876277,1.5757296285933242,False,1.2001185125917688
2021-07-23,33581.55078125,42439.90507219938,0.7912729946996956,20533.5355113472,1.635449032276601,False,1.2940866534482252
2021-07-24,34292.4453125,42442.22303115929,0.8079794804179775,20560.342580352648,1.6678927006435036,False,1.3476230776588753
2021-07-25,35350.1875,42432.02575460763,0.8331015753157006,20587.17878918731,1.7170972216244822,False,1.4305164003055688
2021-07-26,37337.53515625,42419.576212548425,0.8801958550732746,20614.04416316233,1.8112668654786745,False,1.5942695874258916
2021-07-27,39406.94140625,42411.795148449506,0.9291505174048413,20640.938727605302,1.9091642064489511,False,1.7739009102328462
2021-07-28,39995.90625,42410.35039155058,0.9430694601846155,20667.8625078603,1.935173810779366,False,1.8250033210951018
2021-07-29,40008.421875,42420.0337956222,0.9431492220812168,20694.815529287862,1.9332582026826477,False,1.8233509699422705
2021-07-30,42235.546875,42460.014789959336,0.9947134282437317,20721.79781726501,2.0382182688709634,False,2.02744308173764
2021-07-31,41626.1953125,42509.2466444881,0.9792268411770925,20748.80939718526,2.006196814268626,False,1.9645217692158126
2021-08-01,39974.89453125,42525.35522147541,0.9400249409571676,20775.85029445861,1.924103897779443,False,1.808705652905577
2021-08-02,39201.9453125,42525.4412569045,0.9218468792757114,20802.92053451157,1.8844443138387645,False,1.7371691098811244
2021-08-03,38152.98046875,42533.98702217029,0.8969998615192893,20830.02014278716,1.831634353073887,False,1.6429757610612499
2021-08-04,39747.50390625,42556.45200857152,0.9339947770609318,20857.149144744915,1.9057016675869445,False,1.7799154041625143
2021-08-05,40869.5546875,42587.91217958815,0.9596515207216065,20884.30756586089,1.956950430777439,False,1.8779904568723724
2021-08-06,42816.5,42623.71345369926,1.0045229880430329,20911.495431627678,2.047510190746187,False,2.05677105485692
2021-08-07,44555.80078125,42671.7328117948,1.0441526004525046,20938.7127675544,2.1279149905667305,False,2.2218679709421183
2021-08-08,43798.1171875,42720.03286181415,1.0252360369003721,20965.959599166734,2.0890108549689614,False,2.141729209990236
2021-08-09,46365.40234375,42819.47688545621,1.0828110410545013,20993.235952006897,2.208587682706324,False,2.3914831279713833
2021-08-10,45585.03125,42896.261500561006,1.062680747817705,21020.541851633683,2.168594490653304,False,2.3045236150408077
2021-08-11,45593.63671875,42981.54586271765,1.060772380415896,21047.877323622433,2.1661869279131247,False,2.297831263948202
2021-08-12,44428.2890625,43059.85004622954,1.0317799299068922,21075.242393565077,2.1080796240837225,False,2.175074246775251
2021-08-13,47793.3203125,43152.50453602522,1.1075445290226542,21102.63708707012,2.2648032146552732,False,2.508370409704368
2021-08-14,47096.9453125,43240.86147328688,1.0891768505027428,21130.061429762645,2.2289071647544683,False,2.4276740857702697
2021-08-15,47047.00390625,43349.62055302538,1.0852921734044239,21157.515447284353,2.2236544750952154,False,2.4133147981765597
2021-08-16,46004.484375,43426.27622839931,1.059369772647341,21184.999165293528,2.1715594140955723,False,2.3004844028006195
2021-08-17,44695.359375,43490.176712458924,1.027711606474016,21212.512609465066,2.107028063948296,False,2.165417196486139
2021-08-18,44801.1875,43555.144794439446,1.0286083931402665,21240.05580549049,2.1092782387332067,False,2.169621299829095
2021-08-19,46717.578125,43638.71017119523,1.0705535966055444,21267.628779077935,2.1966519450893602,False,2.3516336403059794
2021-08-20,49339.17578125,43729.830101745894,1.1282727526371101,21295.23155595217,2.316911917656953,False,2.614108586952536
2021-08-21,48905.4921875,43803.70486473748,1.116469310952497,21322.864161854606,2.293570498610086,False,2.560701074204178
2021-08-22,49321.65234375,43865.30175020091,1.1243887623211004,21350.526622543297,2.3100906696920975,False,2.5974399889446196
2021-08-23,49546.1484375,43931.76613981234,1.1277977825844732,21378.218963792948,2.317599446493342,False,2.6137835166741934
2021-08-24,47706.1171875,43982.531224498714,1.0846605654411998,21405.941211394922,2.2286390827844014,False,2.4173169276972857
2021-08-25,48960.7890625,44031.36102758491,1.1119526610096582,21433.69339115725,2.2842908204845096,False,2.540023256357686
2021-08-26,46942.21875,44074.07339767621,1.065075567816135,21461.47552890464,2.1872782552521848,False,2.329616629684606
2021-08-27,49058.66796875,44086.34307743169,1.1127860589975698,21489.28765047848,2.2829359803212306,False,2.5404193324854156
2021-08-28,48902.40234375,44096.69739649263,1.108981062777722,21517.129781736836,2.2727195885232354,False,2.5204029846762444
2021-08-29,48829.83203125,44114.04363590449,1.1068999349564799,21545.00194855449,2.266411121607075,False,2.5086903230915136
2021-08-30,47054.984375,44110.35643906429,1.0667559315691209,21572.904176822904,2.1812076848491295,False,2.3268162357969584
2021-08-31,47166.6875,44108.88822022386,1.069323880132942,21600.83649245026,2.1835583782361994,False,2.334931117512327
2021-09-01,48847.02734375,44116.25217692431,1.1072342942427054,21628.79892136146,2.2584253301049806,False,2.5006059764786372
2021-09-02,49327.72265625,44118.72421870906,1.1180677485531643,21656.791489498126,2.2777022478223583,False,2.5466254240972255
2021-09-03,50025.375,44127.16716808512,1.1336638676452528,21684.814222818604,2.306931223204073,False,2.6152845728891236
2021-09-04,49944.625,44130.118181685204,1.1317582426218817,21712.86714729799,2.3002316857179887,False,2.6033061702513596
2021-09-05,51753.41015625,44128.69094885338,1.172783716068848,21740.95028892812,2.38045759124918,False,2.791761899809512
2021-09-06,52633.53515625,44132.10516938352,1.192635949593547,21769.063673717585,2.4178134597399326,False,2.883571251496994
2021-09-07,46811.12890625,44098.3437470689,1.0615167130706902,21797.20732769173,2.147574604512751,False,2.279686335256463
2021-09-08,46091.390625,44060.74113466225,1.0460875018904359,21825.38127689267,2.111825220382227,False,2.209153969218863
2021-09-09,46391.421875,44020.238393618696,1.0538657573859262,21853.585547379294,2.1228288499579104,False,2.237176633761588
2021-09-10,44883.91015625,43983.141733641634,1.0204798563063855,21881.82016522728,2.0511963729404776,False,2.093204579914478
2021-09-11,45201.45703125,43967.26867030625,1.0280706170355602,21910.08515652908,2.0630434207956614,False,2.1209543225885485
2021-09-12,46063.26953125,43951.898920803935,1.048038211369445,21938.380547393946,2.0996658997567548,False,2.2005300940544856
2021-09-13,44963.07421875,43942.181586932325,1.0232326342240885,21966.706363947946,2.046873731263782,False,2.094427999965129
2021-09-14,47092.4921875,43945.51201587858,1.0716109570070396,21995.06263233394,2.141048333195991,False,2.294370853334483
2021-09-15,48176.34765625,43954.14002051019,1.0960593844804976,22023.449378711615,2.187502367491007,False,2.397632498461824
2021-09-16,47783.359375,43965.992041428224,1.0868254565932403,22051.866629257478,2.1668623422383244,False,2.355001154477865
2021-09-17,47267.51953125,43956.25591656207,1.07533088398096,22080.31441016487,2.1407086263903006,False,2.3019700995619488
2021-09-18,48278.36328125,43955.83971486029,1.0983378680609845,22108.79274764397,2.183672524877904,False,2.398410225517744
2021-09-19,47260.21875,43942.585061265585,1.075499283533477,22137.301667921805,2.1348680818892536,False,2.2960490925103803
2021-09-20,42843.80078125,43916.06966988926,0.9755836782139352,22165.841197242255,1.9328750215254802,False,1.8856813230276672
2021-09-21,40693.67578125,43876.22815597774,0.9274652241433805,22194.411361866052,1.8335100272660971,False,1.7005167884074865
2021-09-22,43574.5078125,43852.13425538047,0.9936690323608045,22223.012188070807,1.960783148734921,False,1.9483694940728005
2021-09-23,44895.09765625,43825.75251013578,1.0243999266382684,22251.643702151,2.017608148736901,False,2.066837639550854
2021-09-24,42839.75,43785.428348379166,0.9784019847686571,22280.30593041799,1.9227630955243487,False,1.8812352289009497
2021-09-25,42716.59375,43735.92609248244,0.9766934775697445,22308.998899200036,1.914769638162999,False,1.870143016642381
2021-09-26,43208.5390625,43685.398212183565,0.9890842439533818,22337.722634842277,1.9343305389200025,False,1.9132158586436283
2021-09-27,42235.73046875,43624.63183180528,0.9681624507821593,22366.47716370677,1.8883497011896138,False,1.8282292746374946
2021-09-28,41034.54296875,43558.81262001623,0.9420491629722185,22395.26251217248,1.832286759150357,False,1.726104207782673
2021-09-29,41564.36328125,43485.59591674197,0.9558191029698573,22424.078706635286,1.8535594627997405,False,1.7716675430345386
2021-09-30,43790.89453125,43429.19406849464,1.0083285096698986,22452.925773507985,1.9503424619573857,False,1.9665859080114116
2021-10-01,48116.94140625,43401.90136159015,1.1086367162898667,22481.803739220322,2.140261607315264,False,2.3727726003352667
2021-10-02,47711.48828125,43370.322999376534,1.1000952951615295,22510.712630218975,2.119501459816107,False,2.331653584031693
2021-10-03,48199.953125,43334.98379368044,1.1122642471607205,22539.652472967566,2.138451477138237,False,2.3785231223088914
2021-10-04,49112.90234375,43306.10345657675,1.1340873092633643,22568.62329394667,2.176158541177964,False,2.467953784495005
2021-10-05,51514.8125,43284.80029106695,1.1901363100578182,22597.62511965383,2.279656035854672,False,2.7131014227131125
2021-10-06,55361.44921875,43276.235390061534,1.2792575121140008,22626.65797660355,2.44673558401753,False,3.130004876011063
2021-10-07,53805.984375,43264.99129571671,1.2436379336640906,22655.721891327317,2.37494018654939,False,2.9535657061760934
2021-10-08,53967.84765625,43263.206230165866,1.2474306081045878,22684.816890373597,2.3790294590895065,False,2.967674164850752
2021-10-09,54968.22265625,43263.91935832907,1.2705326625861428,22713.94300030784,2.420021158611916,False,3.0747159261659998
2021-10-10,54771.578125,43270.387137934755,1.2657981993644392,22743.100247712508,2.4082722904283425,False,3.0483867288034694
2021-10-11,57484.7890625,43288.60221478503,1.3279428330182101,22772.288659187056,2.524330774250432,False,3.3521669598331707
2021-10-12,56041.05859375,43291.34277363567,1.2945095948347178,22801.508261347946,2.4577785798822873,False,3.181617953636868
2021-10-13,57401.09765625,43295.50679930083,1.325798030782653,22830.75908082868,2.5142001390768707,False,3.333321593381587
2021-10-14,57321.5234375,43299.51305953112,1.323837599713661,22860.041144279763,2.5074986993994752,False,3.319521059498128
2021-10-15,61593.94921875,43309.64520084683,1.4221762596555663,22889.354478368747,2.6909430441543676,False,3.8269953134816217
2021-10-16,60892.1796875,43314.80744257676,1.4058051572369537,22918.699109780217,2.656877661154649,False,3.735052318198861
2021-10-17,61553.6171875,43321.62374134947,1.4208520335018866,22948.075065215817,2.6822998012936434,False,3.8111511271297798
2021-10-18,62026.078125,43329.1266772165,1.4315099998914773,22977.482371394235,2.699428820026829,False,3.8642593498636564
2021-10-19,64261.9921875,43341.12823199516,1.482702338608267,23006.92105505123,2.793159155618136,False,4.141423612140103
2021-10-20,65992.8359375,43361.864801993055,1.5219095451463782,23036.391142939614,2.8647211070526573,False,4.359846397005739
2021-10-21,62210.171875,43370.743820124255,1.4343810226776454,23065.8926618293,2.697063269437163,False,3.8686163706415915
2021-10-22,60692.265625,43375.032763576295,1.3992442600750186,23095.425638507266,2.6278911926094617,False,3.6770616673604843
2021-10-23,61393.6171875,43383.463499860394,1.4151386780748283,23124.990099777595,2.6548602582143572,False,3.7569954362828626
2021-10-24,60930.8359375,43396.920162159135,1.404035947938765,23154.586072461458,2.63148024960667,False,3.6946928667386385
2021-10-25,63039.82421875,43409.00132359197,1.4522293141189833,23184.213583397137,2.719084000498278,False,3.9487334930755154
2021-10-26,60363.79296875,43414.67989282096,1.3904005077953308,23213.872659440025,2.600332734409258,False,3.6155039543594536
2021-10-27,58482.38671875,43411.14738640204,1.347174406568872,23243.563327462638,2.5160680354742397,False,3.3895824625769166
2021-10-28,60622.13671875,43412.22443371894,1.3964300956590434,23273.285614354616,2.6047949448684276,False,3.637414054034811
2021-10-29,62227.96484375,43418.12758947432,1.4332254359774756,23303.039547022738,2.670379746735675,False,3.827256176740659
2021-10-30,61888.83203125,43414.25558838205,1.425541707268427,23332.825152390917,2.6524362835208684,False,3.7811585480310606
2021-10-31,61318.95703125,43409.895127702,1.4125571335950853,23362.64245740023,2.6246584538996327,False,3.7074800223065734
2021-11-01,61004.40625,43404.26176288152,1.4054934647493482,23392.4914890089,2.607862710077859,False,3.665333995977955
2021-11-02,63226.40234375,43408.263250185795,1.4565522232331969,23422.372274192312,2.6994021614717196,False,3.9318202196921304
2021-11-03,62970.046875,43413.90071129952,1.4504581676211952,23452.284839943022,2.6850282309274984,False,3.8945211278422787
2021-11-04,61452.23046875,43428.18882991244,1.4150309309335731,23482.22921327078,2.6169674910600396,False,3.703089945097585
2021-11-05,61125.67578125,43443.14781527465,1.4070268582093437,23512.205421202503,2.5997423332363776,False,3.657907287287409
2021-11-06,61527.48046875,43456.87917142541,1.4158283255003437,23542.21349078231,2.613495986383795,False,3.7002616461036375
2021-11-07,63326.98828125,43482.95350581546,1.456363544228443,23572.25344907152,2.6865054890941864,False,3.9125286556863763
2021-11-08,67566.828125,43525.7167219207,1.5523426887298462,23602.32532314865,2.862719126184229,False,4.443921105419182
2021-11-09,66971.828125,43569.7156568904,1.537118778841712,23632.429140109445,2.833895226256451,False,4.356033569548673
2021-11-10,64995.23046875,43613.363082013544,1.490259541474216,23662.564927066865,2.7467533916580615,False,4.09337544999509
2021-11-11,64949.9609375,43661.06270961894,1.4875945958867125,23692.732711151104,2.741345277867883,False,4.078010420815821
2021-11-12,64155.94140625,43688.950833248695,1.4684706357705726,23722.932519509588,2.704384938644856,False,3.971309870220173
2021-11-13,64469.52734375,43714.34850116791,1.4747909909266423,23753.16437930698,2.7141447899006605,False,4.002796284215979
2021-11-14,65466.83984375,43742.69704392885,1.49663473603387,23783.42831772522,2.752624178868239,False,4.119672961340915
2021-11-15,63557.87109375,43770.82965295279,1.4520600042924334,23813.72436196347,2.668959719516531,False,3.8754896617775056
2021-11-16,60161.24609375,43777.47848355485,1.3742510573410427,23844.052539238182,2.5231133002558024,False,3.4673911206677843
2021-11-17,60368.01171875,43784.45152542688,1.3787545490593294,23874.41287678308,2.5285652899743347,False,3.486270896145636
2021-11-18,56942.13671875,43785.3761653013,1.3004829855470117,23904.805401849164,2.3820372415307434,False,3.0977989035500695
2021-11-19,58119.578125,43788.0270083086,1.3272938311189961,23935.230141704717,2.4282021848510458,False,3.2229377806624613
2021-11-20,59697.1953125,43807.197057582154,1.3627257465030533,23965.687123635318,2.490944449225732,False,3.3944741340687727
2021-11-21,58730.4765625,43810.91446182326,1.3405444119108176,23996.176374943858,2.4474931191047893,False,3.2809732240061025
2021-11-22,56289.2890625,43810.590304546735,1.2848329290066243,24026.697922950523,2.3427809032689404,False,3.0100820499678176
2021-11-23,57569.07421875,43811.2084251979,1.3140261656338905,24057.25179499283,2.393002937714281,False,3.144468474595332
2021-11-24,56280.42578125,43803.89226675629,1.2848270523202436,24087.83801842561,2.336466466529673,False,3.0019553230364147
2021-11-25,57274.6796875,43801.13777071182,1.307607121698958,24118.45662062103,2.374724079090979,False,3.105206117889364
2021-11-26,53569.765625,43793.797867787645,1.2232272201357313,24149.107628968588,2.2182917252287706,False,2.7134748205016845
2021-11-27,54815.078125,43787.96925391595,1.2518296477084947,24179.791070875137,2.266978981097378,False,2.837871499269693
2021-11-28,57248.45703125,43815.57725048084,1.3065777201559463,24210.506973764885,2.36461207083709,False,3.0895494485675563
2021-11-29,57806.56640625,43842.616126220346,1.3185017572817337,24241.255365079385,2.3846358423138,False,3.144146548567752
2021-11-30,57005.42578125,43866.71143226276,1.299514459142339,24272.036272277575,2.3486050013182878,False,3.052046158027127
2021-12-01,57229.828125,43904.385809073625,1.3035105051662614,24302.849722835763,2.3548607993582316,False,3.0695857901676744
2021-12-02,56477.81640625,43941.230402547495,1.2853034812374233,24333.695744247634,2.320971586060908,False,2.983152859417229
2021-12-03,53598.24609375,43982.89253595243,1.2186157617973352,24364.574364024265,2.1998433173078937,False,2.680763739955936
2021-12-04,49200.703125,44011.73543828693,1.1178996382450999,24395.485609694137,2.016795398631004,False,2.254574846543981
2021-12-05,49368.84765625,44077.39751012234,1.1200490601767603,24426.42950880312,2.021124194121691,False,2.263758254126512
2021-12-06,50582.625,44123.5930587156,1.1463849948187428,24457.40608891451,2.0681925473252427,False,2.3709449026496108
2021-12-07,50700.0859375,44192.64473564077,1.1472516804727702,24488.41537760902,2.0703702201922636,False,2.3752357143163536
2021-12-08,50504.796875,44259.54340537208,1.1411052394379173,24519.45740248479,2.059784441636211,False,2.3504308184637854
2021-12-09,47672.12109375,44335.90898211994,1.0752485330339232,24550.532191157374,1.9417958324716307,False,2.0879131203165064
2021-12-10,47243.3046875,44381.84299485858,1.0644737013957015,24581.639771259797,1.9218939471538274,False,2.0458055636168293
2021-12-11,49362.5078125,44438.860278830165,1.1107959903286577,24612.780170442507,2.00556407974502,False,2.2277725381279527
2021-12-12,50098.3359375,44493.11831726876,1.125979428554814,24643.95341637343,2.0328855152036884,False,2.2889872707264076
2021-12-13,46737.48046875,44538.90010806338,1.0493631489630921,24675.15953673794,1.8941105689373265,False,1.987609831104347
2021-12-14,46612.6328125,44604.0578419142,1.0450312161665785,24706.398559238878,1.88666238427006,False,1.9716210859294774
2021-12-15,48896.72265625,44688.14455894358,1.0941766130333586,24737.670511596574,1.976609828048607,False,2.1627602469426743
2021-12-16,47665.42578125,44758.63900689643,1.0649435916473173,24768.975421548836,1.9244003827377298,False,2.04937785536019
2021-12-17,46202.14453125,44810.20451111286,1.0310630142246269,24800.313316850967,1.8629661626031644,False,1.920835507012105
2021-12-18,46848.77734375,44869.65728065236,1.0441082054787842,24831.68422527576,1.886653233777168,False,1.969870122279824
2021-12-19,46707.015625,44922.09667781844,1.0397336517924132,24863.08817461354,1.8785685549991415,False,1.9532109438316543
2021-12-20,46880.27734375,44964.24739434199,1.0426122988916993,24894.525192672114,1.8831561148854348,False,1.9634017261126642
2021-12-21,48936.61328125,45031.77292913167,1.0867130050212221,24925.995307276837,1.9632761973185304,False,2.133517776074658
2021-12-22,48628.51171875,45108.59520982533,1.0780320578052047,24957.498546270566,1.9484529520694542,False,2.10049474545606
2021-12-23,50784.5390625,45192.10799991508,1.1237479575547886,24989.034937513727,2.0322729224833678,False,2.283762545834586
2021-12-24,50822.1953125,45295.68973854777,1.122009524655699,25020.60450888426,2.0312137260494314,False,2.2790411472388534
2021-12-25,50429.859375,45398.97780517203,1.110814864409895,25052.20728827767,2.012990663644913,False,2.2360599510951085
2021-12-26,50809.515625,45472.2214844814,1.1173748272302926,25083.843303607024,2.025587347601301,False,2.26334031256587
2021-12-27,50640.41796875,45549.88270573862,1.1117573736884738,25115.51258280294,2.0163003960916344,False,2.241636832925865
2021-12-28,47588.85546875,45609.83613522567,1.0433901873196139,25147.215153813628,1.8924105582932929,False,1.974522606903254
2021-12-29,46444.7109375,45678.55083504813,1.0167728635967148,25178.951044604855,1.8445848222677173,False,1.875523791884184
2021-12-30,47178.125,45724.29770095096,1.0317955085621533,25210.720283159993,1.871351729347994,False,1.9308523092812786
2021-12-31,46306.4453125,45758.49518349104,1.011974828429381,25242.52289748001,1.8344618523500609,False,1.8564292182921973
2022-01-01,47686.8125,45798.087033449374,1.0412402698211207,25274.358915583456,1.8867664520898157,False,1.9645772096634384
2022-01-02,47345.21875,45850.122942800226,1.032608327115392,25306.22836550652,1.8708919427334962,False,1.9318985991997015
2022-01-03,46458.1171875,45900.14782458783,1.0121561561205534,25338.131275302985,1.833525790940337,False,1.855814416706069
2022-01-04,45897.57421875,45965.079909222964,0.9985313701051693,25370.06767304427,1.8091230504487867,False,1.8064661182534705
2022-01-05,43569.00390625,46019.28685538015,0.9467553037744719,25402.037586819406,1.7151775229581212,False,1.6238534167753624
2022-01-06,43160.9296875,46070.63063448769,0.9368426065170999,25434.041044735102,1.6969749168677386,False,1.5897984043125113
2022-01-07,41557.90234375,46150.42762578527,0.9004879148840362,25466.078074915677,1.6318925207680455,False,1.469499493341271
2022-01-08,41733.94140625,46222.98409537279,0.9028828887407948,25498.148705503114,1.6367439804460318,False,1.4777881331942202
2022-01-09,41911.6015625,46284.958925459614,0.9055123421411531,25530.252964657066,1.6416445861512041,False,1.4865294341691209
2022-01-10,41821.26171875,46337.91696043074,0.9025278748387063,25562.39088055485,1.6360465620828595,False,1.4765776268138149
2022-01-11,42735.85546875,46426.20848904121,0.9205114279111914,25594.56248139145,1.6697240087546386,False,1.537000031516331
2022-01-12,43949.1015625,46515.99816887159,0.9448169080011412,25626.767795379546,1.7149685794719665,False,1.6203313105758126
2022-01-13,42591.5703125,46574.29191942414,0.9144866954968538,25659.006850749498,1.6599072037449456,False,1.5179630535841382
2022-01-14,43099.69921875,46637.70432857742,0.924138523523777,25691.279675749374,1.6776003283103433,False,1.5503350904677242
2022-01-15,43177.3984375,46689.09171420075,0.924785573079961,25723.58629864494,1.6785139496577306,False,1.5522654848569333
2022-01-16,43113.87890625,46747.407841050386,0.9222731461997842,25755.926747719666,1.673940112058563,False,1.5438300136982703
2022-01-17,42250.55078125,46814.35572100081,0.9025127042877684,25788.301051274775,1.6383611583114142,False,1.478641759587675
2022-01-18,42375.6328125,46879.12572511084,0.9039339398303126,25820.709237629173,1.6411490645944349,False,1.4834903398076797
2022-01-19,41744.328125,46932.91160647674,0.8894468017458198,25853.15133511954,1.614670783607471,False,1.4361637643520817
2022-01-20,40680.41796875,46974.32105237473,0.8660139637439943,25885.627372100265,1.5715446021059423,False,1.3609795700702454
2022-01-21,36457.31640625,46998.64804411792,0.775709896421431,25918.137376943512,1.4066333500756125,False,1.0911394102900838
2022-01-22,35030.25,47005.9710495147,0.7452297914045892,25950.681378039197,1.349877850592563,False,1.005969189018771
2022-01-23,36276.8046875,47027.763274414145,0.7713912412933469,25983.25940379499,1.3961606634386132,False,1.0769861072148545
2022-01-24,36654.328125,47062.4464236037,0.7788445121419865,26015.87148263634,1.4089217864357932,False,1.0973310014028015
2022-01-25,36954.00390625,47090.446587890205,0.7847452420583564,26048.517643006468,1.4186605323459336,False,1.1132871028544464
2022-01-26,36852.12109375,47120.36863616852,0.7820847366092792,26081.1979133664,1.4129765517734747,False,1.1050673943288456
2022-01-27,37138.234375,47145.68309428224,0.7877335089350751,26113.91232219493,1.42216278881488,False,1.1202852839100377
2022-01-28,37784.33203125,47186.7790597844,0.8007398000905773,26146.660897988673,1.4450920589311866,False,1.1571427263810392
2022-01-29,38138.1796875,47235.35426879789,0.8074075081658235,26179.443669262047,1.4567987070053368,False,1.1762302139223726
2022-01-30,37917.6015625,47281.07148966964,0.8019615539124267,26212.260664547277,1.446559762538318,False,1.1600853149924204
2022-01-31,38483.125,47342.405790661214,0.8128679638750256,26245.111912394434,1.4662968528560962,False,1.1919057372174928
2022-02-01,38743.2734375,47409.90203212796,0.817197922308405,26277.997441371394,1.4743617174002612,False,1.2048453321905452
2022-02-02,36952.984375,47462.23363552414,0.7785765975274652,26310.91728006388,1.4044734351774102,False,1.093490148478139
2022-02-03,37154.6015625,47513.369265105684,0.7819820428896994,26343.87145707548,1.41036983205143,False,1.1028838824975795
2022-02-04,41500.875,47607.840578557705,0.8717235332595983,26376.8600010276,1.5733819339520776,False,1.371554058631525
2022-02-05,41441.1640625,47714.812213396624,0.8685178069476881,26409.88294055953,1.569153644329709,False,1.3628378819372113
2022-02-06,42412.43359375,47801.07601925842,0.8872694325262175,26442.94030432843,1.6039227523728719,False,1.4231116303137668
2022-02-07,43840.28515625,47894.221500353844,0.9153564622806555,26476.03212100932,1.6558480121143893,False,1.5156911784434832
2022-02-08,44118.4453125,47975.930183602046,0.9195954126092063,26509.158419295116,1.6642718193719679,False,1.5304567304292394
2022-02-09,44338.796875,48052.09102123516,0.9227235679589014,26542.319227896616,1.6704944467851497,False,1.5414045961931244
2022-02-10,43565.11328125,48113.75401607802,0.905460697718411,26575.514575542522,1.6392951924755212,False,1.4843173687453224
2022-02-11,42407.9375,48150.8470884221,0.8807308710919234,26608.744490979432,1.5937594317678767,False,1.403673132651891
2022-02-12,42244.46875,48170.61467267034,0.8769759123287139,26642.00900297186,1.5856337540193655,False,1.3905626080503364
2022-02-13,42197.515625,48185.75407371701,0.8757259575193966,26675.30814030225,1.5818942147943214,False,1.3853058259451512
2022-02-14,42586.91796875,48203.32944652833,0.8834849886456788,26708.64193177096,1.5944995660034373,False,1.4087164309660867
2022-02-15,44575.203125,48217.771693862655,0.9244558916577579,26742.01040619628,1.666860585570323,False,1.5409390889025854
2022-02-16,43961.859375,48232.61345860977,0.9114550554621166,26775.413592414458,1.6418741478359276,False,1.4964944924776107
2022-02-17,40538.01171875,48236.6558373654,0.8403984690694121,26808.85151927968,1.5121129560360669,False,1.2707774133127339
2022-02-18,40030.9765625,48242.80260538845,0.8297813228211738,26842.32421566409,1.4913379423060371,False,1.2374843705401108
2022-02-19,40122.15625,48257.776735226296,0.8314132760432867,26875.831710457805,1.492871241427957,False,1.241192969546426
2022-02-20,38431.37890625,48247.74639515402,0.7965424662841875,26909.374032568892,1.4281781084812981,False,1.137604512822779
2022-02-21,37075.28125,48218.61870354987,0.7688996957366284,26942.951210923427,1.3760660797607296,False,1.05805679004152
2022-02-22,38286.02734375,48186.5115133318,0.7945382668582964,26976.563274465443,1.4192329450649293,False,1.1276348844400848
2022-02-23,37296.5703125,48135.84960246011,0.7748189887686923,27010.210252156987,1.3808322839516425,False,1.0698950739105753
2022-02-24,38332.609375,48098.16414073667,0.796966164089707,27043.892172978103,1.4174220607676224,False,1.1296374226660997
2022-02-25,39214.21875,48052.711749783135,0.8160667176119769,27077.609065926845,1.4482157067311117,False,1.1818406381861677
2022-02-26,39105.1484375,48010.78051727045,0.8145076588253567,27111.36096001927,1.4423897234509104,False,1.1748374767617547
2022-02-27,37709.78515625,47957.99073189794,0.7863086960223372,27145.147884289476,1.3891906324104026,False,1.0923326746970696
2022-02-28,43193.234375,47950.59066205664,0.900786283935786,27178.96986778959,1.589215286124191,False,1.431543331961757
2022-03-01,44354.63671875,47931.94941145551,0.9253668432719627,27212.82693958976,1.6299165396235258,False,1.508270723068183
2022-03-02,43924.1171875,47914.33730314378,0.9167217926776591,27246.719128778208,1.6120883024447148,False,1.4778364785718032
2022-03-03,42451.7890625,47887.94121872503,0.8864818152988503,27280.64646446118,1.5561137496430828,False,1.3794665415951006
2022-03-04,39137.60546875,47844.25032835044,0.8180210829964398,27314.60897576301,1.4328451673416909,False,1.172097555555065
2022-03-05,39400.5859375,47809.86291379751,0.8241099960596067,27348.606691826084,1.44067982626976,False,1.1872786459503266
2022-03-06,38419.984375,47767.53019620678,0.804311720057298,27382.639641810867,1.4030781866747457,False,1.1285122296992394
2022-03-07,38062.0390625,47712.06089219303,0.7977446027431602,27416.707854895903,1.388278974410238,False,1.1074920589375772
2022-03-08,38737.26953125,47649.006536187844,0.8129711896895547,27450.81136027784,1.4111520793627255,False,1.1472259847924038
2022-03-09,41982.92578125,47610.76231819331,0.8817948660571485,27484.950187171413,1.5274877886024152,False,1.3469308899545966
2022-03-10,39437.4609375,47553.23822003428,0.8293328154650236,27519.124364809464,1.433092870786663,False,1.1885109453523566
2022-03-11,38794.97265625,47490.08091018095,0.8169068553415143,27553.33392244295,1.4079955901325765,False,1.1502012498699228
2022-03-12,38904.01171875,47436.660756425306,0.8201254282739631,27587.578889340944,1.4102002888619343,False,1.1565411158549603
2022-03-13,37849.6640625,47369.29663560466,0.799033693779837,27621.859294790665,1.3702793739753154,False,1.094899389697819
2022-03-14,39666.75390625,47325.50081877089,0.8381687086239313,27656.17516809744,1.4342819882051971,False,1.2021702818565148
2022-03-15,39338.78515625,47269.16721866024,0.8322292832931569,27690.526538584756,1.4206586177201879,False,1.182313703229519
2022-03-16,41143.9296875,47226.12738741316,0.8712111698251548,27724.91343559425,1.4840057042226118,False,1.2928823456029843
2022-03-17,40951.37890625,47182.232087936056,0.8679406864415977,27759.33588848571,1.4752290570191995,False,1.280411320407835
2022-03-18,41801.15625,47152.51985260491,0.886509488372353,27793.7939266371,1.503974461361264,False,1.3332876302664594
2022-03-19,42190.65234375,47124.73835294333,0.8952973282898842,27828.28757944454,1.5161066674801174,False,1.357366248797429
2022-03-20,41247.82421875,47082.896491430285,0.8760681116179344,27862.81687632235,1.4803895959924334,False,1.296922117819928
2022-03-21,41077.99609375,47037.812793088306,0.8732973251635961,27897.381846703025,1.4724677863849325,False,1.285902179239523
2022-03-22,42358.80859375,46997.821848083295,0.9012930158906399,27931.982520037247,1.5164984642018713,False,1.3668094743940282
2022-03-23,42892.95703125,46961.496751617095,0.9133643516115786,27966.618925793933,1.5337197944828909,False,1.4008449856417091
2022-03-24,43960.93359375,46923.75914460658,0.9368587341494543,28001.29109346017,1.5699609509797667,False,1.4708316291989778
2022-03-25,44348.73046875,46884.71709196144,0.9459101647507596,28035.999052541294,1.5818494780812904,False,1.4962875004227765
2022-03-26,44500.828125,46872.530815550694,0.9494010105858453,28070.742832560845,1.5853099574330098,False,1.5050948756787028
2022-03-27,46820.4921875,46876.242520472675,0.9988106910883839,28105.52246306061,1.6658822923159202,False,1.6639010436599655
2022-03-28,47128.00390625,46879.944331756284,1.0052913794593754,28140.337973600617,1.6747490364352533,False,1.6836107690862556
2022-03-29,47465.73046875,46893.26489911218,1.0122078420188794,28175.18939375912,1.684664113713599,False,1.7052302270686899
2022-03-30,47062.6640625,46902.88646568023,1.0034065621299593,28210.07675313265,1.6682926627370422,False,1.6739758053436111
2022-03-31,45538.67578125,46900.13583913784,0.9709710849760117,28245.000081335995,1.6122738767963922,False,1.5654713154314737
2022-04-01,46281.64453125,46907.10565420449,0.9866659621344932,28279.95940800221,1.6365527214354474,False,1.614730865478929
2022-04-02,45868.94921875,46900.87493262804,0.9779977299920231,28314.95476278263,1.6199548826064332,False,1.584312197878586
2022-04-03,46453.56640625,46892.40985971103,0.9906414821764562,28349.98617534687,1.6385745699814835,False,1.6232399406631062
2022-04-04,46622.67578125,46886.6824001421,0.9943692621150074,28385.053675382846,1.6425079309144965,False,1.6332593992814954
2022-04-05,45555.9921875,46877.947385939144,0.9718000622434322,28420.15729259677,1.6029465185038572,False,1.5577435264549413
2022-04-06,43206.73828125,46851.24790195164,0.9222110448727274,28455.297056713156,1.5184075638056533,False,1.400292225959864
2022-04-07,43503.84765625,46831.20449297119,0.9289500051782655,28490.472997474844,1.5269612287625345,False,1.4184706413659671
2022-04-08,42287.6640625,46827.83868504282,0.9030453945765174,28525.685144642994,1.4824416608426827,False,1.3387121145523482
2022-04-09,42782.13671875,46840.995088868825,0.9133481608915828,28560.93352799708,1.4979250127385533,False,1.3681270555382583
2022-04-10,42207.671875,46832.843558597306,0.9012408529537549,28596.21817733493,1.4759878950865388,False,1.3302205895172095
2022-04-11,39521.90234375,46799.65724060468,0.8444912778006353,28631.53912247272,1.3803624798056875,False,1.1657040743991587
2022-04-12,40127.18359375,46782.38336481688,0.8577413271322986,28666.896393244966,1.399774256804637,False,1.2006442287172363
2022-04-13,41166.73046875,46772.74073341937,0.8801436439951049,28702.29001950455,1.4342664101287834,False,1.262360464670525
2022-04-14,39935.515625,46752.00195019033,0.8541990494342333,28737.72003112272,1.3896549754730074,False,1.1870419590905958
2022-04-15,40553.46484375,46741.270526907545,0.8676158004820299,28773.1864579891,1.4094186232366355,False,1.222833867013734
2022-04-16,40424.484375,46737.25344058638,0.8649306794715411,28808.689330011697,1.4032045648424363,False,1.2136746777067366
2022-04-17,39716.953125,46725.03406289802,0.8500144284867888,28844.228677116906,1.3769462712833362,False,1.1704241978419199
2022-04-18,40826.21484375,46706.939175571875,0.8740931340048602,28879.80452924952,1.4136596666504835,False,1.2356702084387872
2022-04-19,41502.75,46670.8398656831,0.8892651197073662,28915.416916372746,1.4353156352554592,False,1.2763761302033003
2022-04-20,41374.37890625,46635.903898502,0.8871786638101163,28951.065868468184,1.4291141850950837,False,1.2678796131647396
2022-04-21,40527.36328125,46593.23020432275,0.8698122689396629,28986.75141553587,1.398134019927765,False,1.2161141241551012
2022-04-22,39740.3203125,46541.16322947632,0.8538746682491795,29022.473587594268,1.3692947361139853,False,1.169206088534677
2022-04-23,39486.73046875,46477.21031026841,0.8495933857722529,29058.232414680268,1.358882739502119,False,1.1544977875210796
2022-04-24,39469.29296875,46398.789245578235,0.850653510802793,29094.027926849205,1.3566115035012412,False,1.1540063382487862
2022-04-25,40458.30859375,46332.88197715766,0.8732094112707288,29129.86015417487,1.3888947073421343,False,1.2127959297152562
2022-04-26,38117.4609375,46250.32478632055,0.8241555300120615,29165.729126749502,1.306926385136738,False,1.0771106076291161
2022-04-27,39241.12109375,46172.47390632875,0.84988127717305,29201.63487468382,1.3437987722998979,False,1.1420694168658136
2022-04-28,39773.828125,46099.20494294537,0.862787724305138,29237.577428106997,1.360366747990693,False,1.173707730719271
2022-04-29,38609.82421875,46009.01838910939,0.8391794819923647,29273.556817166707,1.318931773815346,False,1.1068204827336328
2022-04-30,37714.875,45917.42933616368,0.821362945296602,29309.573072029092,1.286776675569946,False,1.056910680185101
2022-05-01,38469.09375,45827.22331082291,0.8394375868920437,29345.6262228788,1.3108970126528856,False,1.1004162249653273
2022-05-02,38529.328125,45738.0490451546,0.8423911585507761,29381.71629991898,1.3113368780674752,False,1.1046585919656182
2022-05-03,37750.453125,45631.040679983984,0.8272976588403604,29417.843333371296,1.2832501926535274,False,1.0616298800887047
2022-05-04,39698.37109375,45539.94502133082,0.8717263728613497,29454.007353475918,1.3478088267355963,False,1.1749204998407328
2022-05-05,36575.140625,45425.18632998633,0.8051731556873287,29490.208390491553,1.2402469369050924,False,0.9986135400194165
2022-05-06,36040.921875,45305.57467897399,0.7955074431872585,29526.446474695436,1.220631880165043,False,0.9710217460629496
2022-05-07,35501.953125,45176.56630332179,0.785848859929613,29562.721636383347,1.2009027301906852,False,0.9437280414067095
2022-05-08,34059.265625,45032.04883811687,0.7563339111537586,29599.033905869608,1.1506884222409,False,0.8703046749128075
2022-05-09,30296.953125,44861.019308586256,0.6753514207199759,29635.383313487095,1.0223236461804706,False,0.6904277268836068
2022-05-10,31022.90625,44703.01522998365,0.6939779361726814,29671.76988958726,1.0455360891999534,False,0.7255789773770402
2022-05-11,28936.35546875,44521.20489969829,0.6499454705671296,29708.19366454011,0.9740193495267475,True,0.6330594644696513
2022-05-12,29047.751953125,44343.386609015666,0.65506390410017,29744.65466873424,0.9765704889375709,True,0.6397160771124571
2022-05-13,29283.103515625,44164.326588676784,0.6630487947513015,29781.15293257683,0.9832763554158097,True,0.651960202365905
2022-05-14,30101.265625,44002.49517093151,0.6840808801425697,29817.688486493655,1.0095103662591014,False,0.690586739863574
2022-05-15,31305.11328125,43859.25196097274,0.7137630461437467,29854.26136092908,1.048597816666122,False,0.7484503718032933
2022-05-16,29862.91796875,43696.43895676307,0.6834176578622089,29890.871586346086,0.9990648108899958,True,0.6827785331109916
2022-05-17,30425.857421875,43536.66767789414,0.698855908012542,29927.51919322628,1.016651504771619,False,0.7104929104994869
2022-05-18,28720.271484375,43360.53270576103,0.6623597472675682,29964.20421206987,0.9584860415817816,True,0.6348625722616007
2022-05-19,30314.333984375,43204.29881809739,0.7016508730301845,30000.926673395727,1.0104465876801465,False,0.7089807303961456
2022-05-20,29200.740234375,43038.31172815776,0.6784824743780656,30037.68660774132,0.9721367898834585,True,0.6595777746340786
2022-05-21,29432.2265625,42870.77622730266,0.686533558581937,30074.4840456628,0.9786444388476409,True,0.6718722491884936
2022-05-22,30323.72265625,42714.237511571235,0.7099207295468014,30111.319017734957,1.0070539466700195,False,0.7149284725129659
2022-05-23,29098.91015625,42549.82120604816,0.6838785529870521,30148.191554551246,0.9651958759648108,True,0.6600767590038851
2022-05-24,29655.5859375,42393.242686992795,0.6995356820533808,30185.101686723778,0.9824577119295684,True,0.6872642256032545
2022-05-25,29562.361328125,42235.91086153258,0.6999342674304596,30222.049444883356,0.978171959583302,True,0.6846560739519557
2022-05-26,29267.224609375,42072.63468053579,0.6956356508596548,30259.034859679472,0.9672226739912954,True,0.6728345743481505
2022-05-27,28627.57421875,41895.21423147056,0.6833137088303927,30296.057961780287,0.9449273649682363,True,0.6456818223317756
2022-05-28,28814.900390625,41722.40462811857,0.6906337409710409,30333.11878187268,0.9499484902239931,True,0.6560664795331886
2022-05-29,29445.95703125,41561.357632445324,0.7084936274618395,30370.21735066223,0.9695668849274114,True,0.6869319593690977
2022-05-30,31726.390625,41422.57231127301,0.7659203389540772,30407.353698873234,1.0433788793062793,False,0.7991451048957906
2022-05-31,31792.310546875,41286.89178390027,0.7700340028810874,30444.52785724871,1.0442701130379128,False,0.8041234952316696
2022-06-01,29799.080078125,41133.648473057,0.7244453430296545,30481.739856550405,0.9776043040312641,True,0.7082208853811958
2022-06-02,30467.48828125,40985.73696906361,0.7433680722698026,30518.989727558794,0.9983124786643154,True,0.7421136227875805
2022-06-03,29704.390625,40835.68009964878,0.72741265855042,30556.27750107312,0.9721207245861934,True,0.7071329207032035
2022-06-04,29832.9140625,40695.272767653754,0.733080577511509,30593.60320791135,0.9751356798268652,True,0.7148530273195564
2022-06-05,29906.662109375,40556.03923969187,0.7374157504045807,30630.966878910232,0.9763538391589616,True,0.719978698963799
2022-06-06,31370.671875,40438.65217635534,0.7757595811598926,30668.368544925273,1.0228999246910033,False,0.7935244171467785
2022-06-07,31155.478515625,40317.26110584001,0.7727578129336788,30705.808236830755,1.0146444697148496,False,0.7840744413220995
2022-06-08,30214.35546875,40184.849691290576,0.7518842474430975,30743.285985519746,0.9827952510665622,True,0.7389482677388322
2022-06-09,30111.998046875,40054.61450026043,0.7517735078109219,30780.8018219041,0.9782720483079433,True,0.7354390093498382
2022-06-10,29083.8046875,39921.74919119169,0.728520299754727,30818.355776914475,0.9437169490166701,True,0.687516954581241
2022-06-11,28360.810546875,39779.699947627516,0.7129468192121559,30855.947881500335,0.9191359363125806,True,0.655295042217641
2022-06-12,26762.6484375,39625.24541369373,0.6753938848351293,30893.578166629944,0.8662851642872493,True,0.5850837024830036
2022-06-13,22487.388671875,39414.3267568643,0.570538444322372,30931.2466632904,0.7270120379132122,True,0.4147883171146414
2022-06-14,22206.79296875,39210.60412409575,0.5663466162997334,30968.953402487623,0.7170663044417319,True,0.40610807518312936
2022-06-15,22572.83984375,39011.30610854652,0.5786230222833987,31006.69841524637,0.7279988195276753,True,0.42123687717385
2022-06-16,20381.650390625,38772.35171165224,0.5256748556858807,31044.481732610253,0.6565305411175659,True,0.3451215974553496
2022-06-17,20471.482421875,38536.653217022256,0.5312210768949811,31082.303385641713,0.6586217941406389,True,0.3498737787498948
2022-06-18,19017.642578125,38278.20907927531,0.49682686404525606,31120.163405422063,0.611103557856369,True,0.30361266425667854
2022-06-19,20553.271484375,38051.131453558395,0.5401487603452837,31158.061823051485,0.6596453784929971,True,0.35630663346048785
2022-06-20,20599.537109375,37829.178597249476,0.5445409568283033,31195.99866964903,0.6603262593871226,True,0.35957469310551815
2022-06-21,20710.59765625,37618.37087750091,0.550544778339584,31233.973976352627,0.66307917372058,True,0.36505477671759123
2022-06-22,19987.029296875,37409.337028457965,0.5342791635593676,31271.9877743191,0.639135236337249,True,0.3414766394715841
2022-06-23,21085.876953125,37220.18590741642,0.5665172389405898,31310.04009472417,0.6734541664377501,True,0.38152339492335063
2022-06-24,21231.65625,37031.83790799275,0.5733352015298565,31348.13096876246,0.6772861919952023,True,0.38831201538095844
2022-06-25,21502.337890625,36849.100633652764,0.58352408935017,31386.260427647507,0.6850876019522235,True,0.39976511905426293
2022-06-26,21027.294921875,36661.60849870572,0.5735508010407491,31424.428502611754,0.6691384990542429,True,0.38378492213976556
2022-06-27,20735.478515625,36479.38935328182,0.5684162724001179,31462.6352249066,0.6590509144386698,True,0.37461526410711776
2022-06-28,20280.634765625,36293.10227177003,0.5588013560747587,31500.880625802358,0.6438116764587571,True,0.35976283786191726
2022-06-29,20104.0234375,36099.96216302116,0.5568987398577794,31539.164736588278,0.6374304330950629,True,0.35498420493763905
2022-06-30,19784.7265625,35901.77434291344,0.5510793526115864,31577.487588572585,0.6265453040557853,True,0.3452761805408917
2022-07-01,19269.3671875,35706.283398155894,0.5396632008050212,31615.84921308243,0.6094844094691109,True,0.32891630725485854
2022-07-02,19242.255859375,35512.810181679015,0.5418398533074141,31654.249641463957,0.6078885482146933,True,0.32937824179190633
2022-07-03,19297.076171875,35316.09270074937,0.5464102820034091,31692.68890508227,0.6088810018508876,True,0.33269883992786176
2022-07-04,20231.26171875,35139.568455814035,0.5757401871394532,31731.167035321454,0.6375832851098616,True,0.36708231988613904
2022-07-05,20190.115234375,34968.246279481275,0.5773842666574386,31769.684063584587,0.6355151405964892,True,0.36693644340300285
2022-07-06,20548.24609375,34802.004714173156,0.5904328288703927,31808.240021293732,0.6460038681798856,True,0.3814218913506662
2022-07-07,21637.587890625,34652.42889033098,0.6244176406538275,31846.834939889966,0.6794266347492728,True,0.42424597626751076
2022-07-08,21731.1171875,34504.84632899133,0.6297989847658383,31885.46885083338,0.6815366990262093,True,0.4292311211273673
2022-07-09,21592.20703125,34351.47891564716,0.6285670286356932,31924.14178560307,0.6763598275016904,True,0.4251374870612876
2022-07-10,20860.44921875,34190.72752851553,0.6101200742614238,31962.85377569718,0.6526466430419663,True,0.3981928183192334
2022-07-11,19970.556640625,34014.05747810327,0.5871265624067682,32001.604852632856,0.6240485979559232,True,0.3663955080926245
2022-07-12,19323.9140625,33829.52928095413,0.5712143938514473,32040.395047946316,0.6031109801730924,True,0.34450567296472523
2022-07-13,20212.07421875,33660.73661889518,0.6004644059810658,32079.224393192813,0.6300674221736791,True,0.3783330603835396
2022-07-14,20569.919921875,33497.6171273414,0.614071139558325,32118.09291994666,0.6404464914260284,True,0.3932797068161123
2022-07-15,20836.328125,33339.89033182417,0.6249669065381102,32157.000659801233,0.6479562054133686,True,0.40495118526936524
2022-07-16,21190.31640625,33195.031676257466,0.6383580715606377,32195.94764436899,0.6581671904897679,True,0.4201463384855311
2022-07-17,20779.34375,33049.156009185666,0.6287405265122231,32234.933905281443,0.6446218816845617,True,0.40529990129165133
2022-07-18,22485.689453125,32922.524857855926,0.6829880013822663,32273.959474189225,0.6967130720699982,True,0.475846668629987
2022-07-19,23389.43359375,32808.25200527536,0.7129131289892898,32313.02438276204,0.7238391961300754,True,0.5160344661981843
2022-07-20,23231.732421875,32689.878203162043,0.7106705102262458,32352.128662688712,0.7180897635545032,True,0.510325218653523
2022-07-21,23164.62890625,32572.49667181521,0.71117142599309,32391.272345677153,0.715150323798302,True,0.5085944755750585
2022-07-22,22714.978515625,32453.57860542108,0.6999221500901187,32430.455463454422,0.7004211994870777,True,0.4902403119136954
2022-07-23,22465.478515625,32334.343983919633,0.6947868967682607,32469.678047766683,0.6918910154444914,True,0.4807168115225189
2022-07-24,22609.1640625,32223.494794419992,0.7016360021388846,32508.940130379237,0.6954752745498458,True,0.4879704912215969
2022-07-25,21361.701171875,32101.208292574498,0.6654485082674065,32548.241743076527,0.6563089134121641,True,0.4367397873927271
2022-07-26,21239.75390625,31983.04238697058,0.6640942299755311,32587.582917662152,0.6517744491794837,True,0.4328396509455752
2022-07-27,22930.548828125,31882.86275092147,0.7192123557807639,32626.96368595886,0.7028097695156736,True,0.5054694699991034
2022-07-28,23843.88671875,31791.235082523315,0.7500144821947408,32666.38407980857,0.7299212138232389,True,0.5474514812285932
2022-07-29,23804.6328125,31700.04403892679,0.7509337458102128,32705.844131072365,0.7278403430622443,True,0.5465598751675215
2022-07-30,23656.20703125,31605.501901832784,0.7484838274274705,32745.343871630506,0.7224296414167439,True,0.5407269030546596
2022-07-31,23336.896484375,31505.444399138254,0.7407258310253614,32784.88333338245,0.7118188052422545,True,0.5272625760525488
2022-08-01,23314.19921875,31409.389667308616,0.7422684574802733,32824.46254824685,0.7102690313506812,True,0.527210298296678
2022-08-02,22978.1171875,31309.486583999835,0.7339027143052088,32864.08154816154,0.6991863488966247,True,0.5131347592603815
2022-08-03,22846.5078125,31208.792715499392,0.7320535600582081,32903.7403650836,0.6943437906756639,True,0.508296843868431
2022-08-04,22630.95703125,31106.892408830925,0.7275222717144612,32943.439030989306,0.6869640115581577,True,0.4997816182748702
2022-08-05,23289.314453125,31013.939894046147,0.7509305342271567,32983.17757787415,0.706096748808944,True,0.5302296087991588
2022-08-06,22961.279296875,30918.27494259606,0.7426442561723028,33022.956037752876,0.6953126567659463,True,0.5163699507911339
2022-08-07,23175.890625,30826.809867540385,0.7518095685082046,33062.77444265947,0.7009662986750788,True,0.5269931705457042
2022-08-08,23809.486328125,30744.269499705333,0.7744365605549093,33102.632824647146,0.7192626173951103,True,0.5570232675511909
2022-08-09,23164.318359375,30670.058632359265,0.755274668269948,33142.5312157884,0.6989302720590035,True,0.5278843293731884
2022-08-10,23947.642578125,30608.04942076157,0.7823968868098211,33182.46964817496,0.7216956071092834,True,0.5646523962266271
2022-08-11,23957.529296875,30541.795081649667,0.7844178520885083,33222.44815391787,0.721124740292498,True,0.5656631198681247
2022-08-12,24402.818359375,30478.045690834457,0.8006687373237177,33262.46676514741,0.7336442763452651,True,0.587406036386136
2022-08-13,24424.068359375,30413.703512825163,0.8030613025827521,33302.52551401317,0.7333998843150121,True,0.5889650664120534
2022-08-14,24319.333984375,30349.164910835872,0.8013180611665536,33342.62443268403,0.7293767181846678,True,0.5844627376757617
2022-08-15,24136.97265625,30282.516444333745,0.7970596730499372,33382.76355334819,0.7230369833724907,True,0.5763036215698902
2022-08-16,23883.291015625,30212.049804432234,0.7905220324415466,33422.94290821312,0.7145777402430977,True,0.5648894475544611
2022-08-17,23335.998046875,30136.33513648863,0.7743475754827308,33463.16252950564,0.6973637959741205,True,0.5400019646419939
2022-08-18,23212.73828125,30060.660087377568,0.7721965590169125,33503.42244947187,0.6928467775570765,True,0.5350138975555306
2022-08-19,20877.552734375,29961.977797048414,0.6968015554844871,33543.722700377315,0.6223982031111938,True,0.43368803605862954
2022-08-20,21166.060546875,29866.074773977114,0.7086991078358043,33584.06331450676,0.6302412054390167,True,0.44665138001599297
2022-08-21,21534.12109375,29779.90654415443,0.7231090890705627,33624.44432416437,0.6404305417256934,True,0.46310114564023314
2022-08-22,21398.908203125,29692.2931771532,0.7206889705504604,33664.86576167366,0.6356451368205648,True,0.4581024392906194
2022-08-23,21528.087890625,29594.07441249622,0.7274458930715765,33705.32765937751,0.6387146895050417,True,0.46463037772492977
2022-08-24,21395.01953125,29495.397570025543,0.7253680673554478,33745.83004963816,0.6340048385172083,True,0.45988686440923016
2022-08-25,21600.904296875,29396.913754430763,0.7348017712784312,33786.37296483727,0.6393377684948859,True,0.4697865247352417
2022-08-26,20260.01953125,29282.64761705722,0.6918779953301929,33826.95643737583,0.5989311976310244,True,0.41438731635766474
2022-08-27,20041.73828125,29166.367838485254,0.6871523527453003,33867.58049967427,0.5917676428477894,True,0.40663452806139905
2022-08-28,19616.814453125,29045.972636002134,0.6753712364519064,33908.2451841724,0.5785263833789217,True,0.390720078862672
2022-08-29,20297.994140625,28935.40294243788,0.7014933982776894,33948.95052332944,0.5978975440397306,True,0.4194211799903151
2022-08-30,19796.80859375,28823.092529133817,0.6868384637678894,33989.69654962405,0.5824355791128405,True,0.40003915840162435
2022-08-31,20049.763671875,28714.65379669077,0.6982415255233075,34030.48329555428,0.589170700214366,True,0.4113834485113142
2022-09-01,20127.140625,28607.920327612406,0.7035513380388316,34071.31079363765,0.5907357291565803,True,0.41561291267545697
2022-09-02,19969.771484375,28499.507132038398,0.7007058540295074,34112.1790764111,0.5854147118436152,True,0.4102035156238183
2022-09-03,19832.087890625,28386.290922265896,0.6986502021322175,34153.08817643101,0.5806821271380985,True,0.40569368549959856
2022-09-04,19986.712890625,28276.781252664,0.706824185965014,34194.03812627325,0.5845087034417282,True,0.4131448884996653
2022-09-05,19812.37109375,28173.9897076704,0.7032149617189666,34235.02895853312,0.5787163527084368,True,0.40696199781600334
2022-09-06,18837.66796875,28062.886617922035,0.6712662252185968,34276.06070582542,0.5495867255699086,True,0.3689190067035614
2022-09-07,19290.32421875,27957.301848795876,0.689992343434273,34317.133400784405,0.5621193353611835,True,0.387858037495579
2022-09-08,19329.833984375,27857.17357867757,0.6938907111226257,34358.24707606384,0.5625966290300475,True,0.39038057499285167
2022-09-09,21381.15234375,27780.56634094888,0.7696442211199248,34399.40176433695,0.6215559354848019,True,0.4783769338486666
2022-09-10,21680.5390625,27703.584492773523,0.7825896705949862,34440.59749829652,0.6295053116767892,True,0.4926443545029326
2022-09-11,21769.255859375,27630.390261209242,0.787873629491843,34481.8343106548,0.6313253425920081,True,0.49740458905814666
2022-09-12,22370.44921875,27559.517849097527,0.8117140996892495,34523.11223414357,0.6479847201210756,True,0.5259783337054691
2022-09-13,20296.70703125,27469.549857850736,0.7388802195988387,34564.43130151414,0.5872136837489607,True,0.43388057559987503
2022-09-14,20241.08984375,27379.92651663171,0.7392675006433899,34605.79154553735,0.5849046919535127,True,0.43240102973506517
2022-09-15,19701.2109375,27289.368247031074,0.7219372306152004,34647.19299900358,0.5686235805038113,True,0.41051053297142104
2022-09-16,19772.583984375,27187.63691197549,0.7272637945104254,34688.63569472277,0.5700017769042163,True,0.4145416551490453
2022-09-17,20127.576171875,27087.70965396468,0.7430519755637235,34730.11966552441,0.5795423789413275,True,0.4306301095952535
2022-09-18,19419.505859375,26982.722862113533,0.7197014904171123,34771.64494425756,0.5584868328923299,True,0.4019438060109426
2022-09-19,19544.12890625,26882.585710960706,0.7270181937253665,34813.211563790835,0.5613997683160555,True,0.4081478455189779
2022-09-20,18890.7890625,26783.996629511726,0.7053013530357654,34854.81955701246,0.5419849909594311,True,0.3822627474487638
2022-09-21,18547.400390625,26682.031667677547,0.6951269911388798,34896.468956830206,0.5314979121116711,True,0.3694585444427827
2022-09-22,19413.55078125,26591.63085275265,0.7300624353861469,34938.159796171494,0.5556546450788552,True,0.40566258341989414
2022-09-23,19297.638671875,26501.613597767235,0.7281684415435303,34979.89210798331,0.5516780501295709,True,0.40171454599662326
2022-09-24,18937.01171875,26407.165221435596,0.7171164174554481,35021.665925232264,0.5407227559984901,True,0.3877611656182736
2022-09-25,18802.09765625,26305.169294336847,0.714768167650525,35063.48128090457,0.5362302021758902,True,0.3832802790481316
2022-09-26,19222.671875,26213.234853537477,0.7333193321008948,35105.3382080061,0.5475711916262379,True,0.4015445405210439
2022-09-27,19110.546875,26122.332159281315,0.7315788941995359,35147.23673956234,0.5437282884173036,True,0.3977801399853373
2022-09-28,19426.720703125,26034.698856540082,0.7461857273699513,35189.176908618414,0.5520652203253743,True,0.4119431879841418
2022-09-29,19573.05078125,25951.358026282593,0.7542206755202223,35231.15874823911,0.5555608011964205,True,0.4190154427709202
2022-09-30,19431.7890625,25863.25794082172,0.751327969081169,35273.182291508856,0.5508941297643485,True,0.4139021676945859
2022-10-01,19312.095703125,25775.39265223974,0.7492454514149519,35315.24757153178,0.5468486569153436,True,0.40972386880619677
2022-10-02,19044.107421875,25682.039884265945,0.7415340645718076,35357.35462143164,0.538617994071636,True,0.39940359039545403
2022-10-03,19623.580078125,25594.81292284762,0.766701446003057,35399.503474351906,0.5543461956279393,True,0.4250180297742346
2022-10-04,20336.84375,25512.376712489728,0.7971363851821764,35441.69416345573,0.5738112759567096,True,0.45740584629290376
2022-10-05,20160.716796875,25428.36682398941,0.7928435568207688,35483.92672192595,0.5681647624533462,True,0.4504657711237382
2022-10-06,19955.443359375,25345.00969776416,0.7873519717428,35526.201182965124,0.5617105880981069,True,0.4422639390878523
2022-10-07,19546.849609375,25259.17502356491,0.7738514655027039,35568.517579795516,0.5495548012514998,True,0.4252737883225203
2022-10-08,19416.568359375,25170.500140962777,0.7714017699543539,35610.87594565911,0.5452426497175743,True,0.4206011450467386
2022-10-09,19446.42578125,25081.76965753621,0.7753211215464224,35653.276313817616,0.5454316627196877,True,0.42288468846675825
2022-10-10,19141.484375,24989.33549588242,0.7659861294892779,35695.718717552474,0.5362403409344341,True,0.41075266322837795
2022-10-11,19051.41796875,24896.198198164904,0.7652340255772175,35738.20319016489,0.5330827033294424,True,0.4079330230343748
2022-10-12,19157.4453125,24804.40915980469,0.7723403201856732,35780.72976497579,0.5354123696843208,True,0.4135205610333584
2022-10-13,19382.904296875,24711.74890801136,0.784359875499998,35823.298475325886,0.5410697820086393,True,0.4243934268531074
2022-10-14,19185.65625,24617.748658295375,0.7793424376983011,35865.90935457565,0.5349273612534896,True,0.41689159371081436
2022-10-15,19067.634765625,24523.03670119088,0.7775397067647436,35908.56243610533,0.5310052386406001,True,0.4128776575431549
2022-10-16,19268.09375,24431.21738234996,0.7886669521396835,35951.25775331492,0.5359504772325626,True,0.422686429376814
2022-10-17,19550.7578125,24344.41294782487,0.8030901321958895,35993.99533962427,0.5431672040857713,True,0.4362122217337138
2022-10-18,19334.416015625,24255.502285208135,0.7971146417947326,36036.77522847298,0.5365190390384516,True,0.42766718161918943
2022-10-19,19139.53515625,24166.268537040116,0.7919938126531392,36079.59745332047,0.5304808397879881,True,0.42013754284312776
2022-10-20,19053.740234375,24076.211788683635,0.7913927822868999,36122.462047645975,0.527476233741844,True,0.4174408842111731
2022-10-21,19172.46875,23987.53414270745,0.7992680129578347,36165.36904494855,0.5301333639419322,True,0.42371864040052076
2022-10-22,19208.189453125,23901.218775946534,0.803648953351933,36208.31847874708,0.5304910655931036,True,0.4263285896264493
2022-10-23,19567.0078125,23821.616058804157,0.8213971614771405,36251.31038258028,0.5397600143553009,True,0.4433573436703047
2022-10-24,19345.572265625,23740.44769218252,0.8148781571627773,36294.344790006726,0.5330189145872556,True,0.43434547085176667
2022-10-25,20095.857421875,23667.084858141636,0.8491057323843536,36337.421734604824,0.5530347631333824,True,0.46958498758437817
2022-10-26,20770.44140625,23597.91232965652,0.8801813107910773,36380.54124997287,0.5709217260824971,True,0.5025146332223968
2022-10-27,20285.8359375,23526.84012202708,0.8622422659517001,36423.703369728995,0.5569405101832438,True,0.48021764750069595
2022-10-28,20595.3515625,23462.663722906036,0.8777925561108926,36466.90812751123,0.5647682411266046,True,0.4957493579887752
2022-10-29,20818.4765625,23399.216268817414,0.8897082843857212,36510.15555697749,0.5702105686734431,True,0.5073210667930556
2022-10-30,20635.603515625,23333.23881075579,0.8843865904339318,36553.445691805544,0.5645323751312188,True,0.4992648624318679
2022-10-31,20495.7734375,23268.76471622719,0.8808277399962982,36596.77856569313,0.5600431032668358,True,0.4933015009510404
2022-11-01,20485.2734375,23203.551398333984,0.8828507794272752,36640.154212357826,0.5590935376191953,True,0.4935961654598592
2022-11-02,20159.50390625,23136.801647625078,0.8713176615022462,36683.572665537155,0.5495512689032358,True,0.47883372649635947
2022-11-03,20209.98828125,23071.937441301776,0.8759554039476324,36727.03395898858,0.5502755355582916,True,0.482016829032463
2022-11-04,21147.23046875,23011.43014516005,0.9189881000593896,36770.53812648945,0.5751134344567984,True,0.5285224024500834
2022-11-05,21282.69140625,22950.980487426223,0.9273107707929863,36814.0852018371,0.5781127329272315,True,0.5360901639759909
2022-11-06,20926.486328125,22888.948194029195,0.9142615969389051,36857.67521884877,0.5677646841226528,True,0.5190854467914896
2022-11-07,20602.81640625,22826.610493212025,0.9025788744402803,36901.30821136169,0.5583221139001927,True,0.5039297451391539
2022-11-08,18541.271484375,22751.901200541415,0.8149328410380836,36944.98421323302,0.5018616702435578,True,0.4089835567397004
2022-11-09,15880.7802734375,22654.884161090868,0.7009870436994905,36988.70325833993,0.4293413630243127,True,0.3009627328043227
2022-11-10,17586.771484375,22574.27256671295,0.7790626002411124,37032.46538057951,0.4749014494076276,True,0.3699779580337794
2022-11-11,17034.29296875,22488.001702522706,0.7574836214477471,37076.27061386889,0.45943922316658486,True,0.34801768659936433
2022-11-12,16799.185546875,22404.135123062973,0.7498252199694065,37120.118992145166,0.45256281507151974,True,0.33934301236097614
2022-11-13,16353.365234375,22314.97937528268,0.7328424982766913,37164.01054936544,0.44003230525006476,True,0.3224743739019091
2022-11-14,16618.19921875,22228.09454508153,0.7476214025024089,37207.94531950683,0.4466303924080876,True,0.3339104403723357
2022-11-15,16884.61328125,22146.06997424335,0.7624202985399844,37251.923336566455,0.4532548058981985,True,0.34557066442758716
2022-11-16,16669.439453125,22064.283638046185,0.7554942515505614,37295.94463456148,0.44695045577898385,True,0.3376685000689257
2022-11-17,16687.517578125,21982.000157388145,0.7591446391886376,37340.00924752908,0.4469071624354049,True,0.33926717657784333
2022-11-18,16697.77734375,21900.31895243423,0.7624444822021204,37384.117209526485,0.4466543171305635,True,0.34054911954795414
2022-11-19,16711.546875,21820.634762440455,0.765859795415546,37428.26855463097,0.44649532346406906,True,0.34195281708219
2022-11-20,16291.83203125,21734.8148787225,0.7495730753703839,37472.46331693987,0.43476810941022614,True,0.32589046884359074
2022-11-21,15787.2841796875,21650.111183148943,0.7292010671970732,37516.70153057058,0.4208068283088051,True,0.30685278828659623
2022-11-22,16189.76953125,21570.67050459749,0.7505454931407615,37560.98322966055,0.4310262442348826,True,0.32350480503588025
2022-11-23,16610.70703125,21496.399446061187,0.7727204303646117,37605.308448367345,0.4417117613609459,True,0.3413197023359408
2022-11-24,16604.46484375,21425.324282857655,0.774992463336258,37649.67722086859,0.4410254235737889,True,0.34179137940936727
2022-11-25,16521.841796875,21362.34697722919,0.7734094860684625,37694.08958136201,0.43831385716885146,True,0.3389960950096469
2022-11-26,16464.28125,21297.507001775135,0.7730614314918507,37738.54556406543,0.43627227822148124,True,0.33726527192210926
2022-11-27,16444.626953125,21238.136616884098,0.7742970699252256,37783.04520321682,0.43523826268309673,True,0.33700371151486747
2022-11-28,16217.322265625,21176.887747583118,0.7658029101786147,37827.58853307421,0.4287167883156372,True,0.32831256413454407
2022-11-29,16444.982421875,21117.277487446234,0.7787453866461331,37872.17558791581,0.43422333590791223,True,0.3381494196123809
2022-11-30,17168.56640625,21061.62683847121,0.8151586075435475,37916.806402039925,0.452795687068369,True,0.3691003017723755
2022-12-01,16967.1328125,21001.925334231197,0.8078846364073651,37961.481009765026,0.4469565559925193,True,0.3610893347279046
2022-12-02,17088.66015625,20946.864402210755,0.8158099383336078,38006.19944542973,0.44962822922576967,True,0.36681117795772444
2022-12-03,16908.236328125,20889.37687283419,0.8094179367367101,38050.961743392814,0.44435766018610434,True,0.35967106048098874
2022-12-04,17130.486328125,20838.10597957296,0.8220750170345404,38095.767938033205,0.4496690119487694,True,0.3696616606576896
2022-12-05,16974.826171875,20781.975144053024,0.816805238877043,38140.61806375003,0.4450590219461697,True,0.3635265407351243
2022-12-06,17089.50390625,20729.697626710393,0.824397162659528,38185.51215496257,0.44753894715090414,True,0.3689498382108378
2022-12-07,16848.126953125,20675.314709094368,0.8148909552372657,38230.450246110326,0.44069915066823406,True,0.35912175186028894
2022-12-08,17233.474609375,20621.914417939108,0.8356874274671372,38275.432371652954,0.45024898587790296,True,0.37626741672799213
2022-12-09,17133.15234375,20571.007038013122,0.832878638954801,38320.45856607037,0.44710196549996417,True,0.37238167649962656
2022-12-10,17128.724609375,20518.96052398542,0.8347754550895773,38365.528863862644,0.4464613187050037,True,0.3726949505018623
2022-12-11,17104.193359375,20467.224057028678,0.8356870141117757,38410.643299550116,0.44529827907296027,True,0.3721299892275944
2022-12-12,17206.4375,20417.18283396366,0.8427429797698321,38455.80190767334,0.4474341099766973,True,0.3770719550924247
2022-12-13,17781.318359375,20372.867979111554,0.8727940699172209,38501.004722793085,0.4618403724110668,True,0.40309153828873995
2022-12-14,17815.650390625,20328.499782826897,0.876387858472237,38546.2517794904,0.46218891768107817,True,0.4050567557761211
2022-12-15,17364.865234375,20279.797642908838,0.8562642261101115,38591.543112366555,0.4499655580968587,True,0.38528941038001113
2022-12-16,16647.484375,20221.259037455984,0.823266461507849,38636.878756043094,0.430870321593879,True,0.3547210850273417
2022-12-17,16795.091796875,20163.997752484967,0.8329247008969345,38682.258745161846,0.4341807418103689,True,0.36163986450761065
2022-12-18,16757.9765625,20111.047109971765,0.8332722046178692,38727.68311438488,0.4327131192693392,True,0.36056781486063727
2022-12-19,16439.6796875,20054.569299172603,0.8197473325033341,38773.151898394586,0.4239964739152581,True,0.34756997848285226
2022-12-20,16906.3046875,20003.452460718465,0.8451693386778882,38818.66513189361,0.4355199909645964,True,0.3680881427445478
2022-12-21,16817.53515625,19951.68541918097,0.8429130072430929,38864.22284960494,0.4327253685563135,True,0.36474984172017794
2022-12-22,16830.341796875,19900.11154290093,0.8457410784151597,38909.82508627183,0.4325473517179363,True,0.3658230637075488
2022-12-23,16796.953125,19845.497596304976,0.846386090521984,38955.47187665787,0.4311834080250158,True,0.3649476390162386
2022-12-24,16847.755859375,19791.965414159382,0.8512421837258233,39001.16325554698,0.431980855262793,True,0.3677203265616487
2022-12-25,16841.986328125,19740.629460260978,0.853163591466467,39046.8992577434,0.4313271129918226,True,0.367992588816966
2022-12-26,16919.8046875,19690.30657097412,0.8592961529833074,39092.6799180717,0.4328126064255406,True,0.37191420766414535
2022-12-27,16717.173828125,19641.12231544425,0.851131292786661,39138.505271376824,0.4271285710124136,True,0.3635424928319147
2022-12-28,16552.572265625,19592.7237936339,0.844832624599306,39184.37535252405,0.4224278712295147,True,0.35688084715472856
2022-12-29,16642.341796875,19549.20827746516,0.851305155721269,39230.290196399044,0.42422173564249094,True,0.36114215072147776
2022-12-30,16602.5859375,19519.135267524147,0.8505799929120482,39276.249837907795,0.42271311558558927,True,0.35955131885862035
2022-12-31,16547.49609375,19489.840961164482,0.8490318687937266,39322.254311976714,0.42081758493459487,True,0.3572875405582819
2023-01-01,16625.080078125,19459.78574702579,0.8543300678768242,39368.30365355259,0.422296074131829,True,0.3607802336771619
2023-01-02,16688.470703125,19439.24897931919,0.8584935930847608,39414.3978976026,0.4234105198430568,True,0.3634952185299522
2023-01-03,16679.857421875,19418.29124895411,0.858976580793297,39460.537079114314,0.4226971718208904,True,0.3630869713617052
2023-01-04,16863.23828125,19405.63402686052,0.8689867209650849,39506.72123309573,0.42684479387075175,True,0.37092245778676214
2023-01-05,16836.736328125,19385.43303360375,0.8685251600487489,39552.95039457527,0.4256758638777596,True,0.3697101978033206
2023-01-06,16951.96875,19365.826203920205,0.8753547910374425,39599.22459860176,0.4280884012713363,True,0.37472923304042344
2023-01-07,16955.078125,19345.79208956557,0.8764220170723827,39645.54388024447,0.4276666799228546,True,0.3748164942526373
2023-01-08,17091.14453125,19329.941371636167,0.8841798432109437,39691.90827459311,0.4305951836079921,True,0.38072358192990197
2023-01-09,17196.5546875,19309.92331530252,0.890555307067028,39738.31781675785,0.43274490799527815,True,0.3853832744214277
2023-01-10,17446.29296875,19290.889610080674,0.904379907893581,39784.77254186931,0.4385168458708568,True,0.39658582467846915
2023-01-11,17934.896484375,19273.69234147435,0.9305376555057671,39831.27248507857,0.4502717429149094,True,0.4189948119925353
2023-01-12,18869.587890625,19263.59704756755,0.9795464390181323,39877.81768155719,0.4731850684836212,True,0.4635067488296822
2023-01-13,19909.57421875,19259.88584389506,1.0337327219964223,39924.408166497225,0.4986817621872031,False,0.51550365543575
2023-01-14,20976.298828125,19262.91928090497,1.0889470345711554,39971.0439751112,0.5247873646028942,False,0.5714656444647334
2023-01-15,20880.798828125,19266.35293852176,1.083796133848211,40017.72514263213,0.5217887512021525,False,0.5655126312383789
2023-01-16,21169.6328125,19272.4917512113,1.0984377674552366,40064.45170431357,0.5283894303293499,False,0.5804029061979155
2023-01-17,21161.51953125,19281.11323023345,1.0975258159922014,40111.223695429566,0.5275710282970307,False,0.5790228233255434
2023-01-18,20688.78125,19287.869726512272,1.0726317391890146,40158.04115127467,0.5151840243418673,False,0.5526027360322127
2023-01-19,21086.79296875,19296.05446963356,1.0928033501322536,40204.904107164,0.524483105656571,False,0.5731568949492695
2023-01-20,22676.552734375,19305.982451550917,1.1745868303404219,40251.812598433185,0.563367244119031,False,0.6617237455873913
2023-01-21,22777.625,19316.473635897455,1.1791813262266666,40298.76666043841,0.565218910839794,False,0.6664955848924603
2023-01-22,22720.416015625,19325.15771268741,1.1756911044875211,40345.7663285564,0.5631425074591699,False,0.6620816365785436
2023-01-23,22934.431640625,19330.03880030407,1.186465887500662,40392.81163818445,0.5677849773385035,False,0.6736575070474708
2023-01-24,22636.46875,19333.477856230824,1.1708430794671887,40439.90262474043,0.5597557679615035,False,0.6553861671095679
2023-01-25,23117.859375,19339.19171149927,1.1953891206970093,40487.03932366279,0.570994070230487,False,0.6825600995360283
2023-01-26,23032.77734375,19347.650185304847,1.1904689780490307,40534.22177041054,0.5682304072398309,False,0.6764606722031861
2023-01-27,23078.728515625,19360.28046165531,1.1920658154376633,40581.450000463316,0.5687014267691646,False,0.6779295300421467
2023-01-28,23031.08984375,19375.90392142122,1.188645956191378,40628.72404932132,0.5668671705218054,False,0.6738043699383922
2023-01-29,23774.56640625,19389.830242846725,1.2261358716650388,40676.04395250539,0.5844857094266572,False,0.7166588948036129
2023-01-30,22840.138671875,19398.918024582366,1.1773924011087582,40723.409745556964,0.5608601739044438,False,0.6603525068396288
2023-01-31,23139.283203125,19407.90970063982,1.1922604525701277,40770.82146403812,0.567545179915862,False,0.6766616730604801
2023-02-01,23723.76953125,19417.405503786827,1.2217785494886706,40818.27914353155,0.5812045492615896,False,0.7101032511530415
2023-02-02,23471.87109375,19427.818262868317,1.2081578474825934,40865.78281964061,0.5743648958675796,False,0.6939234562609388
2023-02-03,23449.322265625,19431.267874880916,1.2067829241311774,40913.33252798928,0.5731462292782689,False,0.6916630825231875
2023-02-04,23331.84765625,19431.06866290908,1.2007495861916697,40960.928304222216,0.5696122774113246,False,0.6839617063913426
2023-02-05,22955.666015625,19430.09146258346,1.1814492000632495,41008.57018400472,0.559777283446444,False,0.66134842374138
2023-02-06,22760.109375,19428.643267306503,1.1714718862175781,41056.25820302278,0.554363947694685,False,0.6494217794569155
2023-02-07,23264.291015625,19430.605344722706,1.1973014017261954,41103.99239698307,0.5659861648216085,False,0.6776560284985452
2023-02-08,22939.3984375,19432.341500685605,1.1804752626795212,41151.77280161293,0.5574340271581422,False,0.6580370796360112
2023-02-09,21819.0390625,19429.31787260339,1.1229956298808756,41199.59945266041,0.529593475479555,False,0.594731158576965
2023-02-10,21651.18359375,19430.4993250294,1.114288584743678,41247.47238589427,0.524909342109269,False,0.5849004879376725
2023-02-11,21870.875,19433.064354216276,1.125446537990536,41295.391637103974,0.52962023443674,False,0.5960592592965651
2023-02-12,21788.203125,19428.74799285733,1.1214414399224328,41343.35724209969,0.5270061402467142,False,0.5910065247662388
2023-02-13,21808.1015625,19421.36161489762,1.12289251366246,41391.36923671236,0.5268755773161801,False,0.5916246413999252
2023-02-14,22220.8046875,19415.716277827265,1.144475144235402,41439.42765679362,0.5362237353164095,False,0.6136947368186938
2023-02-15,24307.841796875,19417.852455399814,1.2518295652264755,41487.53253821586,0.5859071463091726,False,0.7334558882272966
2023-02-16,23623.474609375,19418.832510467957,1.2165239386374274,41535.68391687223,0.5687513092755142,False,0.6918995828650422
2023-02-17,24565.6015625,19422.95308181789,1.2647717089682011,41583.88182867663,0.5907481572718238,False,0.7471615564425003
2023-02-18,24641.27734375,19428.49526462339,1.268306011769134,41632.12630956375,0.59188130725116,False,0.7506866202404201
2023-02-19,24327.642578125,19433.526046650044,1.2518388335563326,41680.417395489014,0.5836708003014848,False,0.7306617738303018
2023-02-20,24829.1484375,19440.91595572096,1.2771593938295598,41728.75512242868,0.5950129200991823,False,0.7599263403546279
2023-02-21,24436.353515625,19444.72550545598,1.256708587054542,41777.13952637975,0.5849216531494434,False,0.735076064267044
2023-02-22,24188.84375,19448.90477213617,1.2437123855248955,41825.57064336007,0.5783266881462154,False,0.7192720649270418
2023-02-23,23947.4921875,19451.534529308316,1.231136399620167,41874.04850940826,0.5718934051031507,False,0.7040787877252106
2023-02-24,23198.126953125,19449.44078028779,1.1927400491965066,41922.57316058379,0.5533564665571677,False,0.6600104191446013
2023-02-25,23175.375,19449.479735180314,1.1915678627680857,41971.14463296689,0.5521740043705299,False,0.6579527982638879
2023-02-26,23561.212890625,19448.18444482934,1.2114864992906411,42019.76296265871,0.5607174155542693,False,0.6793015788611374
2023-02-27,23522.87109375,19446.725929203483,1.209605728973909,42068.428185781166,0.5591573564353081,False,0.6763599417420547
2023-02-28,23147.353515625,19442.524158300323,1.1905528997757746,42117.14033847706,0.5495946146770609,False,0.6543214622049244
2023-03-01,23646.55078125,19439.980007358325,1.216387608027345,42165.89945691005,0.5607979691128078,False,0.6821477002357211
2023-03-02,23475.466796875,19437.18741576039,1.2077604796792887,42214.705577264634,0.5560968974166686,False,0.6716318555721198
2023-03-03,22362.6796875,19430.97991445938,1.1508776081261358,42263.55873574619,0.5291243888694546,False,0.6089574110632813
2023-03-04,22353.349609375,19425.571418278614,1.1507177383900005,42312.458968581006,0.5282923789887375,False,0.607915411558593
2023-03-05,22435.513671875,19422.32683556899,1.155140363037647,42361.40631201621,0.5296215500171192,False,0.6117872295593364
2023-03-06,22429.7578125,19419.49081699696,1.1550126635075466,42410.40080231986,0.5288739881768126,False,0.6108561537439591
2023-03-07,22219.76953125,19424.94803418669,1.1438779394490322,42459.44247578091,0.5233175057332482,False,0.5986113501357551
2023-03-08,21718.080078125,19427.21389574572,1.1179204694339082,42508.53136870921,0.5109110895821682,False,0.5711579651046871
2023-03-09,20363.021484375,19422.17537717883,1.0484418500463994,42557.667517435555,0.47848067509885084,False,0.5016591642120893
2023-03-10,20187.244140625,19416.88652968193,1.0396746208392087,42606.850958311654,0.4738027731825817,False,0.4926007185611662
2023-03-11,20632.41015625,19413.086031457824,1.0628093917070336,42656.081727710145,0.48369210955554837,False,0.5140725167302242
2023-03-12,22163.94921875,19416.14203827727,1.1415217902225716,42705.359862024634,0.5189968961825585,False,0.5924462660502723
2023-03-13,24197.533203125,19425.510585445747,1.245657512922961,42754.685397669644,0.5659621390745608,False,0.7049949905681764
2023-03-14,24746.07421875,19442.407635253294,1.272788570376439,42804.0583710807,0.5781244853985378,False,0.7358302372700194
2023-03-15,24375.9609375,19459.190221915855,1.2526708799036583,42853.47881871425,0.5688210527929168,False,0.7125455687098284
2023-03-16,25052.7890625,19480.154505145,1.2860672668629596,42902.94677704775,0.5839409864476433,False,0.750987388449981
2023-03-17,27423.9296875,19504.47406585716,1.4060327694508794,42952.462282579625,0.6384716551773195,False,0.8977120695448535
2023-03-18,26965.87890625,19530.051720418305,1.3807377109021004,43002.02537182931,0.627083926235609,False,0.8658384248540564
2023-03-19,28038.67578125,19557.19115309326,1.433676010106148,43051.63608133721,0.6512801448074282,False,0.933724719468868
2023-03-20,27767.236328125,19583.36984681731,1.4178987858229994,43101.29444766477,0.644232074325309,False,0.9134558759740881
2023-03-21,28175.81640625,19611.375762530086,1.436707793855203,43151.00050739442,0.6529585890232545,False,0.9381106939144063
2023-03-22,27307.4375,19637.955853726566,1.3905437869093715,43200.75429712965,0.6321055718653127,False,0.8789704756281058
2023-03-23,28333.97265625,19666.419246217996,1.4407285994220245,43250.555853494945,0.6551123354859824,False,0.9438390775688108
2023-03-24,27493.28515625,19693.726184480925,1.3960428259592281,43300.405213135855,0.6349429069063188,False,0.8864074900802644
2023-03-25,27494.70703125,19726.192597684232,1.3938172252499328,43350.302412718964,0.6342448726074645,False,0.8840214284667334
2023-03-26,27994.330078125,19757.601811835386,1.4168890710893653,43400.24748893193,0.6450269686886971,False,0.9139316624929172
2023-03-27,27139.888671875,19786.701982402734,1.3716226532350773,43450.24047848345,0.6246199876687603,False,0.8567429247498862
2023-03-28,27268.130859375,19806.487930435953,1.3767272095459688,43500.281418103325,0.6268495276452841,False,0.8630008010003006
2023-03-29,28348.44140625,19827.790980007798,1.4297327137871034,43550.3703445424,0.6509345656988779,False,0.9306624431144862
2023-03-30,28033.5625,19847.989148165976,1.4124132319263385,43600.507294572635,0.6429641359583356,False,0.9081310532816385
2023-03-31,28478.484375,19866.89195945029,1.433464501298269,43650.69230498708,0.652417702244469,False,0.9352176161860304
2023-04-01,28411.03515625,19894.700440248467,1.4280705176526485,43700.925412599885,0.6501243369106895,False,0.9284233983506331
2023-04-02,28199.30859375,19922.331088982774,1.4154623004606357,43751.20665424632,0.6445378482152808,False,0.9123190253687494
2023-04-03,27790.220703125,19951.69408578911,1.3928752407505585,43801.53606678276,0.6344576742869055,False,0.8837203858184128
2023-04-04,28168.08984375,19981.74164252488,1.4096914246855758,43851.91368708673,0.6423457376284306,False,0.9055092780181294
2023-04-05,28177.984375,20010.11884056079,1.408186757885857,43902.33955205687,0.6418333205588774,False,0.9038211827809195
2023-04-06,28044.140625,20041.87430054348,1.399277343249255,43952.81369861298,0.6380510885446451,False,0.892810432036046
2023-04-07,27925.859375,20072.764901856597,1.3912313281971953,44003.33616369602,0.6346305032671503,False,0.882917837974812
2023-04-08,27947.794921875,20107.38432153145,1.3899269280862085,44053.90698426808,0.6343999167169289,False,0.8817695274205075
2023-04-09,28333.05078125,20145.098816253496,1.4064488360012555,44104.526197312436,0.6424068734917395,False,0.9035123994616628
2023-04-10,29652.98046875,20181.255619852458,1.4693327822268964,44155.19383983357,0.6715626835726687,False,0.9867490662935902
2023-04-11,30235.05859375,20219.501841753015,1.4953414199016015,44205.909948857094,0.683959647674478,False,1.022753190708953
2023-04-12,30139.052734375,20259.702172355217,1.487635527806542,44256.674561429856,0.6810058151237937,False,1.0130884452210092
2023-04-13,30399.06640625,20301.42825274578,1.4973856039975173,44307.48771461987,0.6860932084898915,False,1.0273460933932308
2023-04-14,30485.69921875,20341.112351420226,1.498723309328827,44358.349445516404,0.6872595486492205,False,1.0300119051193957
2023-04-15,30318.49609375,20381.210106004903,1.4875709506972445,44409.25979122991,0.6827066300199266,False,1.0155745506660543
2023-04-16,30315.35546875,20419.683477453444,1.484614367417739,44460.21878889205,0.6818534927300895,False,1.0122894917810579
2023-04-17,29445.044921875,20455.457052422465,1.4394713765825111,44511.22647565578,0.6615195143629479,False,0.9522384059762268
2023-04-18,30397.552734375,20494.370638243392,1.4832147456946951,44562.282888695234,0.6821363440984392,False,1.0117546841410754
2023-04-19,28822.6796875,20530.31606553667,1.4039082299314112,44613.38806520583,0.6460544903106996,False,0.9070012159313343
2023-04-20,28245.98828125,20566.430745952606,1.3734025427240797,44664.542042404224,0.6324029529830049,False,0.8685438236530755
2023-04-21,27276.91015625,20596.71409494686,1.3243330965565057,44715.744857528356,0.6100068386014519,False,0.8078522454857053
2023-04-22,27817.5,20624.800473862833,1.348740320433754,44766.99654783744,0.6213841031366617,False,0.8380857943769819
2023-04-23,27591.384765625,20653.251411330333,1.3359341934165592,44818.29715061195,0.6156276904699014,False,0.8224380821128069
2023-04-24,27525.33984375,20682.6862221704,1.330839695969702,44869.64670315367,0.6134512274155121,False,0.8164052449859006
2023-04-25,28307.59765625,20716.606309780498,1.3664206015676286,44921.04524278568,0.6301633789520114,False,0.8610682233534969
2023-04-26,28422.701171875,20751.684930141095,1.3696575129951025,44972.492806852344,0.6320019060082946,False,0.8656261587914854
2023-04-27,29473.787109375,20789.422743460815,1.4177299424365113,45023.989432719376,0.6546240677632202,False,0.9280801419075051
2023-04-28,29340.26171875,20828.740067234623,1.4086431355924751,45075.53515777378,0.6509132196889723,False,0.9169044387812676
2023-04-29,29248.48828125,20868.511309645757,1.4015608419432815,45127.130019423916,0.648135351586965,False,0.9084011290634314
2023-04-30,29268.806640625,20907.851630984507,1.3998954630637386,45178.77405509946,0.6478441979175693,False,0.906914153436972
2023-05-01,28091.568359375,20942.868093585923,1.341342944712452,45230.46730225145,0.6210762354422255,False,0.8330762265389989
2023-05-02,28680.537109375,20980.77805407242,1.3669911113619564,45282.20979835226,0.6333731776141949,False,0.865815503973682
2023-05-03,29006.30859375,21020.40328335017,1.3799120884005733,45334.00158089565,0.6398356108491786,False,0.8829168939999466
2023-05-04,28847.7109375,21058.54827489899,1.3698812739093418,45385.84268739675,0.6356103407882907,False,0.8707107033490146
2023-05-05,29534.384765625,21096.955686903395,1.399935858231878,45437.73315539204,0.6499968795674876,False,0.9099539394453534
2023-05-06,28904.623046875,21135.13409065297,1.367610109446057,45489.67302243942,0.6354106575489508,False,0.8689940389137116
2023-05-07,28454.978515625,21173.405954928076,1.3439018066435433,45541.66232611815,0.6248120306163278,False,0.8396860167579039
2023-05-08,27694.2734375,21210.174402675322,1.3057070117257883,45593.70110402894,0.6074144622370383,False,0.79310532236655
2023-05-09,27658.775390625,21246.232591585853,1.3018202296052575,45645.78939379387,0.6059436315583921,False,0.7888296775631896
2023-05-10,27621.755859375,21282.084188646902,1.2978877263397937,45697.92723305645,0.6044422040961693,False,0.7844981179781907
2023-05-11,27000.7890625,21313.996477448116,1.2668102432628698,45750.11465948163,0.5901797025748904,False,0.7476456925877051
2023-05-12,26804.990234375,21346.721034474154,1.2556959071646623,45802.351710755785,0.5852317453839466,False,0.7348731074214535
2023-05-13,26784.078125,21375.06992553869,1.253052187352084,45854.63842458673,0.5841083703898249,False,0.7319182711676313
2023-05-14,26930.638671875,21400.25822237545,1.2584258746802015,45906.97483870375,0.5866350106165137,False,0.7382366763531155
2023-05-15,27192.693359375,21428.967722150057,1.2689688888404673,45959.36099085755,0.5916682210787112,False,0.7508085650644681
2023-05-16,27036.650390625,21455.56042437643,1.260123243385789,46011.79691882036,0.5876025758856227,False,0.740451663746835
2023-05-17,27398.802734375,21482.14651196134,1.275422021682947,46064.282660385834,0.594794950707814,False,0.758614578518569
2023-05-18,26832.208984375,21508.000524803865,1.2475454867797242,46116.81825336915,0.5818313144882826,False,0.7258610304569714
2023-05-19,26890.12890625,21534.869547342896,1.248678514032042,46169.40373560694,0.5824231358983676,False,0.7272592558714557
2023-05-20,27129.5859375,21562.626963634615,1.2581762872981137,46222.039144957365,0.5869404820591895,False,0.7384745965821962
2023-05-21,26753.826171875,21591.087994553578,1.23911431321218,46274.72451930009,0.57815203547493,False,0.7163964623697419
2023-05-22,26851.27734375,21619.651703300955,1.2419847327905964,46327.45989653629,0.5795974440152191,False,0.7198511766313546
2023-05-23,27225.7265625,21644.35338257317,1.2578674022399137,46380.24531458866,0.5870112669269624,False,0.7383823374149787
2023-05-24,26334.818359375,21665.488296428237,1.2155192626660782,46433.08081140144,0.5671563871960139,False,0.6893895135808557
2023-05-25,26476.20703125,21689.02239173312,1.2207192446507658,46485.966424940416,0.5695526858412289,False,0.6952639244489198
2023-05-26,26719.291015625,21715.18754123198,1.2304425630628986,46538.90219319289,0.5741280897582745,False,0.7064316382885771
2023-05-27,26868.353515625,21754.669469414403,1.2350614452405306,46591.88815416776,0.576674493781415,False,0.7122284337230258
2023-05-28,28085.646484375,21819.614560352205,1.2871742718777728,46644.92434589547,0.6021158117034529,False,0.775027981515486
2023-05-29,27745.884765625,21869.287838730383,1.268714599681074,46698.01080642804,0.594155602915012,False,0.7538138879005867
2023-05-30,27702.349609375,21923.48278467587,1.2635925542240238,46751.14757383907,0.5925490826855474,False,0.7487406088937332
2023-05-31,27219.658203125,21978.385251440584,1.2384739775794436,46804.33468622375,0.5815627630561482,False,0.7202503483742393
2023-06-01,26819.97265625,22036.173887569857,1.2170884470728642,46857.57218169889,0.5723722209134225,False,0.6966276174991638
2023-06-02,27249.58984375,22093.323513476047,1.233385725200142,46910.86009840286,0.5808802010150683,False,0.7164493479833742
2023-06-03,27075.12890625,22147.861281347592,1.2224714866284645,46964.19847449567,0.576505716816468,False,0.7047618006864362
2023-06-04,27119.06640625,22204.700982300343,1.2213209458603815,47017.58734815897,0.5767855803709562,False,0.7044403105772853
2023-06-05,25760.09765625,22256.852897009227,1.1574007239681008,47071.02675759602,0.5472601604572606,False,0.6333993059121323
2023-06-06,27238.783203125,22314.40414427476,1.2206816290953346,47124.5167410317,0.5780172421250098,False,0.7055750287623495
2023-06-07,26345.998046875,22369.017376302574,1.17778969025191,47178.05733671258,0.5584375350354521,False,0.6577219714144453
2023-06-08,26508.216796875,22428.35924497622,1.1819061977443863,47231.64858290686,0.5612384405838489,False,0.6633311913384455
2023-06-09,26480.375,22492.877740035252,1.1772782169560887,47285.2905179044,0.5600129492695683,False,0.659291046388398
2023-06-10,25851.240234375,22551.425491074224,1.1463239982149613,47338.98318001674,0.5460877800452548,False,0.6259935273978089
2023-06-11,25940.16796875,22606.61737715433,1.1474590619189438,47392.72660757709,0.5473449160994827,False,0.6280558839736153
2023-06-12,25902.5,22661.99423778347,1.1429929655887812,47446.52083894035,0.5459304400406378,False,0.623994652667237
2023-06-13,25918.728515625,22718.48263990653,1.1408653001365956,47500.36591248313,0.5456532390377553,False,0.6225168463253142
2023-06-14,25124.67578125,22772.639956854397,1.1032834062652301,47554.26186660374,0.5283369943103771,False,0.5829054387386863
2023-06-15,25576.39453125,22829.076867878914,1.1203429152773423,47608.20873972217,0.5372265667687303,False,0.601877977978117
2023-06-16,26327.462890625,22890.948444384718,1.1501254722839271,47662.20657028017,0.5523760812836879,False,0.6353018013647465
2023-06-17,26510.67578125,22951.599201526034,1.155068784029974,47716.25539674121,0.5555900302910306,False,0.6417447007074372
2023-06-18,26336.212890625,23005.126840657515,1.1447975519995994,47770.35525759047,0.5513087091065815,False,0.6311368605812737
2023-06-19,26851.029296875,23062.679207031728,1.164263226134118,47824.506191334905,0.5614491697927874,False,0.6536746217332727
2023-06-20,28327.48828125,23124.588911594565,1.2249942426888603,47878.70823650322,0.5916510558581201,False,0.7247691371069823
2023-06-21,30027.296875,23193.884518867864,1.2946212977206668,47932.96143164585,0.6264435991049713,False,0.811007225222083
2023-06-22,29912.28125,23261.17408737561,1.2859317048073726,47987.26581533504,0.6233378947887689,False,0.8015699617167602
2023-06-23,30695.46875,23332.633631838413,1.31555953924184,48041.621426164784,0.6389349035018707,False,0.8405569072564505
2023-06-24,30548.6953125,23403.02226934594,1.305331207265213,48096.02830275088,0.6351604569135026,False,0.8290947660300267
2023-06-25,30480.26171875,23475.94426959163,1.2983614788279703,48150.4864837309,0.63302084661281,False,0.8218898825371417
2023-06-26,30271.130859375,23545.01436662243,1.2856705197974974,48204.99600776423,0.6279666708093767,False,0.8073582360749954
2023-06-27,30688.1640625,23616.69135203065,1.2994269012988273,48259.55691353208,0.6358981728217024,False,0.8263031922512909
2023-06-28,30086.24609375,23687.019370393213,1.2701575332587132,48314.16923973744,0.6227209650332693,False,0.7909537248551428
2023-06-29,30445.3515625,23759.110285152645,1.2814179991211905,48368.83302510516,0.6294415155043698,False,0.8065776873614193
2023-06-30,30477.251953125,23830.75245709324,1.2789043068614236,48423.5483083819,0.6293890682903451,False,0.8049283901280211
2023-07-01,30590.078125,23897.80702156582,1.2800370384359934,48478.315128336195,0.6310053896060366,False,0.8077102701484612
2023-07-02,30620.76953125,23965.022879031287,1.2777275317371928,48533.1335237584,0.6309250466232564,False,0.8061503025331067
2023-07-03,31156.439453125,24038.44871383425,1.2961085727297499,48588.00353346074,0.6412372846657247,False,0.8311131418091928
2023-07-04,30777.58203125,24118.39289481492,1.2761041817950773,48642.925196277305,0.6327247365790707,False,0.8074226822737408
2023-07-05,30514.166015625,24196.503842721722,1.2610981410359259,48697.89855106407,0.6266012892451239,False,0.7902057210377402
2023-07-06,29909.337890625,24273.55841299115,1.2321777211954879,48752.92363669888,0.6134880876787188,False,0.7559263538565414
2023-07-07,30342.265625,24355.94617157452,1.245784721778209,48808.00049208148,0.6216658195191314,False,0.7744617800086633
2023-07-08,30292.541015625,24433.72093721174,1.239784193879798,48863.12915613351,0.6199468093586583,False,0.768600255289077
2023-07-09,30171.234375,24512.533232583963,1.2308493001814294,48918.30966779852,0.6167677211230549,False,0.7591481179188071
2023-07-10,30414.470703125,24592.52031094811,1.2367366304292557,48973.542066041984,0.6210388185136857,False,0.7680614557743818
2023-07-11,30620.951171875,24674.06547909201,1.2410176668219588,49028.82638985129,0.6245499520709183,False,0.7750775243328173
2023-07-12,30391.646484375,24754.84813587906,1.2277048244269415,49084.162678235756,0.619174186256433,False,0.7601631356276484
2023-07-13,31476.048828125,24839.720904074675,1.2671659617142361,49139.55097022666,0.6405440873319364,False,0.8116756644443408
2023-07-14,30334.068359375,24920.61490250851,1.2172279246737836,49194.9913048772,0.6166088773425126,False,0.7505535441030582
2023-07-15,30295.806640625,25004.14662967354,1.2116312981732242,49250.48372126256,0.6151372403180196,False,0.7453195330412168
2023-07-16,30249.1328125,25089.95209955097,1.205627363993308,49306.02825847986,0.6134976569989213,False,0.7396495630236801
2023-07-17,30145.888671875,25174.956988023187,1.1974554191380227,49361.624955648236,0.6107150787471298,False,0.7313040805950549
2023-07-18,29856.5625,25259.973304824372,1.181971261002787,49417.27385190876,0.6041725933622456,False,0.7141146420396975
2023-07-19,29913.923828125,25346.41616675167,1.1802032930937505,49472.97498642452,0.6046518091207056,False,0.7136120562993505
2023-07-20,29792.015625,25432.09821394204,1.171433649492114,49528.7283983806,0.6015098022579979,False,0.7046288228643663
2023-07-21,29908.744140625,25518.04414098829,1.1720625599429917,49584.53412698408,0.6031869547070838,False,0.706972846258202
2023-07-22,29771.802734375,25604.17024672807,1.1627716285076455,49640.392211464066,0.5997495468518766,False,0.697371757289679
2023-07-23,30084.5390625,25689.880472881938,1.1710657468514512,49696.30269107168,0.6053677523962948,False,0.7089254390797514
2023-07-24,29176.916015625,25773.041904190428,1.1320711045319465,49752.26560508009,0.5864439671395751,False,0.6638962696257954
2023-07-25,29227.390625,25855.59177654005,1.1304088832157124,49808.28099278448,0.5867978184036114,False,0.6633214665750429
2023-07-26,29354.97265625,25939.136015817385,1.1316866004461243,49864.348893502094,0.5886966000287089,False,0.6662200539806814
2023-07-27,29210.689453125,26021.062419974554,1.122578662687577,49920.46934657223,0.5851445275950864,False,0.656870761266646
2023-07-28,29319.24609375,26102.717943089465,1.1232257942515174,49976.642391356254,0.5866589808926606,False,0.6589504997679444
2023-07-29,29356.91796875,26182.18416012449,1.1212554991290848,50032.86806723761,0.5867526508633916,False,0.6578996364091457
2023-07-30,29275.30859375,26256.424498689263,1.1149769685972073,50089.146413621784,0.5844641142814235,False,0.6516640263953534
2023-07-31,29230.111328125,26321.333104904694,1.110510292606657,50145.47746993641,0.5829062320854209,False,0.6473233703554248
2023-08-01,29675.732421875,26378.717247189263,1.1249876991284344,50201.86127563118,0.591128130866337,False,0.6650118758334125
2023-08-02,29151.958984375,26425.315548359744,1.1031830038519446,50258.2978701779,0.5800427037874892,False,0.639893252326686
2023-08-03,29178.6796875,26472.95283551986,1.102207217637987,50314.787293070476,0.579922548763683,False,0.6391948189183488
2023-08-04,29074.091796875,26518.031011235078,1.0963895390482414,50371.32958382497,0.5771952425534376,False,0.6328308259240013
2023-08-05,29042.126953125,26563.19330438371,1.093322125105049,50427.92478197955,0.5759135851551683,False,0.6296590647987161
2023-08-06,29041.85546875,26612.33162237665,1.091293159909766,50484.57292709451,0.5752619817283541,False,0.6277794658162895
2023-08-07,29180.578125,26658.991532064032,1.094586720953159,50541.274058752315,0.5773613480949983,False,0.6319720648163996
2023-08-08,29765.4921875,26696.364450077708,1.1149642582667603,50598.02821655757,0.5882737576275673,False,0.6559042138310205
2023-08-09,29561.494140625,26732.314651947225,1.1058336895070062,50654.83544013707,0.5835868162193562,False,0.6453499621274978
2023-08-10,29429.591796875,26768.214666804368,1.0994230344906433,50711.69576913973,0.5803314472237425,False,0.6380297607170736
2023-08-11,29397.71484375,26802.60354622074,1.096823105003737,50768.60924323668,0.5790529873076309,False,0.6351186955004452
2023-08-12,29415.96484375,26839.22390363014,1.096006536901812,50825.57590212125,0.5787630404896661,False,0.6343280756938421
2023-08-13,29282.9140625,26872.06487694429,1.0897158144190167,50882.59578550892,0.5754996106318855,False,0.6271310268975521
2023-08-14,29408.443359375,26906.09228612151,1.0930031402049503,50939.668933137415,0.5773190909029277,False,0.6310115792571671
2023-08-15,29170.34765625,26938.885162346643,1.082834255406469,50996.79538476666,0.5720035432846733,False,0.6193850308825212
2023-08-16,28701.779296875,26970.04849567481,1.06420940627815,51053.97518017878,0.5621850050966882,False,0.5982825704924253
2023-08-17,26664.55078125,26986.638600986815,0.9880649152160419,51111.20835917816,0.5216967400549,True,0.5154702452308302
2023-08-18,26049.556640625,27006.2953194414,0.9645734941612795,51168.494961591416,0.509093665158191,True,0.4910582554570087
2023-08-19,26096.205078125,27024.164304329344,0.9656618715104658,51225.83502726739,0.5094344497114406,True,0.491941424120254
2023-08-20,26189.583984375,27038.66389032053,0.9685975642365416,51283.22859607721,0.5106851635775972,True,0.4946484055330005
2023-08-21,26124.140625,27054.48447123626,0.965612213116632,51340.67570791422,0.5088390494434598,True,0.4913412006532626
2023-08-22,26031.65625,27069.975399507188,0.9616431439562338,51398.17640269406,0.5064704250603634,True,0.487043811875898
2023-08-23,26431.640625,27088.40435516064,0.9757548018868257,51455.730720354666,0.5136772960945295,True,0.5012230882844779
2023-08-24,26162.373046875,27108.00829180845,0.9651160190466961,51513.338700856235,0.5078757018410872,True,0.49015897553141685
2023-08-25,26047.66796875,27128.398519748283,0.960162390337507,51571.000384181265,0.5050836279053409,True,0.4849623034899321
2023-08-26,26008.462890625,27145.097592988168,0.9581274409322157,51628.71581033456,0.5037596322591248,True,0.4826659273013893
2023-08-27,26089.693359375,27164.504816964112,0.960433239448639,51686.48501934322,0.5047681874596649,True,0.4847961454525038
2023-08-28,26106.150390625,27192.302210873815,0.9600566435373582,51744.3080512567,0.5045221662789433,True,0.48436985754795925
2023-08-29,27727.392578125,27229.773794233886,1.0182748041776422,51802.18494614675,0.5352552717023469,False,0.5450369569777579
2023-08-30,27297.265625,27263.511969221538,1.0012380523762516,51860.11574410747,0.5263633764277051,False,0.5270150418566633
2023-08-31,25931.47265625,27290.79311147721,0.9501912439966597,51918.100485255294,0.49946882520508473,True,0.4745909043591696
2023-09-01,25800.724609375,27317.243471026497,0.9444849234784628,51976.13920972903,0.49639555768593047,True,0.4688381203160449
2023-09-02,25868.798828125,27340.942931139463,0.9461560595506093,52034.23195768983,0.497149623523981,True,0.4703811288005188
2023-09-03,25969.56640625,27350.785336454515,0.9494998438540792,52092.378769321214,0.4985290942702019,True,0.4733532971662722
2023-09-04,25812.416015625,27364.218693659557,0.9432908099658581,52150.57968482907,0.49495933068475545,True,0.466890587941782
2023-09-05,25779.982421875,27371.399859544512,0.9418583833550414,52208.834744441716,0.49378582280309563,True,0.46507631678896255
2023-09-06,25753.236328125,27377.96527056582,0.9406555992607831,52267.143988409814,0.4927232361086298,True,0.4634828709314755
2023-09-07,26240.1953125,27389.19829805785,0.9580490464505738,52325.50745700646,0.5014799968076832,True,0.48044243275563764
2023-09-08,25905.654296875,27395.47726509191,0.9456179224840413,52383.92519052714,0.494534424494781,True,0.4676406150875958
2023-09-09,25895.677734375,27404.13397902511,0.9449551572837634,52442.39722928978,0.49379279175880075,True,0.4666120452020262
2023-09-10,25832.2265625,27414.013149816143,0.9423000719131577,52500.92361363471,0.4920337545412489,True,0.4636434422879198
2023-09-11,25162.654296875,27421.592867454267,0.9176219054269338,52559.50438392471,0.47874603445787023,True,0.4393078483548194
2023-09-12,25833.34375,27438.135327063002,0.941512367442836,52618.139580545,0.49095889660742786,True,0.46224387306198195
2023-09-13,26228.32421875,27457.054441743432,0.9552490153085987,52676.829243903245,0.497910079160386,True,0.4756281128301852
2023-09-14,26539.673828125,27475.020825160336,0.9659564590328249,52735.57341442961,0.5032594150358317,True,0.4861266825229428
2023-09-15,26608.693359375,27493.641582149274,0.9678126224156192,52794.37213257666,0.5040062469642699,True,0.4877836075883442
2023-09-16,26568.28125,27514.681588082967,0.9656038055518379,52853.225438819485,0.5026804140979863,True,0.48539012082938926
2023-09-17,26534.1875,27532.11341906969,0.9637541112852421,52912.13337365566,0.5014764253147854,True,0.4832999666097511
2023-09-18,26754.28125,27551.9136674905,0.9710498360615998,52971.09597760525,0.5050732056084131,True,0.49045125350515617
2023-09-19,27211.1171875,27582.188523169374,0.986546704393755,53030.113291210786,0.5131257600388716,True,0.5062225275058895
2023-09-20,27132.0078125,27612.19265369553,0.982609680903727,53089.185355037356,0.5110646854166804,True,0.5021771074584479
2023-09-21,26567.6328125,27638.645451433567,0.961249452661653,53148.31220967255,0.49987726247429004,True,0.4805067449514167
2023-09-22,26579.568359375,27665.25743440606,0.9607562272787371,53207.493895726475,0.49954557926491294,True,0.4799415260883291
2023-09-23,26579.390625,27693.53534367214,0.9597687797947864,53266.73045383179,0.4989867108144984,True,0.47891186657224505
2023-09-24,26256.826171875,27724.090037417678,0.9470762119311259,53326.02192464368,0.49238299097163424,True,0.46632421790873313
2023-09-25,26298.48046875,27766.751310237483,0.9471212593406223,53385.368348839904,0.49261588487890395,True,0.4665669772577025
2023-09-26,26217.25,27810.742044926767,0.9427022823643985,53444.76976712076,0.49054846927470275,True,0.46244116159562426
2023-09-27,26352.716796875,27851.487101257502,0.946187063587178,53504.22622020912,0.49253523802800636,True,0.46603047058293107
2023-09-28,27021.546875,27882.980662851416,0.9691053909096918,53563.737748850435,0.5044746317312392,True,0.4888890851879254
2023-09-29,26911.720703125,27899.19234639594,0.9646057265382271,53623.304393812745,0.5018661383767722,True,0.48410295103386075
2023-09-30,26967.916015625,27912.15561283373,0.9661710256167182,53682.92619588668,0.5023555518791998,True,0.4853613787833789
2023-10-01,27983.75,27932.773821324525,1.001824959418694,53742.60319588546,0.520699563026423,False,0.521649818598278
2023-10-02,27530.78515625,27946.79685721482,0.9851141544739349,53802.33543464494,0.511702418377216,True,0.5040852952219388
2023-10-03,27429.978515625,27946.828258733945,0.9815059605933127,53862.12295302358,0.5092628550781102,True,0.4998445277679336
2023-10-04,27799.39453125,27951.17102410728,0.9945699415338851,53921.965791902454,0.5155486103480426,True,0.5127491512517284
2023-10-05,27415.912109375,27948.00667841121,0.9809612694329563,53981.86399218528,0.5078726461417464,True,0.4982033956694822
2023-10-06,27946.59765625,27948.909398112057,0.9999172868669354,54041.81759479844,0.5171291214849865,True,0.5170863481151495
2023-10-07,27968.83984375,27947.883618636337,1.0007498322735138,54101.82664069094,0.5169666456827937,False,0.5173542839580568
2023-10-08,27935.08984375,27951.09732303269,0.9994273040840691,54161.89117083444,0.5157702074257098,True,0.5154748279343583
2023-10-09,27583.677734375,27947.34774987055,0.9869873156211313,54222.01122622331,0.5087173476338102,True,0.5020975693509961
2023-10-10,27391.01953125,27946.81743011745,0.9801123007921294,54282.18684787455,0.5046042011537438,True,0.49456878458217035
2023-10-11,26873.3203125,27943.533641234677,0.9617008592229215,54342.41807682789,0.49451830197373997,True,0.4755786759096059
2023-10-12,26756.798828125,27937.084760332546,0.9577520008858112,54402.704954145695,0.4918284642404721,True,0.4710496957189078
2023-10-13,26862.375,27935.59936861546,0.9615821964492666,54463.0475209131,0.4932220326026596,True,0.4742735254472372
2023-10-14,26861.70703125,27933.434445295505,0.9616328090215915,54523.44581823788,0.4926634153093982,True,0.4737613039661476
2023-10-15,27159.65234375,27927.411950417423,0.9725087448836823,54583.89988725059,0.4975762523354218,True,0.4838972566426475
2023-10-16,28519.466796875,27929.78222845054,1.0211131101417534,54644.409769104466,0.5219100529657416,False,0.5329291973980956
2023-10-17,28415.748046875,27929.47985508618,1.017410570992079,54704.97550497551,0.5194362630560092,False,0.5284799449898061
2023-10-18,28328.341796875,27929.07912505296,1.0142955902711412,54765.59713606246,0.5172652774422346,False,0.524659889910037
2023-10-19,28719.806640625,27931.58593464868,1.028219690346997,54826.274703586794,0.5238329030359256,False,0.5386153053531678
2023-10-20,29682.94921875,27940.539369244558,1.0623613533897414,54887.00824879274,0.5408010049336746,False,0.5745260875158706
2023-10-21,29918.412109375,27948.648749879423,1.0704779460761613,54947.79781294734,0.5444879194471617,False,0.5828623096730801
2023-10-22,29993.896484375,27957.042848445213,1.07285654806095,55008.64343734036,0.5452578833095687,False,0.5849834904905241
2023-10-23,33086.234375,27978.295049732482,1.1825679268943288,55069.5451632844,0.6008082012825309,False,0.7104965090517932
2023-10-24,33901.52734375,28003.021216075183,1.2106382051479776,55130.5030321148,0.6149323056965682,False,0.7444605428560008
2023-10-25,34502.8203125,28029.699972192,1.23093791038541,55191.51708518976,0.6251471627287191,False,0.7695173421726572
2023-10-26,34156.6484375,28053.358956439093,1.2175600251840792,55252.587363890234,0.618190931268908,False,0.7526845658443411
2023-10-27,33909.80078125,28070.027184528266,1.2080430331731393,55313.713909620026,0.6130450910719356,False,0.7405848512904445
2023-10-28,34089.57421875,28084.767985994877,1.2138100708451485,55374.89676380577,0.6156142261385069,False,0.7472387474424623
2023-10-29,34538.48046875,28101.445559708598,1.2290641915685192,55436.13596789694,0.62303188823895,False,0.765746184039813
2023-10-30,34502.36328125,28116.901305692685,1.2271040434411058,55497.4315633658,0.6216929740587351,False,0.7628819622464004
2023-10-31,34667.78125,28132.55139863424,1.2323013564878096,55558.78359170754,0.6239838061388795,False,0.7689360907313676
2023-11-01,35437.25390625,28151.417243362866,1.2588088762957355,55620.19209444016,0.63712929732568,False,0.8020240148216308
2023-11-02,34938.2421875,28168.72285528179,1.240320420879461,55681.657113104564,0.6274641237154803,False,0.7782565660135466
2023-11-03,34732.32421875,28189.248974705646,1.2321124358408941,55743.17868926449,0.6230775681516536,False,0.7677016202131547
2023-11-04,35082.1953125,28206.713511682425,1.2437533815476214,55804.7568645066,0.6286595853769101,False,0.7818974851548576
2023-11-05,35049.35546875,28231.254640363964,1.2415089557740653,55866.39168044043,0.6273781859625855,False,0.778895636529837
2023-11-06,35037.37109375,28258.62756318599,1.2398822630507023,55928.08317869843,0.6264718742782667,False,0.7767513652177523
2023-11-07,35443.5625,28292.395328076134,1.2527593400629236,55989.83140093595,0.6330357068981549,False,0.7930413944099989
2023-11-08,35655.27734375,28324.057900912732,1.2588336554205752,56051.63638883126,0.6361148334084069,False,0.8007627610067551
2023-11-09,36693.125,28360.16565530623,1.2938261872646946,56113.498184085576,0.6539090626577009,False,0.8460446693562433
2023-11-10,37313.96875,28398.544560487095,1.3139394756841718,56175.41682842302,0.6642401758044506,False,0.8727713883248619
2023-11-11,37138.05078125,28432.455617465715,1.30618513155918,56237.39236359066,0.6603800286674387,False,0.8625785746240334
2023-11-12,37054.51953125,28465.622206755663,1.301728775226138,56299.424831358556,0.6581687049600332,False,0.8567571421997974
2023-11-13,36502.35546875,28492.11485740887,1.281138857239241,56361.51427351968,0.647646819629541,False,0.829725506394819
2023-11-14,35537.640625,28516.260720977254,1.2462237238158524,56423.660731890006,0.6298357845632396,False,0.7849162968308795
2023-11-15,37880.58203125,28547.973474085167,1.3269096689345268,56485.86424830846,0.6706205620707021,False,0.8898529079979216
2023-11-16,36154.76953125,28574.514531067893,1.2652802724588867,56548.124864636986,0.6393628368366958,False,0.8089731843928212
2023-11-17,36596.68359375,28608.329098984395,1.279231774324394,56610.44262276051,0.6464652438353506,False,0.8269788809105476
2023-11-18,36585.703125,28639.191916140673,1.2774698124209565,56672.81756458692,0.645559982672562,False,0.8246833899711936
2023-11-19,37386.546875,28670.918325067785,1.303988468423486,56735.24973204719,0.6589650534997473,False,0.8592828308577359
2023-11-20,37476.95703125,28703.76168650705,1.305646188139411,56797.739167095235,0.6598318450844538,False,0.8615069333475115
2023-11-21,35813.8125,28728.23875506334,1.2466414250225428,56860.28591170807,0.6298563562555987,False,0.7852050255219859
2023-11-22,37432.33984375,28760.79980864764,1.3015055246306138,56922.89000788572,0.6575973187335424,False,0.855866543313984
2023-11-23,37289.62109375,28795.27724610945,1.2949908686428162,56985.5514976512,0.6543697501161674,False,0.8474028511165181
2023-11-24,37720.28125,28835.122464311546,1.3081366759126956,57048.27042305067,0.6611993837898881,False,0.8649391640264268
2023-11-25,37796.79296875,28875.495033128453,1.308957402302065,57111.046826153295,0.661812294980407,False,0.8662841024491214
2023-11-26,37479.12109375,28915.24589053476,1.2961716194852964,57173.88074905131,0.6555287240034321,False,0.8496777278106584
2023-11-27,37254.16796875,28957.921522716115,1.2864931600676477,57236.77223386006,0.6508782119392684,False,0.8373503676969296
2023-11-28,37831.0859375,29003.582619006527,1.3043590660661577,57299.72132271795,0.6602315868943134,False,0.8611790560688438
2023-11-29,37858.4921875,29049.591579710373,1.303236642195761,57362.72805778649,0.6599841651422477,False,0.8601155472823555
2023-11-30,37712.74609375,29094.4546612226,1.2962176652863664,57425.79248125028,0.6567213871025522,False,0.8512538631336943
2023-12-01,38688.75,29140.777304033203,1.3276498974735762,57488.91463531706,0.672977568726483,False,0.8934786001217316
2023-12-02,39476.33203125,29190.3485694008,1.35237617794779,57552.09456221767,0.6859234634557642,False,0.927626551873017
2023-12-03,39978.390625,29239.35878927905,1.3672800047741998,57615.332304206066,0.6938845794365309,False,0.9487345110847236
2023-12-04,41980.09765625,29296.95747870884,1.4329166326147846,57678.62790355938,0.7278276058584844,False,1.0429162821108202
2023-12-05,44080.6484375,29359.329065809576,1.5014187939612744,57741.98140257786,0.7634072708757452,False,1.1461940239395294
2023-12-06,43746.4453125,29419.796118321803,1.486973095821557,57805.39284358492,0.7567883057359908,False,1.1253238498617972
2023-12-07,43292.6640625,29481.721298276752,1.4684578157595742,57868.86226892713,0.7481167309167254,False,1.0985778606151677
2023-12-08,44166.6015625,29545.310458942648,1.494876881523235,57932.38972097421,0.7623818346735598,False,1.1396669795467735
2023-12-09,43725.984375,29605.929480032577,1.476933342170208,57995.97524211913,0.7539486006133119,False,1.11353182652837
2023-12-10,43779.69921875,29672.390368942182,1.4754355370227876,58059.61887477796,0.7540473063244412,False,1.1125481923473883
2023-12-11,41243.83203125,29732.04486695087,1.3871845080220244,58123.320661390026,0.7095918051813465,False,0.9843347591669462
2023-12-12,41450.22265625,29790.95059952579,1.391369587814019,58187.08064441783,0.712361269841891,False,0.9911578063945831
2023-12-13,42890.7421875,29852.77525780395,1.4367422062807287,58250.8988663471,0.7363103921522313,False,1.0578882173282254
2023-12-14,43023.97265625,29907.963754636094,1.4385457000422093,58314.77536968679,0.7377885344408741,False,1.0613425237603629
2023-12-15,41929.7578125,29962.59110308309,1.3994035985821505,58378.710196969056,0.718237139378885,False,1.0051036374821611
2023-12-16,42240.1171875,30018.463052628966,1.4071379042106116,58442.70339074933,0.7227611786724093,False,1.0170246502018854
2023-12-17,41364.6640625,30075.172778833454,1.3753757747856383,58506.754993606264,0.7070066365331732,False,0.9723998005004013
2023-12-18,42623.5390625,30137.825121146045,1.4142871587835122,58570.86504814178,0.7277259611492161,False,1.0292134819667254
2023-12-19,42270.52734375,30197.165114036943,1.3998177373312715,58635.033596981055,0.7209090666561225,False,1.0091412985081722
2023-12-20,43652.25,30261.249906654895,1.442513119406883,58699.26068277254,0.7436592810922976,False,1.0727382693443304
2023-12-21,43869.15234375,30325.852946410614,1.4465925301844602,58763.54634818798,0.7465368424807932,False,1.0799346198402084
2023-12-22,43997.90234375,30400.026669318926,1.4472981495162522,58827.89063592237,0.7479088892723844,False,1.0824471514506775
2023-12-23,43739.54296875,30464.1587242605,1.4357705842018704,58892.293588694054,0.7427040161524117,False,1.0663525791602235
2023-12-24,43016.1171875,30532.56805938089,1.4088601097634708,58956.755249244634,0.7296215167480936,False,1.0279346501715092
2023-12-25,43613.140625,30601.68778206187,1.4251874254649837,59021.27566033907,0.7389393085298395,False,1.053127010698517
2023-12-26,42520.40234375,30668.536339815204,1.386450330482456,59085.85486476562,0.7196375924672621,False,0.9977417779038346
2023-12-27,43442.85546875,30742.378857376545,1.4131260196322124,59150.49290533587,0.7344462122788344,False,1.0378650525915443
2023-12-28,42627.85546875,30813.858677501525,1.383398811388538,59215.189824884765,0.7198804157313694,False,0.9958817114646631
2023-12-29,42099.40234375,30884.534602784774,1.3631224457549058,59279.94566627056,0.7101795028753536,False,0.9680616208844551
2023-12-30,42156.90234375,30955.57489535869,1.3618517015515281,59344.76047237493,0.7103727777850598,False,0.9674223761624693
2023-12-31,42265.1875,31033.105761734456,1.3619386929720494,59409.63428610285,0.711419755530909,False,0.9689100920022611
2024-01-01,44167.33203125,31112.555364558,1.4195983426537637,59474.56715038271,0.7426255313396727,False,1.05422997350217
2024-01-02,44957.96875,31188.924000866857,1.441472259471037,59539.559108166264,0.7550940823784787,False,1.088447173039315
2024-01-03,42848.17578125,31259.033749656403,1.3707453699435281,59604.61020242866,0.7188735172619937,False,0.9853925453618968
2024-01-04,44179.921875,31334.13898010015,1.4099612535406836,59669.72047616844,0.74040772308704,False,1.0439462013750063
2024-01-05,44162.69140625,31405.971698249487,1.406187709476652,59734.88997240757,0.7393115049956467,False,1.0396107517995647
2024-01-06,43989.1953125,31468.078257618967,1.3978990058552259,59800.11873419143,0.7356038122270259,False,1.0282998378154737
2024-01-07,43943.09765625,31520.38202782747,1.3941169119541525,59865.406804588776,0.7340315551464973,False,1.0233258049377392
2024-01-08,46970.50390625,31580.810800893818,1.487311526052416,59930.75422669188,0.783746250357222,False,1.1656748316566587
2024-01-09,46139.73046875,31635.28399572472,1.4584895294439415,59996.16104361639,0.76904471329769,False,1.1216436620188988
2024-01-10,46627.77734375,31691.87058079623,1.471285111583291,60061.62729850142,0.7763322347563733,False,1.1422060586392362
2024-01-11,46368.5859375,31748.42618279772,1.4605002991494405,60127.15303450957,0.7711754772571232,False,1.126302015230741
2024-01-12,42853.16796875,31797.3841054733,1.3476947608836056,60192.73829482687,0.7119325218077497,False,0.9594677297429576
2024-01-13,42842.3828125,31844.18714827382,1.3453752992034642,60258.38312266283,0.7109779684146093,False,0.9565321969828761
2024-01-14,41796.26953125,31891.47253922991,1.3105782268233659,60324.08756125047,0.6928620261153867,False,0.9080498856195481
2024-01-15,42511.96875,31938.953399768365,1.3310382534422156,60389.85165384628,0.703958820658775,False,0.9369961191448978
2024-01-16,43154.9453125,31988.192970657703,1.3490898142350647,60455.67544373025,0.71382785810849,False,0.9630178924913969
2024-01-17,42742.65234375,32035.816517478503,1.3342145445373594,60521.55897420589,0.7062384556545676,False,0.942273619445927
2024-01-18,41262.05859375,32079.093316965504,1.2862601254359003,60587.502288600204,0.6810325072851473,False,0.8759849582465192
2024-01-19,41618.40625,32120.661078272973,1.2956895920847495,60653.505430263765,0.686166544781994,False,0.8890588505107838
2024-01-20,41665.5859375,32164.52099919665,1.2953895983260764,60719.56844257066,0.6861970038029477,False,0.8888924611288574
2024-01-21,41545.78515625,32209.5967702633,1.2898573506702855,60785.69136891849,0.6834796844557004,False,0.8815912950289925
2024-01-22,39507.3671875,32251.786452190743,1.2249667858264146,60851.874252728434,0.649238296645047,False,0.7952953494766994
2024-01-23,39845.55078125,32292.719522456602,1.2338865035365356,60918.11713744526,0.6540837546135789,False,0.8070651170001982
2024-01-24,40077.07421875,32334.79733611919,1.239441020834307,60984.42006653725,0.6571690634267535,False,0.8145222948343808
2024-01-25,39933.80859375,32377.2114235103,1.2333924645762597,61050.78308349628,0.6541080486901275,False,0.8067719382730845
2024-01-26,41816.87109375,32424.270581314726,1.2896780820058906,61117.20623183784,0.6842078306905053,False,0.8824078427783419
2024-01-27,42120.0546875,32471.2053854809,1.2971509430423998,61183.689555100966,0.6884196587975855,False,0.8929842096182151
2024-01-28,42035.59375,32519.32684343838,1.2926341911189276,61250.23309684836,0.6862927963642794,False,0.8871255336990872
2024-01-29,43288.24609375,32565.23038538154,1.329278054583701,61316.83690066626,0.7059765030586507,False,0.9384390725676075
2024-01-30,42952.609375,32616.66466221821,1.316891528297635,61383.50101016459,0.6997419285010709,False,0.9214842176377096
2024-01-31,42582.60546875,32667.40439529967,1.3035197089266441,61450.225468976845,0.6929609312865391,False,0.9032882314481657
2024-02-01,43075.7734375,32720.013998717735,1.3164961799584833,61517.010320760215,0.7002254045327553,False,0.921844070177256
2024-02-02,43185.859375,32773.719178125386,1.3176978523641019,61583.85560919548,0.7012529330585083,False,0.9240394838552237
2024-02-03,42992.25,32828.77118920743,1.3095905951586104,61650.761377987124,0.6973514850272508,False,0.9132449463115782
2024-02-04,42583.58203125,32882.45436281545,1.2950244395200896,61717.72767086324,0.6899732643811121,False,0.8935322399889962
2024-02-05,42658.66796875,32937.27957809279,1.2951484917753526,61784.75453157565,0.6904400331792029,False,0.894222367633369
2024-02-06,43084.671875,32992.836429052026,1.3058795950341981,61851.84200389979,0.6965786382284863,False,0.909647829999289
2024-02-07,44318.22265625,33052.94944675814,1.3408250518652811,61918.99013163484,0.7157452432934224,False,0.9596891529612313
2024-02-08,45301.56640625,33114.05290664412,1.3680465672373354,61986.19895860365,0.7308331074874235,False,0.9998137239215643
2024-02-09,47147.19921875,33185.831457063556,1.4207026658274307,62053.46852865278,0.7597834631432422,False,1.0794263915392015
2024-02-10,47771.27734375,33259.126975387095,1.436335877941186,62120.7988856525,0.7690061654178648,False,1.1045511457476538
2024-02-11,48293.91796875,33333.17939593931,1.4488242299092904,62188.1900734968,0.7765769981675632,False,1.1251235713353882
2024-02-12,49958.22265625,33412.351368453485,1.4952022413908415,62255.6421361034,0.802468996256295,False,1.199853441849071
2024-02-13,49742.44140625,33490.702468073585,1.4852612140240733,62323.15511741378,0.7981374067557663,False,1.185442533716095
2024-02-14,51826.6953125,33573.731249367396,1.5436680221081036,62390.72906139313,0.8306794309375995,False,1.2822932741613293
2024-02-15,51938.5546875,33657.94596677997,1.543129064939459,62458.36401203043,0.8315708473807581,False,1.2832211441495829
2024-02-16,52160.203125,33743.35068588278,1.5457920468705049,62526.06001333839,0.834215415362377,False,1.2895235544439372
2024-02-17,51662.99609375,33825.19502920997,1.5273524971293166,62593.817109353535,0.8253689977636766,False,1.2606293997874727
2024-02-18,52122.546875,33911.89943511562,1.5369987450784703,62661.635344136135,0.8318095528267699,False,1.278490238839029
2024-02-19,51779.14453125,33998.13254466941,1.5229996666204682,62729.514761770275,0.8254351197820226,False,1.2571374122448467
2024-02-20,52284.875,34086.60669496115,1.5338832482767788,62797.455406363806,0.8325954397620627,False,1.2771041976426658
2024-02-21,51839.1796875,34174.803318960025,1.516883044027348,62865.45732204844,0.8246051471786358,False,1.2508295657729482
2024-02-22,51304.97265625,34262.280432774176,1.497418502452433,62933.52055297964,0.8152248945466142,False,1.2207328407539335
2024-02-23,50731.94921875,34347.94208680518,1.4770011283511149,63001.645143336726,0.8052480074659699,False,1.1893522156297245
2024-02-24,51571.1015625,34431.94241855588,1.4977691625874576,63069.83113732288,0.8176825691861054,False,1.2246997369122339
2024-02-25,51733.23828125,34518.09775743906,1.49872796133735,63138.078579165056,0.8193666871947138,False,1.2280077646870717
2024-02-26,54522.40234375,34611.51511008112,1.5752677156819852,63206.38751311413,0.8626090572323506,False,1.3588401991129957
2024-02-27,57085.37109375,34710.62130346746,1.644608161711222,63274.757983444775,0.9021823696059941,False,1.4837364884059883
2024-02-28,62504.7890625,34819.373562911576,1.7951152667800432,63343.19003445557,0.9867641498399509,False,1.7713553900889258
2024-02-29,61198.3828125,34927.66834727638,1.7521462413127893,63411.68371046896,0.9650963234460914,False,1.690989895630861
2024-03-01,62440.6328125,35037.73954866418,1.7820964941467108,63480.239055831276,0.9836231517273125,False,1.7529113702547818
2024-03-02,62029.84765625,35149.56603594061,1.7647400708396845,63548.856114912705,0.9760969976246945,False,1.7225574847346068
2024-03-03,63167.37109375,35267.39375080827,1.7910983595804357,63617.53493210741,0.9929239031528363,False,1.7784243741252486
2024-03-04,68330.4140625,35410.185671546365,1.9296824562376265,63686.27555183339,1.0729221244361637,False,2.0703990004336688
2024-03-05,63801.19921875,35553.168271958726,1.7945292169381957,63755.07801853261,1.0007234121837947,False,1.7958274012379043
2024-03-06,66106.8046875,35700.35627067026,1.85171274444144,63823.94237667092,1.0357681181359226,False,1.917945024638415
2024-03-07,66925.484375,35849.079140082686,1.8668676010751677,63892.86867073815,1.047464071771295,False,1.9554767388801049
2024-03-08,68300.09375,36001.614869655015,1.897139725461834,63961.85694524805,1.0678253729948073,False,2.025813934964549
2024-03-09,68498.8828125,36156.620841744356,1.8945045531858753,64030.90724473833,1.0697784204538008,False,2.0267000884497195
2024-03-10,69019.7890625,36309.861299235876,1.9008552110319543,64100.01961377064,1.0767514499741657,False,2.0467486046696055
2024-03-11,72123.90625,36471.141883748955,1.9775609570957096,64169.194096930616,1.123964657263007,False,2.2227086233587836
2024-03-12,71481.2890625,36634.15466931251,1.9512198304490436,64238.43073882788,1.1127496148391167,False,2.1712191147986197
2024-03-13,73083.5,36801.09974888575,1.9859053261638684,64307.72958409603,1.1364652503308763,False,2.2569123936322413
2024-03-14,71396.59375,36966.54624057857,1.9313839406405566,64377.09067739266,1.1090372832749396,False,2.1419767984888503
2024-03-15,69403.7734375,37130.54795024694,1.8691825806206135,64446.51406339937,1.0769205200024305,False,2.012961076701436
2024-03-16,65315.1171875,37274.17382385389,1.7522887964240028,64515.999786821776,1.0123863445241292,False,1.7739932491622823
2024-03-17,68390.625,37427.71585520426,1.827272208236838,64585.5478923895,1.05891530275396,False,1.9349265035990082
2024-03-18,67548.59375,37594.87127825771,1.7967502335635195,64655.158424856214,1.0447518093781583,False,1.8771580575161155
2024-03-19,61912.7734375,37755.31275303535,1.6398426849880219,64724.831428999605,0.9565536451866342,False,1.5685974978579298
2024-03-20,67913.671875,37926.658063471026,1.790657952550027,64794.56694962142,1.0481383713514703,False,1.8768573100333437
2024-03-21,65491.390625,38094.5250193253,1.719181183956915,64864.365031547466,1.009666719055179,False,1.7358000254671764
2024-03-22,63778.76171875,38262.59923572022,1.6668695538908673,64934.22571962762,0.9822056244134385,False,1.6372086509951291
2024-03-23,64062.203125,38433.03541703004,1.666852550933654,65004.149058735784,0.9855094490524802,False,1.6426989391223465
2024-03-24,67234.171875,38610.78557601289,1.7413313630367964,65074.13509377001,1.0331934766112132,False,1.7991322049081302
2024-03-25,69958.8125,38789.12425334485,1.8035677228254858,65144.18386965239,1.0739072676078227,False,1.9368644851651804
2024-03-26,69987.8359375,38972.90019349862,1.7958077430731014,65214.29543132914,1.0731977624629467,False,1.9272568516796869
2024-03-27,69455.34375,39157.6999943157,1.7737339976577389,65284.46982377057,1.0638876893308367,False,1.8870537642556395
2024-03-28,70744.953125,39347.026409899234,1.797974575969518,65354.70709197109,1.0824767835841331,False,1.9462657359615294
2024-03-29,69892.828125,39544.89820969999,1.7674297137994897,65425.00728094927,1.0682891913922903,False,1.8881260597975638
2024-03-30,69645.3046875,39736.22124293393,1.752690681424184,65495.37043574779,1.0633622533034357,False,1.8637451123431545
2024-03-31,71333.6484375,39927.466711657406,1.7865808755823995,65565.79660143348,1.087970437866081,False,1.9437471774905497
2024-04-01,69702.1484375,40114.32217869443,1.7375875909607241,65636.28582309729,1.0619453487261759,False,1.8452230602250619
2024-04-02,65446.97265625,40294.56701232458,1.6242133247450519,65706.8381458544,0.9960450769366263,False,1.6177896860071788
2024-04-03,65980.8125,40477.91995898081,1.6300445419839533,65777.45361484407,1.0030916199089537,False,1.6350840201424321
2024-04-04,68508.84375,40667.97326896631,1.6845895736407164,65848.13227522979,1.040406787297308,False,1.7526584262260796
2024-04-05,67837.640625,40856.026406950245,1.6604072052748566,65918.8741721992,1.0291079979277016,False,1.708738334765138
2024-04-06,68896.109375,41042.44878730212,1.6786549392324601,65989.67935096419,1.0440437058131173,False,1.7525891235377509
2024-04-07,69362.5546875,41232.3207065205,1.6822374656329002,66060.54785676078,1.0499845511105808,False,1.7663233502139617
2024-04-08,71631.359375,41434.59557968203,1.7287814294518018,66131.47973484926,1.0831658336121046,False,1.8725569781652867
2024-04-09,69139.015625,41634.356175633664,1.6606241089291378,66202.47503051408,1.0443569608709102,False,1.7342843475501977
2024-04-10,70587.8828125,41838.652644892056,1.6871452197951657,66273.53378906398,1.0650991244433679,False,1.7969768964126445
2024-04-11,70060.609375,42048.107111373494,1.6662012677391005,66344.65605583189,1.056009836211088,False,1.7595249278398746
2024-04-12,67195.8671875,42253.69783537605,1.5902955393229898,66415.841876175,1.0117445670986038,False,1.608972871991179
2024-04-13,63821.47265625,42455.27859649856,1.503263546161574,66487.09129547475,0.9599077266385667,False,1.4429942931345865
2024-04-14,65738.7265625,42661.16597448741,1.5409500669019132,66558.40435913685,0.987684834026158,False,1.5219730110706131
2024-04-15,63426.2109375,42855.33756986656,1.4800072647682911,66629.78111259126,0.9519198454265091,False,1.4088482867083423
2024-04-16,63811.86328125,43053.56749625109,1.4821504231166547,66701.22160129226,0.9566820779188506,False,1.4179467465755449
2024-04-17,61276.69140625,43246.851612563085,1.416905257178289,66772.72587071835,0.9176904283478038,False,1.3002803923881991
2024-04-18,63512.75390625,43434.60012445289,1.4622617388963477,66844.2939663724,0.9501596940825136,False,1.3893821664983181
2024-04-19,63843.5703125,43630.35762061341,1.4632832228342025,66915.92593378153,0.9540863317901054,False,1.3960985224438878
2024-04-20,64994.44140625,43831.833898611636,1.4828136453653764,66987.62181849721,0.9702455415173907,False,1.4386933283169059
2024-04-21,64926.64453125,44030.32728737357,1.4745891873001997,67059.3816660952,0.968196289887303,False,1.4276917802519866
2024-04-22,66837.6796875,44239.85799105959,1.51080231091626,67131.20552217563,0.9956275798655415,False,1.5041964484728234
2024-04-23,66407.2734375,44443.59278639885,1.4941922845135673,67203.09343236292,0.988157985678682,False,1.4764980380815547
2024-04-24,64276.8984375,44643.95484599148,1.4397671232138014,67275.04544230587,0.9554344856239891,False,1.375603160786109
2024-04-25,64481.70703125,44847.06295202161,1.437813376992691,67347.06159767765,0.9574539037271604,False,1.3766400306327835
2024-04-26,63755.3203125,45054.86284093168,1.415059691505247,67419.14194417575,0.9456560625658889,False,1.3381597761645532
2024-04-27,63419.140625,45266.35793263691,1.4010214985569889,67491.28652752205,0.9396641238886225,False,1.316489638990678
2024-04-28,63113.23046875,45486.332184642466,1.3875207658545592,67563.49539346286,0.9341321093765755,False,1.296127699811521
2024-04-29,63841.12109375,45712.035099408255,1.3965932812861448,67635.7685877688,0.9438958472232838,False,1.3182385984659315
2024-04-30,60636.85546875,45929.70673046341,1.3202099422187668,67708.10615623496,0.8955627163582421,False,1.1823308020165966
2024-05-01,58254.01171875,46142.28876705659,1.2624863931834394,67780.50814468082,0.8594507965978059,False,1.0850449363153978
2024-05-02,59123.43359375,46355.17208496831,1.2754441615571541,67852.97459895023,0.8713462297445795,False,1.1113534614225626
2024-05-03,62889.8359375,46561.9775217726,1.3506693505036897,67925.50556491152,0.9258648193262353,False,1.2505372341735823
2024-05-04,63891.47265625,46774.76315464773,1.3659389881892217,67998.10108845745,0.9396067189160884,False,1.283445450932036
2024-05-05,64031.1328125,46991.07825663944,1.3626231869547054,68070.76121550518,0.940655454252728,False,1.2817589329001784
2024-05-06,63161.94921875,47201.647870097215,1.3381301727553419,68143.48599199638,0.9268963613949619,False,1.240307988199738
2024-05-07,62334.81640625,47399.05696336233,1.3151066793255495,68216.27546389714,0.9137821726904476,False,1.2017210387538204
2024-05-08,61187.94140625,47591.7153974053,1.2856847225470247,68289.12967719801,0.8960129041837954,False,1.1519901021140968
2024-05-09,63049.9609375,47790.49707310551,1.3192991242809626,68362.04867791408,0.9222947842677766,False,1.216782701213377
2024-05-10,60792.77734375,47948.31922269798,1.2678813007270473,68435.03251208486,0.8883283182924576,False,1.1262948636693118
2024-05-11,60793.7109375,48098.780799633336,1.2639345514962292,68508.08122577437,0.8873947401496914,False,1.1216088728912132
2024-05-12,61448.39453125,48246.24612265982,1.2736409455572033,68581.19486507114,0.8959948080832589,False,1.1411756745815067
2024-05-13,62901.44921875,48402.461716591315,1.299550621764941,68654.37347608825,0.9162045479980683,False,1.1906541900147565
2024-05-14,61552.7890625,48558.098102606855,1.26761120117255,68727.61710496322,0.8956048769811766,False,1.1352787738861032
2024-05-15,66267.4921875,48726.61121846283,1.3599856532274262,68800.92579785817,0.963177332557972,False,1.3099073537927035
2024-05-16,65231.58203125,48888.87661270884,1.3342826947734123,68874.29960095974,0.94711064082227,False,1.263713338084912
2024-05-17,67051.875,49057.59835569738,1.3667989719723577,68947.73856047908,0.9725028898690263,False,1.3292159501131322
2024-05-18,66940.8046875,49225.51324896605,1.3598802789304802,69021.24272265194,0.9698580038103376,False,1.3188907727445607
2024-05-19,66278.3671875,49385.121216366526,1.3420715704456943,69094.81213373863,0.9592379679564484,False,1.2873660060864474
2024-05-20,71448.1953125,49564.12099659409,1.4415305643654959,69168.44684002399,1.0329593705891462,False,1.4890425044519993
2024-05-21,70136.53125,49743.28411360792,1.4099698582388782,69242.14688781751,1.0129167624399562,False,1.4281821039452485
2024-05-22,69122.3359375,49917.562691732935,1.3847297866758157,69315.91232345322,0.9972073311961918,False,1.380862694998862
2024-05-23,67929.5625,50090.214829675286,1.3561443633449148,69389.74319328973,0.9789568223473273,False,1.327606776584377
2024-05-24,68526.1015625,50265.80763166275,1.3632746551024275,69463.63954371033,0.9865031837178588,False,1.3448747875404108
2024-05-25,69265.9453125,50440.4576983422,1.3732219823765899,69537.60142112289,0.9960933925952129,False,1.367857343211821
2024-05-26,68518.09375,50612.1613758515,1.3537871509018764,69611.62887195987,0.9842909131752791,False,1.3325203910061671
2024-05-27,69394.5546875,50777.18653827623,1.3666482808217397,69685.7219426784,0.9958217085643756,False,1.3609380260144714
2024-05-28,68296.21875,50934.40179860119,1.340866218868121,69759.88067976026,0.9790185717707955,False,1.3127329305319748
2024-05-29,67578.09375,51092.219678018475,1.3226689733950683,69834.10512971185,0.967694704821928,False,1.279939761786663
2024-05-30,68364.9921875,51254.052891060266,1.3338455854956248,69908.39533906427,0.9779224920829812,False,1.3043975990217647
2024-05-31,67491.4140625,51419.80827192456,1.3125567039375876,69982.75135437325,0.9644006952619252,False,1.2658305978481104
2024-06-01,67706.9375,51597.164359154274,1.3122220637690443,70057.17322221921,0.96645260414998,False,1.268200430752654
2024-06-02,67751.6015625,51752.56096232275,1.3091449061202012,70131.66098920724,0.966062982208941,False,1.2647164321501256
2024-06-03,68804.78125,51928.92511194194,1.3249798855200483,70206.2147019672,0.9800383276905552,False,1.2985310712286915
2024-06-04,70567.765625,52106.890594954195,1.3542885560673519,70280.83440715352,1.004082638179624,False,1.3598176262325803
2024-06-05,71082.8203125,52287.59576692056,1.3594585727246256,70355.52015144548,1.0103374995947574,False,1.3735119751692557
2024-06-06,70757.1640625,52460.609459613486,1.3487674808080912,70430.27198154698,1.0046413576400595,False,1.3550275930598035
2024-06-07,69342.5859375,52629.884878076235,1.3175515412610315,70505.0899441867,0.9835117718790664,False,1.295827450887632
2024-06-08,69305.7734375,52817.42762646626,1.3121762371246493,70579.97408611803,0.98194671129996,False,1.2884871406905058
2024-06-09,69647.9921875,52990.351679363324,1.3143523298152382,70654.92445411913,0.9857485904287818,False,1.2956209564421564
2024-06-10,69512.28125,53165.46059794175,1.3074706861975556,70729.94109499292,0.982784379201482,False,1.2849617666588002
2024-06-11,67332.03125,53330.749886741396,1.2625367427420982,70805.02405556703,0.9509499099549565,False,1.2006092018254224
2024-06-12,68241.1875,53499.13366804821,1.2755568701994948,70880.17338269396,0.9627683489366535,False,1.2280657818967728
2024-06-13,66756.3984375,53667.11980103005,1.2438975425735204,70955.38912325088,0.9408221033294998,False,1.1702863023304155
2024-06-14,66011.09375,53836.0479890368,1.2261504366636,71030.67132413982,0.9293322521022842,False,1.1395011467207825
2024-06-15,66191.0,54000.67440366648,1.2257439509960237,71106.02003228762,0.9308775820942331,False,1.1410175653698107
2024-06-16,66639.046875,54167.52017795753,1.2302399418705072,71181.43529464585,0.9361857708987849,False,1.151733128370517
2024-06-17,66490.296875,54336.41149056258,1.2236784699436467,71256.91715819099,0.9331065604114047,False,1.1418224081386066
2024-06-18,65140.74609375,54491.79793102171,1.1954229547758404,71332.46566992428,0.9131991370545758,False,1.0916592107165286
2024-06-19,64960.296875,54639.740095997084,1.1888837091990305,71408.08087687181,0.909705121287468,False,1.081533598873599
2024-06-20,64828.65625,54783.24445287249,1.1833665000576794,71483.76282608454,0.9069004440592195,False,1.0731956043871138
2024-06-21,64096.19921875,54906.86117529164,1.167362290372439,71559.51156463823,0.8957048171137002,False,1.0456120268034756
2024-06-22,64252.578125,55014.428939975965,1.167922295350978,71635.32713963356,0.896939829698231,False,1.0475560246928732
2024-06-23,63180.796875,55121.040969365335,1.1462192252521872,71711.20959819602,0.881044919323037,False,1.0098706248388272
2024-06-24,60277.4140625,55220.095604842194,1.0915847464996844,71787.158987476,0.8396684715300686,False,0.9165692956389274
2024-06-25,61804.640625,55318.786032463795,1.1172450637063869,71863.17535464879,0.8600321419140003,False,0.9608666651822477
2024-06-26,60811.27734375,55417.27475835228,1.0973343169421148,71939.25874691457,0.8453142053866125,False,0.9275922861693849
2024-06-27,61604.80078125,55518.94668870832,1.1096176072407269,72015.40921149841,0.8554391546998779,False,0.9492103479781084
2024-06-28,60320.13671875,55637.37369951559,1.0841657811622258,72091.62679565031,0.8367148779945336,False,0.907137639311
2024-06-29,60887.37890625,55756.83116288577,1.092016487242183,72167.91154664518,0.8436904657674056,False,0.9213238987470435
2024-06-30,62678.29296875,55871.479981601624,1.121829831416491,72244.26351178283,0.8675885104500699,False,0.9732866724170864
2024-07-01,62851.98046875,55986.16071773984,1.1226342307275707,72320.68273838807,0.8690733838355753,False,0.9756515297080579
2024-07-02,62029.015625,56107.53723590797,1.105538020038106,72397.16927381062,0.8567878585197494,False,0.9472115527006126
2024-07-03,60173.921875,56218.81590126738,1.0703519971085598,72473.72316542517,0.8302860574397398,False,0.8886983397520178
2024-07-04,56977.703125,56323.6966685755,1.0116115684002926,72550.34446063134,0.7853539986418443,False,0.7944731903155174
2024-07-05,56662.375,56416.04959161826,1.0043662292940543,72627.03320685377,0.7801829773029033,False,0.7835894350731257
2024-07-06,58303.5390625,56519.76793544183,1.0315601282916738,72703.78945154205,0.80193260217007,False,0.8272416979758332
2024-07-07,55849.109375,56599.79010577917,0.9867370403781317,72780.61324217079,0.7673624456717235,True,0.7571849485394413
2024-07-08,56705.09765625,56682.56160207526,1.0003975835519388,72857.50462623956,0.7783013973254818,False,0.7786108371595093
2024-07-09,58009.2265625,56770.88897305486,1.0218128976284464,72934.46365127298,0.7953609810564162,False,0.8127101087138605
2024-07-10,57742.49609375,56860.37500679167,1.0155138105728807,73011.49036482064,0.7908686126693868,False,0.8031379985143766
2024-07-11,57344.9140625,56954.43195034978,1.006856044363512,73088.58481445721,0.7845946697158781,False,0.7899738855788252
2024-07-12,57899.46484375,57046.340075328306,1.014954943074265,73165.74704778235,0.7913465956404108,False,0.8031811389302266
2024-07-13,59231.953125,57154.511273603355,1.036347819360256,73242.9771124208,0.8087048814807835,False,0.8380995404286042
2024-07-14,60787.79296875,57261.99060629943,1.0615731714025096,73320.2750560223,0.8290720802984368,False,0.8801206776036877
2024-07-15,64870.15234375,57394.16441778566,1.1302569346866846,73397.64092626172,0.8838179473495777,False,0.9989413639924114
2024-07-16,65097.1484375,57532.712325058834,1.1314806100171713,73475.07477083895,0.8859759400113736,False,1.0024645970646058
2024-07-17,64118.79296875,57667.49424190744,1.1118706268002598,73552.57663747897,0.8717409491277842,False,0.9692631555141629
2024-07-18,63974.06640625,57801.30448648539,1.1067927787202083,73630.14657393184,0.8688569747992259,False,0.9616446254484692
2024-07-19,66710.15625,57929.39643982787,1.1515769255302502,73707.78462797274,0.9050625600363373,False,1.0422491602991828
2024-07-20,67163.6484375,58053.0530059801,1.156935681411646,73785.49084740192,0.9102554942190904,False,1.053107060463058
2024-07-21,68154.5234375,58199.44467320589,1.171051095421831,73863.26528004477,0.9227120298445962,False,1.0805429333084156
2024-07-22,67585.25,58332.50154600269,1.158620806733281,73941.1079737518,0.9140416184187008,False,1.0590276373200689
2024-07-23,65927.671875,58459.96161252699,1.1277405946991386,74019.01897639864,0.8906855668543971,False,1.0044622708543172
2024-07-24,65372.1328125,58587.30040046353,1.1158072204327543,74096.99833588608,0.8822507561799502,False,0.9844217639778459
2024-07-25,65777.2265625,58717.23017834274,1.1202372176397597,74175.04610014003,0.886783763823988,False,0.9934081762342981
2024-07-26,67912.0625,58830.62046559779,1.1543659060966853,74253.16231711155,0.9146016193892088,False,1.0557849270837198
2024-07-27,67813.3359375,58950.737243834985,1.1503390645821288,74331.34703477692,0.9123114088834233,False,1.0494674527025611
2024-07-28,68255.8671875,59069.05576585811,1.1555266340815942,74409.60030113756,0.9172992048239308,False,1.0599636625959197
2024-07-29,66819.9140625,59184.43543633285,1.1290115985710627,74487.92216422004,0.8970570277847898,False,1.0127877889487118
2024-07-30,66201.015625,59328.92726081213,1.1158303155217677,74566.31267207621,0.8878139906975866,False,0.9906497653647278
2024-07-31,64619.25,59467.69146571924,1.0866278546771977,74644.77187278302,0.8656902336057841,False,0.9406831213580553
2024-08-01,65357.5,59620.593192917244,1.0962235781271006,74723.29981444271,0.8746602487082287,False,0.9588231874844741
2024-08-02,61415.06640625,59749.55104109129,1.0278749435960328,74801.8965451827,0.8210362202401295,False,0.8439225585696231
2024-08-03,60680.09375,59869.25082481902,1.013543562246228,74880.56211315563,0.8103584166249098,False,0.8213335562822242
2024-08-04,58116.9765625,59980.37654027493,0.9689331730599638,74959.2965665394,0.7753137932786107,True,0.7512272538386011
2024-08-05,53991.45703125,60083.33574267079,0.8986095123361405,75038.09995353715,0.7195205777422533,True,0.6465680354807843
2024-08-06,56034.31640625,60195.1218626025,0.9308780291889817,75116.97232237726,0.7459607951951152,True,0.6943985148834744
2024-08-07,55027.4609375,60300.892587275666,0.9125480333123885,75195.9137213134,0.7317879152508139,True,0.667791622863903
2024-08-08,61710.13671875,60444.22663039311,1.020943440902929,75274.92419862446,0.819796730129124,False,0.8369660944989977
2024-08-09,60880.11328125,60606.98912018387,1.0045064796161467,75354.0038026147,0.8079214137144167,False,0.8115622950967691
2024-08-10,60945.8125,60766.990814195735,1.0029427438056138,75433.15258161355,0.8079446558204069,False,0.8103222299516011
2024-08-11,58719.484375,60913.60495307732,0.9639797943371191,75512.37058397583,0.7776141037672656,True,0.7496042838232119
2024-08-12,59354.515625,61065.99418440121,0.9719732957391466,75591.65785808164,0.7851992839796449,True,0.7631927358617135
2024-08-13,60609.56640625,61204.55791359426,0.9902786405518321,75671.0144523364,0.8009614625217785,True,0.793175028240474
2024-08-14,58737.26953125,61330.62063657697,0.9577152313410584,75750.44041517083,0.775404990509949,True,0.7426171698692471
2024-08-15,57560.09765625,61451.5297635091,0.9366747724225103,75829.935795041,0.7590682631174562,True,0.7110000926086935
2024-08-16,58894.10546875,61567.32718061592,0.9565805138166277,75909.50064042832,0.7758463034518217,True,0.7421594555986748
2024-08-17,59478.97265625,61690.17305532811,0.9641563592779202,75989.13499983956,0.7827299607552525,True,0.7546740692595336
2024-08-18,58483.96484375,61811.91027341333,0.9461601265040542,76068.83892180685,0.7688294664766371,True,0.7274357852615795
2024-08-19,59493.453125,61934.536843544236,0.9605860664670703,76148.61245488765,0.7812808560398314,True,0.7504875043093271
2024-08-20,59012.79296875,62053.87541984299,0.950992868204964,76228.45564766487,0.7741570056398979,True,0.736217791234453
2024-08-21,61175.19140625,62187.27026134033,0.9837253050208331,76308.36854874673,0.8016839118657154,True,0.7886367507303956
2024-08-22,60381.9140625,62321.40428946745,0.9688792277857059,76388.35120676689,0.7904597115738119,True,0.7658599949453467
2024-08-23,64094.35546875,62474.026265793254,1.0259360457426439,76468.40367038439,0.8381809007682115,False,0.8599199989511462
2024-08-24,64178.9921875,62623.25587346668,1.024842788710583,76548.5259882837,0.8384092490209812,False,0.8592376728474082
2024-08-25,64333.54296875,62761.211591793974,1.025052597569063,76628.71820917471,0.8395487288869643,False,0.8605816053313877
2024-08-26,62880.66015625,62882.98729860773,0.9999629924967356,76708.98038179273,0.8197300999606957,True,0.8196997637963455
2024-08-27,59504.1328125,62970.19320069776,0.9449571263478456,76789.3125548985,0.7749012308185347,True,0.7322484402776911
2024-08-28,59027.625,63049.436321857225,0.9362117798908379,76869.71477727825,0.7678918176166806,True,0.7189093653345232
2024-08-29,59388.1796875,63126.414617084796,0.9407817638264369,76950.18709774359,0.7717743377552027,True,0.7260712227493198
2024-08-30,59119.4765625,63188.27819153096,0.9356082845508473,77030.7295651317,0.7674791202972157,True,0.7180598231698714
2024-08-31,58969.8984375,63251.14182081749,0.9323135794853205,77111.34222830513,0.7647370248452765,True,0.7129747129984542
2024-09-01,57325.48828125,63288.1866089282,0.905784971142829,77192.02513615199,0.7426348535375097,True,0.6726674893811322
2024-09-02,59112.48046875,63335.01663298866,0.9333301483331526,77272.77833758581,0.7649845358284139,True,0.7139831302973014
2024-09-03,57431.0234375,63370.32618578858,0.90627627936022,77353.60188154572,0.7424479538192176,True,0.672862969205889
2024-09-04,57971.5390625,63412.64821510966,0.9141952070168681,77434.49581699625,0.7486526315029705,True,0.6844146474405811
2024-09-05,56160.48828125,63440.395167137605,0.885248084178728,77515.46019292752,0.7245069324425434,True,0.6413683739189686
2024-09-06,53948.75390625,63456.028588446636,0.8501753908386316,77596.49505835515,0.6952473029313855,True,0.5910821474991952
2024-09-07,54139.6875,63469.223736714004,0.8530069270200118,77677.60046232032,0.696979401755104,True,0.5945282576873675
2024-09-08,54841.56640625,63490.502217247275,0.8637759112157758,77758.7764538897,0.7052781551773848,True,0.6092022811489268
2024-09-09,57019.53515625,63529.89863946185,0.8975228416440774,77840.02308215559,0.7325220741015097,True,0.6574552935146004
2024-09-10,57648.7109375,63577.6608454068,0.9067447617753125,77921.34039623578,0.7398321261460857,True,0.6708389049760555
2024-09-11,57343.171875,63617.13311846231,0.9013793779141307,78002.7284452737,0.7351431548350474,True,0.6626428795830466
2024-09-12,58127.01171875,63660.18792049339,0.9130826285235932,78084.18727843829,0.7444146343161191,True,0.6797120710127915
2024-09-13,60571.30078125,63697.323783044405,0.9509237937147601,78165.71694492412,0.7749087854452712,True,0.7368792020385143
2024-09-14,60005.12109375,63714.6204655149,0.9417794637296374,78247.31749395136,0.7668648972968114,True,0.7222176117292745
2024-09-15,59182.8359375,63696.39794648461,0.9291394465857121,78328.98897476576,0.755567468853277,True,0.7020275398685011
2024-09-16,58192.5078125,63679.280186983946,0.9138373995690133,78410.73143663873,0.742149789273724,True,0.6782042335205911
2024-09-17,60308.5390625,63667.802663114126,0.9472376388048286,78492.54492886725,0.7683346121234029,True,0.727795463799796
2024-09-18,61649.6796875,63665.78782588572,0.9683329429002056,78574.42950077399,0.784602320108385,True,0.7597562736368816
2024-09-19,62940.45703125,63664.63114631423,0.9886251737891966,78656.3852017072,0.8001951382566701,True,0.7910930576242706
2024-09-20,63192.9765625,63640.52844629933,0.9929675020819951,78738.41208104085,0.8025685925372632,True,0.7969245305811888
2024-09-21,63394.83984375,63638.49397668562,0.99617127751287,78820.51018817449,0.8042937008705278,True,0.8012142834917478
2024-09-22,63648.7109375,63626.66651002227,1.000346465227347,78902.67957253342,0.8066736298732313,False,0.8069531142358002
2024-09-23,63329.80078125,63609.498776169254,0.9956028895007731,78984.92028356854,0.8017960966965068,True,0.7982705106614835
2024-09-24,64301.96875,63591.08685851957,1.0111789548913046,79067.23237075652,0.8132568552352979,False,0.8223482169350175
2024-09-25,63143.14453125,63566.060296145224,0.9933468306369009,79149.61588359966,0.7977694373667035,True,0.7924617421871984
2024-09-26,65181.01953125,63548.82574043894,1.0256840904893767,79232.07087162598,0.8226595470015937,False,0.8437888092487323
2024-09-27,65790.6640625,63521.88661400944,1.0357164682824485,79314.59738438921,0.8294899833337488,False,0.8591164360140974
2024-09-28,65887.6484375,63497.93409653288,1.0376345211063742,79397.19547146883,0.829848561353487,False,0.8610795145508391
2024-09-29,65635.3046875,63466.64670435175,1.034170041994665,79479.86518247004,0.8258104683093552,False,0.8540284466911198
2024-09-30,63329.5,63430.73393917089,0.9984040238401156,79562.60656702374,0.7959706542124292,True,0.7947003040243386
2024-10-01,60837.0078125,63389.943717704235,0.9597264841159463,79645.41967478661,0.7638481667987143,True,0.7330853155201409
2024-10-02,60632.78515625,63366.19779784394,0.9568632372370787,79728.30455544112,0.7604925941211685,True,0.7276874055056051
2024-10-03,60759.40234375,63329.34955865392,0.9594193334873319,79811.26125869543,0.7612885874188621,True,0.730394989132917
2024-10-04,62067.4765625,63303.14426684103,0.9804801527846336,79894.28983428354,0.7768699952304494,True,0.7617056116173486
2024-10-05,62089.94921875,63304.067751523966,0.9808208449172725,79977.39033196522,0.7763437761726266,True,0.7614541584919016
2024-10-06,62818.953125,63280.148839506655,0.9927118421343104,80060.562801526,0.7846429119007222,True,0.7789243104905954
2024-10-07,62236.66015625,63264.16504764914,0.9837585007148162,80143.80729277726,0.7765623104089654,True,0.7639497741995575
2024-10-08,62131.96875,63255.84977899392,0.9822327732072119,80227.12385555614,0.7744509059288311,True,0.7606910610433134
2024-10-09,60582.1015625,63237.91508564332,0.9580028291643305,80310.51253972565,0.754348336807501,True,0.7226678408369933
2024-10-10,60274.5,63203.59452182973,0.9536562035120003,80393.97339517457,0.7497390345881052,True,0.7149932813500447
2024-10-11,62445.08984375,63169.25992057668,0.9885360367093553,80477.5064718176,0.7759322148682332,True,0.7670369564409552
2024-10-12,63193.0234375,63138.622184470856,1.000861616094032,80561.11181959521,0.7844110143242747,False,0.7850868754785525
2024-10-13,62851.375,63108.482590042615,0.9959259424487702,80644.78948847376,0.7793606431198273,True,0.7761854830065937
2024-10-14,66046.125,63088.463033932014,1.0468811859385005,80728.53952844546,0.8181260974841249,False,0.8564808191814179
2024-10-15,67041.109375,63076.353723400876,1.0628564496449044,80812.3619895284,0.8295897771641315,False,0.8817348452183762
2024-10-16,67612.71875,63067.76808248701,1.0720645554091688,80896.25692176656,0.835795391811356,False,0.8960266151352734
2024-10-17,67399.8359375,63051.500115981515,1.0689648273795205,80980.2243752298,0.832299940602736,False,0.8896993623343888
2024-10-18,68418.7890625,63046.15138508917,1.0852175360331588,81064.26440001385,0.8440067836165834,False,0.9159309621116601
2024-10-19,68362.734375,63059.10584869281,1.0841056728433953,81148.37704624044,0.8424411782880779,False,0.9132952604189793
2024-10-20,69001.703125,63072.3009892171,1.0940096055286868,81232.56236405711,0.8494340338023254,False,0.9292889922427232
2024-10-21,67367.8515625,63067.384027440145,1.0681884559091392,81316.8204036374,0.8284614576431047,False,0.8849529652200229
2024-10-22,67361.40625,63065.31148120976,1.0681213597124666,81401.15121518073,0.8275239998993722,False,0.8838960599672165
2024-10-23,66432.1953125,63054.607887072,1.0535660681845347,81485.55484891252,0.81526345909623,False,0.8589339171345383
2024-10-24,68161.0546875,63049.55626024318,1.0810711245319256,81570.03135508411,0.8356139326560605,False,0.903358093851032
2024-10-25,66642.4140625,63028.79059529972,1.0573329018861066,81654.58078397281,0.816150342364878,False,0.862942609867996
2024-10-26,67014.6953125,63019.68492401374,1.0633930555714974,81739.20318588188,0.8198599044341416,False,0.8718333289167777
2024-10-27,67929.296875,63008.676883487504,1.078094323431223,81823.89861114061,0.8301889549143432,False,0.895021999668453
2024-10-28,69907.7578125,63008.05738956016,1.1095050491761875,81908.66711010422,0.8534842560498241,False,0.946945091479662
2024-10-29,72720.4921875,63030.50759557368,1.1537348335206299,81993.50873315395,0.886905479605309,False,1.0232537458609656
2024-10-30,72339.5390625,63067.17858894811,1.1470235498243262,82078.42353069708,0.8813465945218262,False,1.0109252994740061
2024-10-31,70215.1875,63086.47124824428,1.112999128191912,82163.41155316686,0.8545797475140705,False,0.9511465139536248
2024-11-01,69482.46875,63113.82967501081,1.1009071879773884,82248.47285102258,0.8447873418373887,False,0.9300324569410924
2024-11-02,69289.2734375,63138.512605140015,1.097416942189089,82333.60747474957,0.8415673205956624,False,0.9235502356143566
2024-11-03,68741.1171875,63173.854207419754,1.0881260618008386,82418.81547485919,0.8340464102941227,False,0.9075476357924702
2024-11-04,67811.5078125,63193.77744586368,1.0730725484893224,82504.09690188886,0.8219168545428623,False,0.8819764137506371
2024-11-05,69359.5625,63218.65970084096,1.097137503835396,82589.45180640207,0.8398113921688904,False,0.9213885744967054
2024-11-06,75639.078125,63261.957549347644,1.195648712988332,82674.88023898833,0.9148979461034605,False,1.093896551774271
2024-11-07,75904.859375,63306.56429730811,1.1990045616521885,82760.3822502633,0.9171641951274158,False,1.0996840537418293
2024-11-08,76545.4765625,63344.61022707177,1.2083976251192803,82845.95789086868,0.9239494419671244,False,1.1164983114033573
2024-11-09,76778.8671875,63385.44756102758,1.211301176245182,82931.60721147226,0.9258094684179576,False,1.1214340980735988
2024-11-10,80474.1875,63448.41429362441,1.2683404052871092,83017.330262768,0.9693661220528486,False,1.2294862201161034
2024-11-11,88701.484375,63533.76322538501,1.3961314405433989,83103.12709547587,1.0673663852997044,False,1.4901837690960769
2024-11-12,87955.8125,63620.98364784551,1.3824968973578353,83188.99776034203,1.0573010237891147,False,1.461715384961714
2024-11-13,90584.1640625,63716.82699554214,1.421667844019251,83274.94230813878,1.0877721623308392,False,1.5464507048050429
2024-11-14,87250.4296875,63805.92830089226,1.3674345317264178,83360.96078966453,1.0466581582192813,False,1.4312365084622178
2024-11-15,91066.0078125,63901.39472409022,1.425102037376486,83447.05325574384,1.091302859232261,False,1.5552179280866796
2024-11-16,90558.4765625,64012.84131439644,1.414692344583265,83533.21975722746,1.0841013530388275,False,1.5336698848963888
2024-11-17,89845.8515625,64136.74810154548,1.400848253488783,83619.46034499226,1.074461030863142,False,1.5051568585263897
2024-11-18,90542.640625,64257.692143894215,1.4090552835642634,83705.7750699413,1.081677346029543,False,1.5241431795346976
2024-11-19,92343.7890625,64362.57003458208,1.4347436563344749,83792.16398300388,1.1020575752313868,False,1.5811701149785855
2024-11-20,94339.4921875,64467.37116319589,1.4633680648879626,83878.62713513541,1.1247143093497616,False,1.6458710024249619
2024-11-21,98504.7265625,64581.14804594791,1.5252860864662283,83965.16457731757,1.1731618351297814,False,1.789407424296643
2024-11-22,98997.6640625,64700.8831718271,1.5300821134016118,84051.77636055821,1.177817630383303,False,1.8021576890985627
2024-11-23,97777.28125,64822.82802145307,1.5083772836575515,84138.46253589142,1.162099690237275,False,1.7528847740993831
2024-11-24,98013.8203125,64952.09604552498,1.5090170491773203,84225.22315437751,1.1637110195938476,False,1.7560597688826387
2024-11-25,93102.296875,65060.26734231362,1.4310162051001676,84312.05826710304,1.1042583799822467,False,1.5802116363722536
2024-11-26,91985.3203125,65178.53628748904,1.411282387606432,84398.96792518083,1.0898867909622358,False,1.5381380325698963
2024-11-27,95962.53125,65306.83748577965,1.4694101711921899,84485.9521797499,1.13584008671445,False,1.6690149762660318
2024-11-28,95652.46875,65431.16992659096,1.461879236720284,84573.01108197562,1.1310046494298895,False,1.6533922136356594
2024-11-29,97461.5234375,65552.06870457518,1.4867802857104602,84660.14468304956,1.1512090346924897,False,1.7115948975125628
2024-11-30,96449.0546875,65678.60454831457,1.4685003640196106,84747.3530341896,1.1380774883740568,False,1.6712672059598266
2024-12-01,97279.7890625,65782.52840614847,1.4788089089839178,84834.63618663994,1.1466989597088644,False,1.6957486375400592
2024-12-02,95865.3046875,65888.69108144607,1.4549584020268267,84921.99419167105,1.1288630890029456,False,1.6424488360827931
2024-12-03,96002.1640625,65986.45906618594,1.4548767341221873,85009.4271005797,1.1293119755872973,False,1.6430097188475226
2024-12-04,98768.53125,66091.42927627286,1.4944226858392118,85096.93496468902,1.160659091787313,False,1.7345152772924965
2024-12-05,96593.5703125,66195.01045916289,1.459227359320241,85184.51783534845,1.1339334044151532,False,1.654666647369735
2024-12-06,99920.7109375,66282.50344212675,1.507497540806433,85272.17576393374,1.171785638660365,False,1.7664639686327956
2024-12-07,99923.3359375,66375.99936880337,1.5054136568595882,85359.90880184704,1.1706120278251497,False,1.7622553335720765
2024-12-08,101236.015625,66477.24836653058,1.5228671178870496,85447.7170005168,1.1847714506449332,False,1.8042494843985082
2024-12-09,97432.71875,66575.89104753529,1.463483510576417,85535.60041139787,1.1390896688791676,False,1.6670389474726126
2024-12-10,96675.4296875,66670.19167720193,1.4500547734372038,85623.55908597149,1.1290751134326447,False,1.6372207578021587
2024-12-11,101173.03125,66771.53512689736,1.5152119995103241,85711.59307574522,1.1803891121308545,False,1.7885397467920083
2024-12-12,100043.0,66874.21418652701,1.4959876720339156,85799.70243225305,1.1660063748938219,False,1.7443311623541136
2024-12-13,101459.2578125,66976.20460614316,1.5148552894141452,85887.88720705539,1.181298796743081,False,1.7894967306248215
2024-12-14,101372.96875,67083.53197042242,1.5111453701438382,85976.14745173902,1.1790824752516817,False,1.7817650234943156
2024-12-15,104298.6953125,67200.96395538835,1.5520416549640441,86064.48321791716,1.2118668632264185,False,1.8808678519980153
2024-12-16,106029.71875,67318.49520334386,1.5750458834488812,86152.89455722948,1.2307156862798938,False,1.9384336753711116
2024-12-17,106140.6015625,67440.9676779962,1.5738297538860824,86241.38152134202,1.2307386510991078,False,1.936973108357398
2024-12-18,100041.5390625,67549.70314431658,1.4810063465233332,86329.94416194732,1.158827797627564,False,1.716231322814079
2024-12-19,97490.953125,67652.58183707827,1.4410529572955375,86418.58253076437,1.1281248808992435,False,1.625687695818531
2024-12-20,97755.9296875,67751.22695844925,1.442865820680298,86507.2966795386,1.1300310313664212,False,1.630483151466715
2024-12-21,97224.7265625,67840.51717114227,1.4331365770285882,86596.08666004194,1.1227381087575454,False,1.6090370500843394
2024-12-22,95104.9375,67922.38544816068,1.4002001972175346,86684.95252407275,1.0971331786054677,False,1.5362060930572765
2024-12-23,94686.2421875,68004.87361278785,1.3923449476082093,86773.89432345597,1.0911835054279133,False,1.51930384069597
2024-12-24,98676.09375,68104.14763593867,1.4488999154278888,86862.91211004296,1.1359979921579353,False,1.6459473947638839
2024-12-25,99299.1953125,68205.36919046384,1.4558853135917569,86952.0059357116,1.1420000521427576,False,1.6626211040356613
2024-12-26,95795.515625,68296.64689942537,1.4026386356283327,87041.17585236632,1.100576993439085,False,1.5437118124813307
2024-12-27,94164.859375,68384.59766470458,1.3769893015485477,87130.42191193804,1.0807345736277003,False,1.4881599456989745
2024-12-28,95163.9296875,68486.31168624567,1.3895321173590385,87219.74416638428,1.0910824217273676,False,1.5160940676760564
2024-12-29,93530.2265625,68579.3583841541,1.3638247537776766,87309.142667689,1.0712535217358545,False,1.4610020705148707
2024-12-30,92643.2109375,68677.93018727831,1.3489517037696186,87398.6174678628,1.0600077394996057,False,1.429899246206975
2024-12-31,93429.203125,68782.93418447555,1.358319534238293,87488.16861894281,1.0679067192723342,False,1.4505585575319404
2025-01-01,94419.7578125,68889.9471742126,1.3705883323400763,87577.79617299275,1.078124386984942,False,1.4776647056128587
2025-01-02,96886.875,69001.29546937627,1.4041312462459452,87667.50018210287,1.1051629714403473,False,1.5517938603934067
2025-01-03,98107.4296875,69116.87306203743,1.4194425375615798,87757.28069839008,1.1179406301875052,False,1.586852484956544
2025-01-04,98236.2265625,69240.62709720866,1.4187656969741722,87847.13777399783,1.1182632587897163,False,1.586553551757401
2025-01-05,98314.9609375,69366.04712781818,1.4173354978169472,87937.07146109622,1.1180149543755844,False,1.5846022819267105
2025-01-06,102078.0859375,69501.73238772272,1.468712828164436,88027.08181188193,1.159621378289533,False,1.7031507941075612
2025-01-07,96922.703125,69629.58991708957,1.3919757855878414,88117.16887857828,1.0999298361316554,False,1.5310756977408666
2025-01-08,95043.5234375,69752.03198099147,1.3625914649110276,88207.33271343524,1.0775013880793098,False,1.4681941948266524
2025-01-09,92484.0390625,69874.2422686334,1.3235784183096058,88297.57336872943,1.0474131455038742,False,1.3863334344427067
2025-01-10,94701.453125,70021.76901505445,1.352457306593318,88387.89089676406,1.0714301717597279,False,1.4490635643009777
2025-01-11,94566.59375,70159.4583376097,1.3478808986087425,88478.28534986907,1.0688113289724814,False,1.4406303745386326
2025-01-12,94488.4375,70304.00529973624,1.3439979286692858,88568.75678040105,1.0668371210660246,False,1.433826880940241
2025-01-13,94516.5234375,70443.97119342235,1.3417262234972553,88659.30524074324,1.0660643367422316,False,1.4303664765422606
2025-01-14,96534.046875,70598.618595282,1.3673645291616405,88749.93078330562,1.0877084187333093,False,1.487293909846424
2025-01-15,100504.4921875,70760.32458203743,1.4203509209596412,88840.63346052483,1.1312896843780145,False,1.6068283450784546
2025-01-16,99756.90625,70909.09792872616,1.4068280257953647,88931.41332486423,1.1217285604760436,False,1.5780791762127888
2025-01-17,104462.0390625,71068.78572282137,1.469872293441416,89022.2704288139,1.1734371473487908,False,1.7248027509829198
2025-01-18,104408.0703125,71234.42415999979,1.4656968389045837,89113.20482489065,1.1716341087458821,False,1.7172604095416286
2025-01-19,101089.609375,71405.49128262182,1.4157119789973702,89204.216565638,1.1332380157233546,False,1.6043386339147632
2025-01-20,102016.6640625,71603.57493180658,1.4247426076094396,89295.3057036262,1.1424639095933706,False,1.627717009653734
2025-01-21,106146.265625,71815.11122613335,1.4780491711662715,89386.47229145232,1.187498095672698,False,1.755180576070557
2025-01-22,103653.0703125,72009.14136217993,1.4394432200095617,89477.71638174012,1.1584232868693627,False,1.6674845461852956
2025-01-23,103960.171875,72224.62019324409,1.4394007416978354,89569.03802714018,1.1606708541795345,False,1.670670488373082
2025-01-24,104819.484375,72436.36988243581,1.4470560099176968,89660.43728032982,1.1690717506459882,False,1.6917123027972802
2025-01-25,104714.6484375,72638.65188418978,1.4415830376980296,89751.91419401318,1.166712146229466,False,1.6819124398806615
2025-01-26,102682.5,72839.1654958672,1.4097154916722112,89843.46882092119,1.1429044464508598,False,1.61117010366283
2025-01-27,102087.6875,73042.47847096685,1.3976481855086302,89935.10121381156,1.1351261756774689,False,1.5865070397589651
2025-01-28,101332.4765625,73240.49137515818,1.3835581201039033,90026.81142546886,1.1255810903220853,False,1.5573068573505262
2025-01-29,103703.2109375,73435.18719000285,1.412173304184315,90118.59950870443,1.150741484031645,False,1.6250464037669303
2025-01-30,104735.3046875,73621.78449415337,1.4226129590191812,90210.46551635649,1.1610105777417803,False,1.6516686934538032
2025-01-31,102405.0234375,73775.23052852029,1.3880678203765409,90302.4095012901,1.1340231562263796,False,1.5741010507196762
2025-02-01,100655.90625,73923.21180198147,1.3616278810994786,90394.43151639713,1.113518881212738,False,1.5161983547899625
2025-02-02,97688.9765625,74069.94069717199,1.3188747775820724,90486.53161459634,1.0795968728095424,False,1.4238530855049862
2025-02-03,101405.421875,74228.55905612856,1.3661240789858444,90578.70984883339,1.1195282207511599,False,1.5294144594723393
2025-02-04,97871.8203125,74360.27946353421,1.3161841378029744,90670.96627208075,1.0794174181271134,False,1.4207120838071474
2025-02-05,96615.4453125,74485.9740217223,1.297095816781883,90763.30093733784,1.0644769892095751,False,1.3807286497643134
2025-02-06,96593.296875,74606.00337542813,1.2947121210732686,90855.71389763092,1.0631504913805832,False,1.3764738277154427
2025-02-07,96529.0859375,74729.67864454351,1.291710170421671,90948.20520601323,1.0613632860466584,False,1.3709737510986337
2025-02-08,96482.453125,74864.04778100172,1.2887688548078267,91040.77491556485,1.0597718792978421,False,1.3658009912402183
2025-02-09,96500.09375,75002.57968190865,1.286623662269536,91133.42307939283,1.058888062022337,False,1.3623904362926709
2025-02-10,97437.5546875,75141.78029981934,1.296716078574655,91226.14975063111,1.0680879874229912,False,1.3850068666238364
2025-02-11,95747.4296875,75262.82754917872,1.2721742300332273,91318.95498244067,1.0484945836919712,False,1.3338677897023428
2025-02-12,97885.859375,75391.35825936851,1.2983697553006508,91411.83882800929,1.0708225611692543,False,1.3903236267157408
2025-02-13,96623.8671875,75513.79794328267,1.2795524767549475,91504.80134055186,1.0559431392883594,False,1.3511346591888147
2025-02-14,97508.96875,75648.33090495635,1.2889771338446196,91597.84257331015,1.064533465097269,False,1.3721592947227594
2025-02-15,97580.3515625,75787.57734375175,1.2875507435724218,91690.96257955291,1.0642308556618907,False,1.370251229540182
2025-02-16,96175.03125,75933.67968058905,1.2665661884759847,91784.16141257592,1.047839079965952,False,1.3271575496486585
2025-02-17,95773.3828125,76074.0259969117,1.2589498394154663,91877.43912570193,1.042403703497524,False,1.3123339751242953
2025-02-18,95539.546875,76242.68616897555,1.2530978599476035,91970.79577228073,1.0388030904022563,False,1.3017219294900242
2025-02-19,96635.609375,76421.32045525727,1.2645111180927275,92064.23140568905,1.049654224007658,False,1.327299436410678
2025-02-20,98333.9375,76627.36981417373,1.2832743409889455,92157.74607933073,1.0670176049591396,False,1.3692763138275428
2025-02-21,96125.546875,76866.45933732227,1.2505525518374765,92251.33984663656,1.0419962141992096,False,1.3030710246718114
2025-02-22,96577.7578125,77088.42483146026,1.2528178909304426,92345.01276106447,1.0458362062539037,False,1.310242310177711
2025-02-23,96273.921875,77320.4591125311,1.2451286888362147,92438.76487609935,1.0414886222683861,False,1.2967873626828714
2025-02-24,91418.171875,77478.19438043365,1.179921300516094,92532.59624525321,0.9879564130320143,False,1.1657108157179497
2025-02-25,88736.171875,77633.2690612395,1.1430173294003914,92626.50692206509,0.9579997651175772,False,1.0950103330908953
2025-02-26,84347.0234375,77770.69178104015,1.0845605395278624,92720.49696010114,0.909691235518244,False,0.9866152171974345
2025-02-27,84704.2265625,77929.00464051857,1.0869409528998233,92814.56641295456,0.9126178124415333,False,0.9919616746885523
2025-02-28,84373.0078125,78080.99579448573,1.0805831425943293,92908.71533424569,0.9081280212406567,False,0.9813078310701987
2025-03-01,86031.9140625,78229.89864315909,1.0997318871002164,93002.94377762197,0.9250450638230301,False,1.017301553690841
2025-03-02,94248.3515625,78426.679564076,1.2017383891089948,93097.2517967579,1.012364487066225,False,1.216597267878119
2025-03-03,86065.671875,78604.04010697313,1.094926822563729,93191.63944535519,0.9235342610907318,False,1.0112024340248162
2025-03-04,87222.1953125,78774.77429302662,1.1072351028014455,93286.10677714262,0.9349966283925955,False,1.0352610879572803
2025-03-05,90623.5625,78954.45930881167,1.1477953657506208,93380.6538458761,0.9704747050665692,False,1.1139063690536086
2025-03-06,89961.7265625,79141.38093313269,1.136721718799796,93475.28070533878,0.9624119433894558,False,1.093994558483114
2025-03-07,86742.671875,79307.08673250231,1.0937568816211525,93569.98740934089,0.9270351987494301,False,1.013951128137222
2025-03-08,86154.59375,79475.32638837246,1.0840420249296987,93664.77401171983,0.9198185193850987,False,0.9971219303220598
2025-03-09,80601.0390625,79599.94390354208,1.0125765812118037,93759.64056634023,0.8596560159109209,False,0.8704675496092402
2025-03-10,78532.0,79721.38978160486,0.9850806692549745,93854.58712709385,0.8367412015105382,True,0.8242575827772125
2025-03-11,82862.2109375,79833.84257483891,1.037933390965394,93949.61374789971,0.8819856477520901,False,0.9154423541541364
2025-03-12,83722.359375,79949.91795109937,1.0471850568528165,94044.72048270398,0.8902398661538646,False,0.9322458848509785
2025-03-13,81066.703125,80052.59217130806,1.0126680589120938,94139.90738548008,0.8611300496935005,False,0.872038895893992
2025-03-14,83969.1015625,80180.77313358297,1.0472473422350965,94235.17451022864,0.8910590127191379,False,0.9331591828447462
2025-03-15,84343.109375,80340.18109578603,1.0498247355758565,94330.5219109775,0.8941232134239337,False,0.9386726661050164
2025-03-16,82579.6875,80496.41660918664,1.0258802935406148,94425.94964178182,0.8745444214570012,False,0.8971778877986155
2025-03-17,84075.6875,80656.92399320261,1.0423864850968716,94521.45775672392,0.889487842182789,False,0.9271901053493182
2025-03-18,82718.5,80814.19915266265,1.0235639388536166,94617.04630991342,0.8742452150647324,False,0.8948458758555847
2025-03-19,86854.2265625,80992.37163950445,1.0723753954148492,94712.71535548723,0.9170281544194799,False,0.9833984297021392
2025-03-20,84167.1953125,81175.24786850857,1.0368578787568092,94808.46494760951,0.8877603424864036,False,0.9204813055548708
2025-03-21,84043.2421875,81340.92260482308,1.0332221407889057,94904.29514047172,0.8855578355342524,False,0.91497796262309
2025-03-22,83832.484375,81522.73643440794,1.028332561462169,95000.20598829261,0.8824452905431713,False,0.9074472259744873
2025-03-23,86054.375,81710.22653647857,1.0531652970216896,95096.19754531825,0.9049191999395206,False,0.953029497984935
2025-03-24,87498.9140625,81923.6781786847,1.0680540230585727,95192.26986582203,0.9191808766177529,False,0.9817348331900966
2025-03-25,87471.703125,82162.76062381454,1.0646149479506009,95288.42300410462,0.9179677904967751,False,0.9772822315000523
2025-03-26,86900.8828125,82398.47387664707,1.0546418971617504,95384.65701449408,0.9110572447652149,False,0.9608391410421434
2025-03-27,87177.1015625,82628.71768598571,1.05504604214965,95480.9719513458,0.9130311493574113,False,0.9632899004888826
2025-03-28,84353.1484375,82823.17530782476,1.0184727659135124,95577.36786904247,0.8825640454242097,False,0.8988674444390137
2025-03-29,82597.5859375,83003.27423148087,0.9951123820386955,95673.84482199422,0.8633246222222675,True,0.8591050212922574
2025-03-30,82334.5234375,83186.01759675828,0.9897639749580769,95770.40286463851,0.8597073936701641,True,0.8509074072598298
2025-03-31,82548.9140625,83362.49176947321,0.9902404823835755,95867.04205144018,0.8610770948602549,True,0.8526733977838666
2025-04-01,85169.171875,83528.49768291415,1.0196420890785571,95963.76243689145,0.8875138876616026,False,0.9049465145015083
2025-04-02,82485.7109375,83687.24434634991,0.9856425741075042,96060.56407551197,0.8586844323822526,True,0.8463559342792846
2025-04-03,83102.828125,83857.90079993194,0.9909958075777094,96157.44702184875,0.8642370476632715,True,0.8564552909876391
2025-04-04,83843.8046875,84043.16335846315,0.9976279013902316,96254.41133047629,0.871064541651331,True,0.8689982906630613
2025-04-05,83504.796875,84206.14695073871,0.9916710347030959,96351.45705599642,0.8666687502864606,True,0.8594502963414135
2025-04-06,78214.484375,84328.11736904566,0.9275018441679359,96448.58425303848,0.8109448674725981,True,0.7521528600993571
2025-04-07,79235.3359375,84444.45383907562,0.9383130843441471,96545.79297625924,0.8207021092776574,True,0.7700755274840659
2025-04-08,76271.953125,84541.31512188535,0.9021855528866188,96643.08328034288,0.7892127458697673,True,0.7120163374776827
2025-04-09,82573.953125,84672.44832220254,0.9752163160652072,96740.45522000108,0.8535617590098733,True,0.8324073541557468
2025-04-10,79626.140625,84785.60909443526,0.9391468844236457,96837.908849973,0.8222620828002546,True,0.7722248732415569
2025-04-11,83404.8359375,84922.43601490789,0.9821295743666435,96935.44422502525,0.8604162966838488,True,0.845040291240232
2025-04-12,85287.109375,85060.64151291437,1.0026624283341579,97033.06139995196,0.8789489700161334,False,0.8812891086581832
2025-04-13,83684.9765625,85201.50920996396,0.9822006363323127,97130.76042957472,0.8615702810560856,True,0.8462348782982967
2025-04-14,84542.390625,85329.22822043397,0.9907788033263197,97228.54136874266,0.8695223587112143,True,0.8615043220293759
2025-04-15,83668.9921875,85447.63210476775,0.97918444463052,97326.40427233244,0.8596741327603438,True,0.8417795382501612
2025-04-16,84033.8671875,85567.44577973046,0.9820775462180064,97424.3491952482,0.8625550787009896,True,0.8470959751685472
2025-04-17,84895.75,85694.17382549422,0.9906828692097539,97522.37619242164,0.8705258558558088,True,0.8624150526005093
2025-04-18,84450.8046875,85839.42477813702,0.983823049907125,97620.48531881202,0.8650930633227025,True,0.8510984960116388
2025-04-19,85063.4140625,86012.24534631196,0.988968648824459,97718.67662940611,0.870492898559191,True,0.8608901856993699
2025-04-20,85174.3046875,86188.38793781519,0.9882341081602912,97816.9501792183,0.8707519967801625,True,0.8605068229668367
2025-04-21,87518.90625,86375.70314667444,1.0132352393286372,97915.30602329051,0.8938225268803471,False,0.9056524819409358
2025-04-22,93441.890625,86577.97662837034,1.0792801387134805,98013.74421669226,0.9533549745678052,False,1.0289370891947274
2025-04-23,93699.109375,86782.08636044392,1.0797056547572117,98112.26481452063,0.9550193296642003,False,1.031139770640879
2025-04-24,93943.796875,86981.14158045196,1.080047872079352,98210.86787190038,0.9565519469549332,False,1.0331218948420369
2025-04-25,94720.5,87190.0901171432,1.0863677267994494,98309.55344398378,0.9634923227880513,False,1.0467069644959766
2025-04-26,94646.9296875,87400.76558108524,1.0829073299099674,98408.32158595076,0.9617777049965686,False,1.0415161264847703
2025-04-27,93754.84375,87624.40773228809,1.0699626528311807,98507.1723530089,0.9517565219923427,False,1.018343933120305
2025-04-28,94978.75,87857.75234873993,1.0810514435082996,98606.10580039337,0.9632136796099,False,1.0412835387492232
2025-04-29,94284.7890625,88066.9670316649,1.0706033401672554,98705.12198336706,0.9552167827560971,False,1.022658278202497
2025-04-30,94207.3125,88269.45609707676,1.0672696611656123,98804.22095722043,0.953474574135747,False,1.0176144856678853
2025-05-01,96492.3359375,88486.084912203,1.090480339742016,98903.40277727164,0.9756220031660456,False,1.0638966134722956
2025-05-02,96910.0703125,88675.26816345088,1.0928646997026308,99002.6674988665,0.9788632242016059,False,1.069765063567037
2025-05-03,95891.796875,88852.06461995398,1.079229810642634,99102.01517737858,0.9676069321432794,False,1.0442702461534914
2025-05-04,94315.9765625,89017.66613864395,1.0595197633647684,99201.44586820906,0.9507520352858617,False,1.0073405714446482
2025-05-05,94748.0546875,89187.66691901692,1.0623448057401474,99300.95962678685,0.9541504436976389,False,1.0136367677568436
2025-05-06,96802.4765625,89358.43918730522,1.0833053648082556,99400.55650856857,0.973862521123364,False,1.0549904937186334
2025-05-07,97032.3203125,89531.32771757347,1.0837806473571845,99500.23656903853,0.9751968805136844,False,1.0568995064638278
2025-05-08,103241.4609375,89724.37879147021,1.150651164467185,99599.99986370884,1.036560854204559,False,1.1927199539315758
2025-05-09,102970.8515625,89931.44614558728,1.1449927247450644,99699.8464481193,1.0328085271032272,False,1.1825582495878608
2025-05-10,104696.328125,90146.03188018774,1.1614080613570537,99799.77637783744,1.0490637546984518,False,1.2183911015842805
2025-05-11,104106.359375,90367.9121207493,1.1520279370391278,99899.78970845854,1.04210789310786,False,1.2005374062692398
2025-05-12,102812.953125,90570.2665878081,1.135173352121279,99999.88649560575,1.0281306982235212,False,1.1671065711211857
2025-05-13,104169.8125,90792.52674041643,1.1473390623639141,100100.06679492985,1.0406567731209175,False,1.19398616631521
2025-05-14,103539.4140625,91010.00727212848,1.1376706492606623,100200.3306621095,1.0333240756624884,False,1.175582472055617
2025-05-15,103744.640625,91220.96729332037,1.1372894160550813,100300.67815285112,1.03433638272017,False,1.176339820708347
2025-05-16,103489.2890625,91414.50228369315,1.1320883063098053,100401.10932288891,1.0307584224959063,False,1.1669095567379573
2025-05-17,103191.0859375,91584.47879297285,1.1267311590074551,100501.62422798495,1.0267603805428465,False,1.1568829135919771
2025-05-18,106446.0078125,91770.61341358493,1.1599138749653672,100602.22292392908,1.058088029456265,False,1.227290986301086
2025-05-19,105606.1796875,91972.03303330521,1.148242310238565,100702.90546653897,1.0486904940651416,False,1.2041507956305804
2025-05-20,106791.0859375,92185.18327204905,1.1584408919852907,100803.67191166015,1.0593967849810764,False,1.2272485565598272
2025-05-21,109678.078125,92411.56042444437,1.1868436981396144,100904.52231516602,1.086949084228659,False,1.290038670815409
2025-05-22,111673.28125,92650.98198204234,1.2053113616393678,101005.4567329578,1.105616318782125,False,1.3326119106419885
2025-05-23,107287.796875,92884.4598306067,1.1550672423639072,101106.47522096457,1.0611367535118437,False,1.2256843036499143
2025-05-24,107791.15625,93106.73609326451,1.1577159803134565,101207.57783514333,1.0650502517270064,False,1.2330256962612247
2025-05-25,109035.390625,93282.58370674845,1.168871897542777,101308.7646314789,1.0762680901462722,False,1.2580195247940138
2025-05-26,109440.3671875,93458.55726221071,1.1710042439500765,101410.0356659841,1.0791867537446247,False,1.2637322686496617
2025-05-27,108994.640625,93628.72492108695,1.1641154006621781,101511.39099469954,1.0737183241897572,False,1.2499320371624816
2025-05-28,107802.328125,93793.30275710586,1.14936061484233,101612.83067369381,1.0609125580920222,False,1.219371110062596
2025-05-29,105641.7578125,93923.69930494059,1.1247614669596284,101714.35475906338,1.0386120824611205,False,1.1681908494709645
2025-05-30,103998.5703125,93996.89898281966,1.1064042690547524,101815.96330693271,1.0214367858897297,False,1.130122020477962
2025-05-31,104638.09375,94077.04247475111,1.1122596012527,101917.65637345416,1.0266925032751677,False,1.1419485943019743
2025-06-01,105652.1015625,94146.76650103903,1.1222063750998181,102019.43401480801,1.0356076034215669,False,1.1621654546615265
2025-06-02,105881.53125,94236.2296251937,1.1235756319106063,102121.29628720254,1.0368212615733188,False,1.1649471041505937
2025-06-03,105432.46875,94302.71578181576,1.1180215529946633,102223.24324687404,1.0313942837381467,False,1.1531210388547413
2025-06-04,104731.984375,94369.21146275756,1.10981095159762,102325.27495008669,1.0235201852727713,False,1.1359139107969467
2025-06-05,101575.953125,94426.47879632821,1.075714719216553,102427.3914531327,0.9916873961539644,False,1.0667727289043565
2025-06-06,104390.34375,94491.84035001938,1.1047551128575155,102529.59281233228,1.0181484280452922,False,1.1248046815308788
2025-06-07,105615.625,94552.6304794152,1.117003561556051,102631.87908403364,1.0290723110849729,False,1.149477436580631
2025-06-08,105793.6484375,94603.95949174797,1.1182792877366625,102734.250324613,1.0297797287975539,False,1.151581341645382
2025-06-09,110294.1015625,94652.54346526481,1.1652523801748156,102836.70659047461,1.0725168591962293,False,1.2497528229560237
2025-06-10,110257.234375,94698.77479963443,1.1642942013588293,102939.24793805074,1.0710903429307475,False,1.2470642754057093
2025-06-11,108686.625,94744.82742990894,1.1471510155043032,103041.87442380174,1.0547811325032959,False,1.209993247285935
2025-06-12,105929.0546875,94779.05682792314,1.1176420005932357,103144.58610421595,1.0269957802775092,False,1.1478136184701664
2025-06-13,106090.96875,94838.15736526033,1.1186527838304632,103247.38303580982,1.027541479799095,False,1.1494621368785312
2025-06-14,105472.40625,94900.71543556888,1.11139737741607,103350.26527512787,1.020533483578613,False,1.1342182372145564
2025-06-15,105552.0234375,94943.3666567059,1.1117366821333885,103453.23287874264,1.0202873366095515,False,1.1342908584250144
2025-06-16,106796.7578125,94992.56181344224,1.1242644242213433,103556.28590325484,1.0312918900188492,False,1.1594447829361825
2025-06-17,104601.1171875,95024.1698610476,1.1007843303493903,103659.42440529325,1.009084487856356,False,1.1107843922309164
2025-06-18,104883.328125,95061.82753485642,1.103316976380896,103762.64844151471,1.0108004151813546,False,1.1152332578024464
2025-06-19,104684.2890625,95094.69180925682,1.1008426135128364,103865.95806860426,1.007878721855675,False,1.1095158462715784
2025-06-20,103309.6015625,95128.6902764752,1.0859983592988445,103969.35334327498,0.9936543629486981,False,1.0791070078724248
2025-06-21,102257.40625,95157.53012775275,1.0746118159300204,104072.83432226816,0.9825561772763239,False,1.0558664779161695
2025-06-22,100987.140625,95167.60172761114,1.0611504208548364,104176.40106235316,0.9693859606894628,False,1.0286643201563934
2025-06-23,105577.7734375,95207.5124135612,1.1089227179772598,104280.05362032758,1.0124445641531532,False,1.1227227778820168
2025-06-24,106045.6328125,95233.717416315,1.1135303303232469,104383.79205301711,1.015920486569781,False,1.131258274992202
2025-06-25,107361.2578125,95265.16823661851,1.126972846422077,104487.61641727565,1.027502219820465,False,1.1579671013760722
2025-06-26,106960.0,95289.16151813624,1.122478131782516,104591.52676998524,1.0226449818944074,False,1.1478966287535994
2025-06-27,107088.4296875,95331.19403799399,1.1233304142274794,104695.52316805618,1.022855862858651,False,1.1490051001200143
2025-06-28,107327.703125,95377.86717623219,1.125289402065238,104799.6056684269,1.024123158102061,False,1.1524349362218314
2025-06-29,108385.5703125,95407.7935028788,1.136024284108715,104903.77432806412,1.0331903785801577,False,1.1737293601745358
2025-06-30,107135.3359375,95437.91972520933,1.1225657081165492,105008.02920396265,1.0202585149884622,False,1.145307222339962
2025-07-01,105698.28125,95455.9250131334,1.1072993241169409,105112.37035314566,1.0055741383710202,False,1.1134715637677057
2025-07-02,108859.3203125,95486.84212092329,1.1400452449212006,105216.7978326645,1.0346192105715717,False,1.1795127113162467
2025-07-03,109647.9765625,95508.17109660046,1.148048123040677,105321.31169959877,1.0410806207507357,False,1.1952106525869048
2025-07-04,108034.3359375,95516.15342132351,1.1310582772419504,105425.9120110563,1.0247417724607415,False,1.159042663777309
2025-07-05,108231.1796875,95524.4556342051,1.133020638211781,105530.59882417324,1.0255905007023247,False,1.1620152036496878
2025-07-06,109232.0703125,95562.84259438014,1.1430391493913525,105635.37219611397,1.0340482363209618,False,1.1819576164739405
2025-07-07,108299.8515625,95609.6107100786,1.1327297617694794,105740.23218407118,1.024206674465903,False,1.1601493823704732
2025-07-08,108950.2734375,95657.6745624634,1.1389600879995956,105845.17884526584,1.0293361929764744,False,1.172372840933654
2025-07-09,111326.5546875,95717.3204181453,1.1630763815907619,105950.21223694719,1.0507440460669315,False,1.2220955830775635
2025-07-10,115987.203125,95804.11831256436,1.2106703257430709,106055.33241639288,1.093648008848935,False,1.3240471911214011
2025-07-11,117516.9921875,95898.37193429266,1.2254326097216741,106160.53944090875,1.106974331577436,False,1.3565224440398433
2025-07-12,117435.2265625,95972.86779291397,1.223629440936334,106265.83336782908,1.1051080374630775,False,1.3522427300551947
2025-07-13,119116.1171875,96050.0889291713,1.2401458292801575,106371.21425451644,1.119815337469859,False,1.3887343203271976
2025-07-14,119849.703125,96146.83009035858,1.2465278679740717,106476.68215836173,1.1255957707880935,False,1.403086496361114
2025-07-15,117777.1875,96245.3385316896,1.2237183566165217,106582.23713678426,1.105035798308948,False,1.3522525911090522
2025-07-16,118738.5078125,96342.06506773792,1.2324679539411492,106687.87924723166,1.1129521802316737,False,1.371677896404472
2025-07-17,119289.84375,96449.3328080095,1.236813571198636,106793.60854717996,1.1170129502394273,False,1.3815367760607504
2025-07-18,118003.2265625,96557.35092688932,1.2221050539367937,106899.42509413359,1.1038714797445226,False,1.3490469142924681
2025-07-19,117939.9765625,96661.15649924392,1.2201382730551389,107005.32894562536,1.1021878790955455,False,1.344821615381945
2025-07-20,117300.7890625,96757.76594757607,1.2123139462113486,107111.32015921644,1.0951297107358713,False,1.3276410212354968
2025-07-21,117439.5390625,96842.3931895333,1.2126872869886165,107217.39879249649,1.09534031216134,False,1.3283052714841999
2025-07-22,119995.4140625,96929.65644575159,1.2379638849711343,107323.56490308355,1.1180714521629944,False,1.3841320785950184
2025-07-23,118754.9609375,97012.35174949392,1.2241220710136997,107429.8185486241,1.105418984615989,False,1.3531677767859855
2025-07-24,118368.0,97093.50641679637,1.2191134543218363,107536.15978679307,1.1007274226147066,False,1.3419116104505866
2025-07-25,117635.8828125,97154.61460197002,1.210811069494116,107642.58867529385,1.092837735139863,False,1.3232200268682253
2025-07-26,117947.3671875,97241.4907070483,1.2129325283878118,107749.10527185825,1.0946482283069623,False,1.3277344432556024
2025-07-27,119448.4921875,97343.2332141647,1.227085727928325,107855.7096342466,1.1074841804162812,False,1.3589780316952167
2025-07-28,117924.4765625,97453.8774323932,1.2100542294410799,107962.40182024766,1.092273556111124,False,1.3217102362789144
2025-07-29,117922.1484375,97552.71719463811,1.2088043452671913,108069.1818876787,1.0911727689403807,False,1.3190143845323652
2025-07-30,117831.1875,97652.16351471141,1.206641852663598,108176.04989438549,1.0892539301910267,False,1.314339380346806
2025-07-31,115758.203125,97744.97004839292,1.1842880822173134,108283.00589824235,1.0690338910039343,False,1.2660440966023618
2025-08-01,113320.0859375,97828.90776117209,1.158349699805974,108390.04995715205,1.045484211717744,False,1.2110363227951342
2025-08-02,112526.9140625,97899.41061472021,1.1494136007145725,108497.1821290459,1.0371413510874519,False,1.1921043748034048
2025-08-03,114217.671875,97956.69068944467,1.1660017408826933,108604.40247188376,1.051685468317635,False,1.226267086919393
2025-08-04,115071.8828125,98020.74173730689,1.1739544179423753,108711.71104365405,1.058504936660338,False,1.242636546806218
2025-08-05,114141.4453125,98059.75620173673,1.1639988689924812,108819.10790237368,1.048909952605945,False,1.220929998508277
2025-08-06,115028.0,98102.2890001558,1.1725312545950617,108926.59310608823,1.0560139330527794,False,1.2382093417922408
2025-08-07,117496.8984375,98168.80506657355,1.1968863057650445,109034.16671287175,1.0776154115701533,False,1.2897831289896788
2025-08-08,116688.7265625,98228.23031128311,1.1879347331486678,109141.8287808269,1.0691476207241168,False,1.2700775935214368
2025-08-09,116500.359375,98268.64147756403,1.1855293573138335,109249.57936808497,1.0663689512477261,False,1.2642116974321433
2025-08-10,119306.7578125,98329.79754436528,1.2133326905170343,109357.41853280581,1.090980012267842,False,1.3237217135852477
2025-08-11,118731.4453125,98387.68454981109,1.2067714150991062,109465.3463331779,1.0846486974162493,False,1.3089230434664094
2025-08-12,120172.90625,98446.71397702493,1.220689867597261,109573.36282741836,1.096734672999644,False,1.3387729027732607
2025-08-13,123344.0625,98516.6586123985,1.2520122407448047,109681.46807377286,1.1245661155541566,False,1.4079705422006406
2025-08-14,118359.578125,98579.29557193967,1.20065351895952,109789.66213051578,1.0780575860074737,False,1.2943736342808787
2025-08-15,117398.3515625,98641.40730352297,1.1901528452575831,109897.94505595016,1.0682488330671815,False,1.271379388117999
2025-08-16,117491.3515625,98707.48211041083,1.1902983345383906,110006.3169084076,1.0680418621807375,False,1.271288449771013
2025-08-17,117453.0625,98762.50629832676,1.1892474877583163,110114.77774624848,1.066642142898041,False,1.2685014887786423
2025-08-18,116252.3125,98808.65952561438,1.1765397188680984,110223.32762786179,1.054697902902128,False,1.2408939741712426
2025-08-19,112831.1796875,98852.72794861784,1.1414068385259732,110331.96661166521,1.022651758620702,False,1.1672617107202823
2025-08-20,114274.7421875,98910.61108064618,1.1553334969726026,110440.69475610515,1.0347158938094503,False,1.1954419319680043
2025-08-21,112419.03125,98976.26534097883,1.1358180758054477,110549.51211965668,1.0169111477246484,False,1.1550260630737195
2025-08-22,116874.0859375,99040.23678311105,1.1800667055496186,110658.41876082361,1.056169853557287,False,1.2463508795881708
2025-08-23,115374.328125,99116.31498699966,1.164029636696368,110767.41473813845,1.041590872168973,False,1.2124426445171028
2025-08-24,113458.4296875,99191.84626668706,1.1438281870715041,110876.50011016248,1.0232865356930658,False,1.1704639829764796
2025-08-25,110124.3515625,99254.46399706656,1.1095153520324759,110985.67493548566,0.9922393284224623,False,1.1009047677751158
2025-08-26,111802.65625,99324.22383865023,1.1256333241689427,111094.93927272676,1.006370379982259,False,1.1328040361645921
2025-08-27,111222.0625,99392.02285710734,1.1190240353584544,111204.29318053326,1.0001597898692445,False,1.1192028440627457
2025-08-28,112544.8046875,99465.04771817457,1.1315010374939523,111313.73671758149,1.0110594433914468,False,1.14401480916548
2025-08-29,108410.8359375,99516.46070829318,1.0893759199825082,111423.26994257646,0.9729640495506104,False,1.059923606589103
2025-08-30,108808.0703125,99578.5772244708,1.09268552880831,111532.892914252,0.9755693362688361,False,1.0659904960900852
2025-08-31,108236.7109375,99627.03848180466,1.0864190342992859,111642.60569137079,0.9694928765521097,False,1.0532755147037798
2025-09-01,109250.59375,99686.43566465878,1.0959424220714908,111752.40833272426,0.9776128799365512,False,1.0714074274859495
2025-09-02,111200.5859375,99749.21528267994,1.1148016114449417,111862.30089713266,0.9940845579402021,False,1.1082070671042699
2025-09-03,111723.2109375,99813.79579701762,1.1193163234138646,111972.28344344508,0.9977755878661626,False,1.1168265026024604
2025-09-04,110723.6015625,99881.89862436886,1.1085452227825996,112082.35603053943,0.9878771778524248,False,1.095106526204262
2025-09-05,110650.984375,99951.97651071897,1.1070414836982603,112192.51871732251,0.9862599185761528,False,1.0918306435726697
2025-09-06,110224.6953125,100021.68277432346,1.102008007215769,112302.77156272993,0.9814957705734879,False,1.081616198220395
2025-09-07,111167.6171875,100089.39426240162,1.1106832847449841,112413.11462572614,0.9889203546901715,False,1.0983773078984544
2025-09-08,112071.4296875,100151.87213797381,1.1190148251358223,112523.54796530453,0.995982011890134,False,1.1145186368736628
2025-09-09,111530.546875,100223.98783452655,1.1128129032257328,112634.07164048735,0.9902025670437481,False,1.1019101934135267
2025-09-10,113955.359375,100303.35394559408,1.13610716783021,112744.68571032566,1.010738188297273,False,1.1483069005242523
2025-09-11,115507.5390625,100390.43421523167,1.1505831204480905,112855.39023389955,1.0235004178631053,False,1.1776223045648562
2025-09-12,116101.578125,100507.76078410934,1.1551503806197232,112966.18527031796,1.0277551450213116,False,1.187211746955247
2025-09-13,115950.5078125,100641.53464134068,1.1521138685505579,113077.0708787187,1.0254113138185479,False,1.1813905956189974
2025-09-14,115407.65625,100803.39045806606,1.144878716138117,113188.04711826859,1.0196099251488293,False,1.1673297020660733
2025-09-15,115444.875,100963.36181623794,1.143433349714718,113299.11404816335,1.0189389031844016,False,1.1650887232227811
2025-09-16,116843.1875,101131.51228148083,1.1553588477426169,113410.27172762767,1.030269884024412,False,1.1903314260703641
2025-09-17,116468.5078125,101287.08682565026,1.1498850590202299,113521.52021591514,1.0259597263230775,False,1.1797357604553909
2025-09-18,117137.203125,101393.54764222188,1.1552727550113082,113632.85957230837,1.0308391742131746,False,1.1909004127668361
2025-09-19,115688.859375,101546.711561862,1.139267412953325,113744.28985611895,1.0170959748514923,False,1.1587442999942996
2025-09-20,115721.9609375,101692.50006725662,1.1379596416743092,113855.81112668742,1.0163904660846526,False,1.1566113305868753
2025-09-21,115306.09375,101814.78306423865,1.1325083674464953,113967.42344338332,1.0117460785386774,False,1.145810899676231
2025-09-22,112748.5078125,101931.35742718201,1.1061219104537636,114079.12686560524,0.9883359989713735,False,1.0932201033524447
2025-09-23,112014.5,102066.65540796923,1.0974641968257741,114190.92145278073,0.9809405036311866,False,1.0765470819514704
2025-09-24,113328.6328125,102211.83018234663,1.1087623869988523,114302.80726436636,0.991477248239291,False,1.09931268041285
2025-09-25,109049.2890625,102381.1794700457,1.065130228299482,114414.78435984778,0.9531048777711045,False,1.0151808160536864
2025-09-26,109712.828125,102571.19939572248,1.0696260623971543,114526.85279873967,0.9579659743012457,False,1.024665373002295
2025-09-27,109681.9453125,102726.66755222091,1.0677066425496904,114639.0126405857,0.9567593333726014,False,1.0215382955633403
2025-09-28,112122.640625,102886.5495889208,1.0897696644797754,114751.2639449587,0.977092859550379,False,1.0648061577178007
2025-09-29,114400.3828125,103077.14140228971,1.1098521093635874,114863.60677146046,0.9959671825395304,False,1.105376278398407
2025-09-30,114056.0859375,103244.30401925824,1.104720371946379,114976.04117972194,0.9919987222313218,False,1.0958811973937184
2025-10-01,118648.9296875,103427.33551043338,1.1471718680747713,115088.56722940317,1.0309358483106323,False,1.1826606029717572
2025-10-02,120681.2578125,103632.22986657203,1.1645147264309457,115201.18498019323,1.0475695873549302,False,1.2199102114360052
2025-10-03,122266.53125,103832.11374945776,1.1775406166248688,115313.89449181035,1.0602931397714908,False,1.2485382376096394
2025-10-04,122425.4296875,104043.906147452,1.1766708327347641,115426.6958240019,1.0606335805901392,False,1.2480165984994538
2025-10-05,123513.4765625,104229.19714430523,1.1850180174706297,115539.5890365443,1.069014331732075,False,1.2668012440368337
2025-10-06,124752.53125,104439.57567557748,1.1944948114067508,115652.57418924318,1.0786835669205814,False,1.2884819238363612
2025-10-07,121451.3828125,104639.83512127599,1.1606610682417426,115765.65134193326,1.0491141491855211,False,1.2176659491011939
2025-10-08,123354.8671875,104849.49139990905,1.1764946643089487,115878.82055447849,1.064516074613538,False,1.2523974818539343
2025-10-09,121705.5859375,105036.9343841223,1.1586932411071718,115992.08188677189,1.0492577075761556,False,1.2157678139480967
2025-10-10,113214.3671875,105180.33022236585,1.0763834544743212,116105.4353987357,0.975099630768301,False,1.049581109023019
2025-10-11,110807.8828125,105313.67647920395,1.0521699224352972,116218.88115032135,0.9534413144898325,False,1.0031822739133749
2025-10-12,115169.765625,105470.54360417732,1.0919614300768479,116332.41920150947,0.990005764648498,False,1.0810481105498972
2025-10-13,115271.078125,105626.27047948664,1.0913106900559029,116446.04961230986,0.9899097350985993,False,1.0802990761035083
2025-10-14,113118.6640625,105794.70941914132,1.0692279858186704,116559.77244276156,0.9704777359448657,False,1.0376619548861923
2025-10-15,110783.1640625,105967.3694984262,1.045446014059501,116673.58775293281,0.9495136491139166,False,0.9926652597612357
2025-10-16,108186.0390625,106130.56773391661,1.019367382767015,116787.4956029211,0.9263495077446805,False,0.9442904732372077
2025-10-17,106467.7890625,106284.06116060281,1.0017286496196223,116901.49605285312,0.91074787455555,False,0.9123222385224722
2025-10-18,107198.265625,106420.51631790157,1.0073082647407492,117015.58916288489,0.9161024303845597,False,0.9227975494754539
2025-10-19,108666.7109375,106586.17233634242,1.019519779682042,117129.77499320159,0.9277462621592776,False,0.9458556647974647
2025-10-20,110588.9296875,106756.32948221195,1.0359004494054533,117244.05360401775,0.9432370025434732,False,0.9770996348306367
2025-10-21,108476.890625,106910.88915706727,1.0146477265344978,117358.42505557711,0.9243212881702263,False,0.9378604936293584
2025-10-22,107688.5859375,107064.80450276821,1.0058262043967554,117472.88940815277,0.9167101148192774,False,0.9220510553207877
2025-10-23,110069.7265625,107277.30032965937,1.0260299823379186,117587.44672204708,0.936066983601426,False,0.96043279065168
2025-10-24,111033.921875,107485.68304117041,1.0330112693471045,117702.09705759167,0.9433470146302582,False,0.9744880970180045
2025-10-25,111641.7265625,107726.1651052014,1.0363473577052966,117816.84047514755,0.9475871710042154,False,0.9820294608656557
2025-10-26,114472.4453125,107922.33332407942,1.060692831471233,117931.67703510499,0.9706674931657652,False,1.029580051743079
2025-10-27,114119.328125,108143.84754067015,1.0552549286919224,118046.60679788367,0.9667311176541664,False,1.0201477766244098
2025-10-28,112956.1640625,108327.5803434219,1.042727657207929,118161.62982393256,0.9559462257825235,False,0.9967915684269726
2025-10-29,110055.3046875,108482.62943934905,1.0144970236827657,118276.74617372997,0.9304897898175694,False,0.9439791223371263
2025-10-30,108305.546875,108642.70708799463,0.9968966143974897,118391.95590778365,0.9148049463711874,True,0.9119659538715138
2025-10-31,109556.1640625,108802.32316083861,1.0069285368157719,118507.2590866306,0.9244679600800891,False,0.9308731703765055
2025-11-01,110064.015625,108972.23991805364,1.0100188424847223,118622.65577083733,0.9278498690640391,False,0.9371458507516619
2025-11-02,110639.625,109142.41266938508,1.013717969889032,118738.14602099969,0.931795119829752,False,0.9445774572263235
2025-11-03,106547.5234375,109285.16688403687,0.974949542334123,118853.72989774287,0.896459232109664,True,0.8740025180665163
2025-11-04,101590.5234375,109404.59690143248,0.9285763698670493,118969.40746172155,0.8539214038717204,True,0.7929312373589766
2025-11-05,103891.8359375,109532.25174003001,0.9485045206966319,119085.17877361983,0.8724161730906725,True,0.8274906841053582
2025-11-06,101301.2890625,109644.48676710758,0.9239068196622681,119201.0438941512,0.8498355866115911,True,0.7851688940621331
2025-11-07,103372.40625,109749.9205205114,0.941890488482682,119317.00288405859,0.8663677745111307,True,0.8160235663399429
2025-11-08,102282.1171875,109805.6546206424,0.9314831512171683,119433.0558041144,0.8563970543905018,True,0.7977194269167653
2025-11-09,104719.640625,109873.40726132446,0.9530935941208534,119549.20271512045,0.875954320452822,True,0.8348664515660699
2025-11-10,105996.59375,109946.51643747042,0.9640741442707114,119665.4436779081,0.885774459962734,True,0.8539522545054242
2025-11-11,102997.46875,109997.81867803921,0.936359193189739,119781.77875333813,0.8598759329004338,True,0.8051527347739245
2025-11-12,101663.1875,110041.95007160303,0.9238584688280145,119898.20800230082,0.8479124850477258,True,0.7833511301363486
2025-11-13,99697.4921875,110080.45715245276,0.9056783989316726,120014.73148571592,0.8307104549024962,True,0.7523565147718941
2025-11-14,94397.7890625,110076.53130315033,0.8575650771782485,120131.34926453272,0.7857881364058713,True,0.6738644638426531
2025-11-15,95549.1484375,110085.0347519759,0.8679576533974342,120248.06139973005,0.7946003230760983,True,0.6896794318059734
2025-11-16,94177.078125,110084.82826297353,0.8554955265954298,120364.86795231617,0.7824299542480224,True,0.66936532573345
2025-11-17,92093.875,110054.84466052688,0.8367998272504136,120481.76898332896,0.7643801695237643,True,0.6396331938111278
2025-11-18,92948.875,110028.21924074269,0.8447730558705768,120598.76455383582,0.7707282520171027,True,0.6510904607022759
2025-11-19,91465.9921875,109997.68347849791,0.8315265312417198,120715.8547249337,0.7576965958275886,True,0.6300448220621742
2025-11-20,86631.8984375,109940.81898363028,0.7879866571705194,120833.03955774907,0.716955385336446,True,0.5649512774316677
2025-11-21,85090.6875,109868.4739914178,0.7744777405996075,120950.31911343806,0.7035176767098424,True,0.5448587807301238
2025-11-22,84648.359375,109779.0238837601,0.7710795412485194,121067.69345318632,0.6991820605530185,True,0.539124982500416
2025-11-23,86805.0078125,109705.90665727372,0.791251906642391,121185.16263820906,0.7163006256108355,True,0.5667742357437111
2025-11-24,88270.5625,109607.1385607827,0.8053358901532632,121302.72672975119,0.7276881969574919,True,0.5860334218507849
2025-11-25,87341.890625,109502.85220572607,0.797622060664761,121420.38578908716,0.7193346492632375,True,0.5737571852529066
2025-11-26,90518.3671875,109413.23097734134,0.8273073226970664,121538.13987752101,0.7447733466936312,True,0.616156443469242
2025-11-27,91285.375,109332.53866010741,0.8349332789553862,121655.9890563865,0.7503566056060751,True,0.6264977011045137
2025-11-28,90919.265625,109256.54459641903,0.8321631071241105,121773.93338704694,0.7466233790446901,True,0.6213124309573318
2025-11-29,90851.7578125,109172.6185490917,0.8321844709774608,121891.97293089537,0.7453465197745786,True,0.6202657992534992
2025-11-30,90394.3125,109088.98476093341,0.8286291480124922,122010.1077493544,0.7408756058612554,True,0.6139111220680511
2025-12-01,86321.5703125,108973.3440191224,0.7921347288136122,122128.33790387638,0.7068103258757289,True,0.5598890058102314
2025-12-02,91350.203125,108897.15578908332,0.8388667496691189,122246.6634559433,0.7472613202070899,True,0.6268526748355762
2025-12-03,93527.8046875,108837.8211811833,0.859331835868006,122365.08446706682,0.7643340834915368,True,0.6568166111832721
2025-12-04,92141.625,108751.50961117662,0.8472675490155257,122483.60099878833,0.7522772375128938,True,0.63738009120772
2025-12-05,89387.7578125,108650.00721955525,0.8227128566302723,122602.21311267895,0.7290876366998953,True,0.599829772323185
2025-12-06,89272.375,108541.65289487611,0.8224711216297891,122720.92087033941,0.7274421864412228,True,0.5983001910031387
2025-12-07,90405.640625,108427.27916579631,0.8337905490255879,122839.72433340026,0.7359642095876847,True,0.6136400023752985
2025-12-08,90640.203125,108305.2704535763,0.8368955891565018,122958.62356352177,0.7371601966426883,True,0.6169261170720053
2025-12-09,92691.7109375,108219.25641747005,0.8565177215774751,123077.61862239393,0.7531158952780939,True,0.6450571107073733
2025-12-10,92020.9453125,108126.23706315654,0.851051028981528,123196.70957173646,0.7469432067819712,True,0.6356867847225588
2025-12-11,92511.3359375,108030.56130476136,0.8563441198506726,123315.8964732989,0.7501979759562557,True,0.6424276254340159
2025-12-12,90270.4140625,107917.4499025608,0.8364765303850824,123435.17938886052,0.7313183689563828,True,0.6117306518715127
2025-12-13,90298.7109375,107806.94824240918,0.8375963925299039,123554.5583802304,0.7308407890513607,True,0.6121496084231283
2025-12-14,88175.1796875,107687.09132142212,0.8188091869276756,123674.03350924737,0.7129643724356007,True,0.5837817781023947
2025-12-15,86419.78125,107565.14898951635,0.8034180407115203,123793.60483778013,0.6980956840480168,True,0.5608626667070262
2025-12-16,87843.984375,107462.94760667975,0.8174350911768563,123913.27242772709,0.7089150552959156,True,0.5794920428624629
