date,lth_realized_price,realized_price,sth_realized_price,mvrv,supply_loss_pct,realized_cap_change_30d_usd,fear_greed
2018-02-01,,,,,,,30.0
2018-02-02,,,,,,,15.0
2018-02-03,,,,,,,40.0
2018-02-04,,,,,,,24.0
2018-02-05,,,,,,,11.0
2018-02-06,,,,,,,8.0
2018-02-07,,,,,,,36.0
2018-02-08,,,,,,,30.0
2018-02-09,,,,,,,44.0
2018-02-10,,,,,,,54.0
2018-02-11,,,,,,,31.0
2018-02-12,,,,,,,42.0
2018-02-13,,,,,,,35.0
2018-02-14,,,,,,,55.0
2018-02-15,,,,,,,71.0
2018-02-16,,,,,,,67.0
2018-02-17,,,,,,,74.0
2018-02-18,,,,,,,63.0
2018-02-19,,,,,,,67.0
2018-02-20,,,,,,,74.0
2018-02-21,,,,,,,54.0
2018-02-22,,,,,,,44.0
2018-02-23,,,,,,,39.0
2018-02-24,,,,,,,31.0
2018-02-25,,,,,,,33.0
2018-02-26,,,,,,,37.0
2018-02-27,,,,,,,44.0
2018-02-28,,,,,,,41.0
2018-03-01,,,,,,,38.0
2018-03-02,,,,,,,47.0
2018-03-03,,,,,,,56.0
2018-03-04,,,,,,,44.0
2018-03-05,,,,,,,55.0
2018-03-06,,,,,,,59.0
2018-03-07,,,,,,,37.0
2018-03-08,,,,,,,39.0
2018-03-09,,,,,,,37.0
2018-03-10,,,,,,,39.0
2018-03-11,,,,,,,40.0
2018-03-12,,,,,,,41.0
2018-03-13,,,,,,,41.0
2018-03-14,,,,,,,40.0
2018-03-15,,,,,,,32.0
2018-03-16,,,,,,,33.0
2018-03-17,,,,,,,31.0
2018-03-18,,,,,,,29.0
2018-03-19,,,,,,,29.0
2018-03-20,,,,,,,37.0
2018-03-21,,,,,,,36.0
2018-03-22,,,,,,,36.0
2018-03-23,,,,,,,28.0
2018-03-24,,,,,,,32.0
2018-03-25,,,,,,,30.0
2018-03-26,,,,,,,31.0
2018-03-27,,,,,,,24.0
2018-03-28,,,,,,,24.0
2018-03-29,,,,,,,18.0
2018-03-30,,,,,,,12.0
2018-03-31,,,,,,,16.0
2018-04-01,,,,,,,16.0
2018-04-02,,,,,,,11.0
2018-04-03,,,,,,,22.0
2018-04-04,,,,,,,22.0
2018-04-05,,,,,,,17.0
2018-04-06,,,,,,,19.0
2018-04-07,,,,,,,20.0
2018-04-08,,,,,,,17.0
2018-04-09,,,,,,,21.0
2018-04-10,,,,,,,18.0
2018-04-11,,,,,,,20.0
2018-04-12,,,,,,,18.0
2018-04-13,,,,,,,23.0
2018-04-17,,,,,,,26.0
2018-04-18,,,,,,,24.0
2018-04-19,,,,,,,25.0
2018-04-20,,,,,,,26.0
2018-04-21,,,,,,,32.0
2018-04-22,,,,,,,31.0
2018-04-23,,,,,,,28.0
2018-04-24,,,,,,,29.0
2018-04-25,,,,,,,64.0
2018-04-26,,,,,,,47.0
2018-04-27,,,,,,,55.0
2018-04-28,,,,,,,54.0
2018-04-29,,,,,,,61.0
2018-04-30,,,,,,,59.0
2018-05-01,,,,,,,56.0
2018-05-02,,,,,,,52.0
2018-05-03,,,,,,,55.0
2018-05-04,,,,,,,56.0
2018-05-05,,,,,,,63.0
2018-05-06,,,,,,,67.0
2018-05-07,,,,,,,56.0
2018-05-08,,,,,,,62.0
2018-05-09,,,,,,,53.0
2018-05-10,,,,,,,63.0
2018-05-11,,,,,,,41.0
2018-05-12,,,,,,,44.0
2018-05-13,,,,,,,40.0
2018-05-14,,,,,,,40.0
2018-05-15,,,,,,,40.0
2018-05-16,,,,,,,32.0
2018-05-17,,,,,,,31.0
2018-05-18,,,,,,,37.0
2018-05-19,,,,,,,31.0
2018-05-20,,,,,,,32.0
2018-05-21,,,,,,,41.0
2018-05-22,,,,,,,30.0
2018-05-23,,,,,,,26.0
2018-05-24,,,,,,,27.0
2018-05-25,,,,,,,25.0
2018-05-26,,,,,,,23.0
2018-05-27,,,,,,,19.0
2018-05-28,,,,,,,22.0
2018-05-29,,,,,,,16.0
2018-05-30,,,,,,,38.0
2018-05-31,,,,,,,25.0
2018-06-01,,,,,,,24.0
2018-06-02,,,,,,,27.0
2018-06-03,,,,,,,40.0
2018-06-04,,,,,,,41.0
2018-06-05,,,,,,,26.0
2018-06-06,,,,,,,42.0
2018-06-07,,,,,,,38.0
2018-06-08,,,,,,,40.0
2018-06-09,,,,,,,39.0
2018-06-10,,,,,,,24.0
2018-06-11,,,,,,,15.0
2018-06-12,,,,,,,19.0
2018-06-13,,,,,,,19.0
2018-06-14,,,,,,,17.0
2018-06-15,,,,,,,26.0
2018-06-16,,,,,,,22.0
2018-06-17,,,,,,,23.0
2018-06-18,,,,,,,27.0
2018-06-19,,,,,,,32.0
2018-06-20,,,,,,,34.0
2018-06-21,,,,,,,37.0
2018-06-22,,,,,,,28.0
2018-06-23,,,,,,,17.0
2018-06-24,,,,,,,15.0
2018-06-25,,,,,,,16.0
2018-06-26,,,,,,,21.0
2018-06-27,,,,,,,18.0
2018-06-28,,,,,,,20.0
2018-06-29,,,,,,,16.0
2018-06-30,,,,,,,22.0
2018-07-01,,,,,,,27.0
2018-07-02,,,,,,,27.0
2018-07-03,,,,,,,31.0
2018-07-04,,,,,,,33.0
2018-07-05,,,,,,,37.0
2018-07-06,,,,,,,34.0
2018-07-07,,,,,,,34.0
2018-07-08,,,,,,,38.0
2018-07-09,,,,,,,39.0
2018-07-10,,,,,,,37.0
2018-07-11,,,,,,,29.0
2018-07-12,,,,,,,33.0
2018-07-13,,,,,,,29.0
2018-07-14,,,,,,,29.0
2018-07-15,,,,,,,32.0
2018-07-16,,,,,,,36.0
2018-07-17,,,,,,,39.0
2018-07-18,,,,,,,42.0
2018-07-19,,,,,,,44.0
2018-07-20,,,,,,,47.0
2018-07-21,,,,,,,43.0
2018-07-22,,,,,,,46.0
2018-07-23,,,,,,,44.0
2018-07-24,,,,,,,49.0
2018-07-25,,,,,,,54.0
2018-07-26,,,,,,,53.0
2018-07-27,,,,,,,47.0
2018-07-28,,,,,,,54.0
2018-07-29,,,,,,,54.0
2018-07-30,,,,,,,53.0
2018-07-31,,,,,,,48.0
2018-08-01,,,,,,,39.0
2018-08-02,,,,,,,39.0
2018-08-03,,,,,,,36.0
2018-08-04,,,,,,,31.0
2018-08-05,,,,,,,23.0
2018-08-06,,,,,,,25.0
2018-08-07,,,,,,,25.0
2018-08-08,,,,,,,23.0
2018-08-09,,,,,,,19.0
2018-08-10,,,,,,,21.0
2018-08-11,,,,,,,18.0
2018-08-12,,,,,,,18.0
2018-08-13,,,,,,,21.0
2018-08-14,,,,,,,16.0
2018-08-15,,,,,,,18.0
2018-08-16,,,,,,,21.0
2018-08-17,,,,,,,19.0
2018-08-18,,,,,,,24.0
2018-08-19,,,,,,,27.0
2018-08-20,,,,,,,26.0
2018-08-21,,,,,,,19.0
2018-08-22,,,,,,,21.0
2018-08-23,,,,,,,18.0
2018-08-24,,,,,,,19.0
2018-08-25,,,,,,,22.0
2018-08-26,,,,,,,19.0
2018-08-27,,,,,,,18.0
2018-08-28,,,,,,,19.0
2018-08-29,,,,,,,19.0
2018-08-30,,,,,,,22.0
2018-08-31,,,,,,,17.0
2018-09-01,,,,,,,21.0
2018-09-02,,,,,,,18.0
2018-09-03,,,,,,,19.0
2018-09-04,,,,,,,26.0
2018-09-05,,,,,,,17.0
2018-09-06,,,,,,,14.0
2018-09-07,,,,,,,17.0
2018-09-08,,,,,,,18.0
2018-09-09,,,,,,,13.0
2018-09-10,,,,,,,15.0
2018-09-11,,,,,,,18.0
2018-09-12,,,,,,,14.0
2018-09-13,,,,,,,20.0
2018-09-14,,,,,,,23.0
2018-09-15,,,,,,,24.0
2018-09-16,,,,,,,28.0
2018-09-17,,,,,,,25.0
2018-09-18,,,,,,,21.0
2018-09-19,,,,,,,24.0
2018-09-20,,,,,,,24.0
2018-09-21,,,,,,,31.0
2018-09-22,,,,,,,35.0
2018-09-23,,,,,,,38.0
2018-09-24,,,,,,,43.0
2018-09-25,,,,,,,37.0
2018-09-26,,,,,,,37.0
2018-09-27,,,,,,,42.0
2018-09-28,,,,,,,42.0
2018-09-29,,,,,,,37.0
2018-09-30,,,,,,,34.0
2018-10-01,,,,,,,35.0
2018-10-02,,,,,,,33.0
2018-10-03,,,,,,,36.0
2018-10-04,,,,,,,29.0
2018-10-05,,,,,,,37.0
2018-10-06,,,,,,,34.0
2018-10-07,,,,,,,29.0
2018-10-08,,,,,,,26.0
2018-10-09,,,,,,,31.0
2018-10-10,,,,,,,28.0
2018-10-11,,,,,,,19.0
2018-10-12,,,,,,,13.0
2018-10-13,,,,,,,15.0
2018-10-14,,,,,,,18.0
2018-10-15,,,,,,,20.0
2018-10-16,,,,,,,24.0
2018-10-17,,,,,,,23.0
2018-10-18,,,,,,,26.0
2018-10-19,,,,,,,24.0
2018-10-20,,,,,,,21.0
2018-10-21,,,,,,,21.0
2018-10-22,,,,,,,27.0
2018-10-23,,,,,,,24.0
2018-10-24,,,,,,,23.0
2018-10-25,,,,,,,25.0
2018-10-26,,,,,,,29.0
2018-10-27,,,,,,,33.0
2018-10-28,,,,,,,35.0
2018-10-29,,,,,,,34.0
2018-10-30,,,,,,,31.0
2018-10-31,,,,,,,32.0
2018-11-01,,,,,,,29.0
2018-11-02,,,,,,,36.0
2018-11-03,,,,,,,36.0
2018-11-04,,,,,,,41.0
2018-11-05,,,,,,,42.0
2018-11-06,,,,,,,42.0
2018-11-07,,,,,,,48.0
2018-11-08,,,,,,,51.0
2018-11-09,,,,,,,47.0
2018-11-10,,,,,,,52.0
2018-11-11,,,,,,,54.0
2018-11-12,,,,,,,52.0
2018-11-13,,,,,,,56.0
2018-11-14,,,,,,,49.0
2018-11-15,,,,,,,28.0
2018-11-16,,,,,,,23.0
2018-11-17,,,,,,,24.0
2018-11-18,,,,,,,26.0
2018-11-19,,,,,,,28.0
2018-11-20,,,,,,,21.0
2018-11-21,,,,,,,15.0
2018-11-22,,,,,,,14.0
2018-11-23,,,,,,,12.0
2018-11-24,,,,,,,15.0
2018-11-25,,,,,,,9.0
2018-11-26,,,,,,,17.0
2018-11-27,,,,,,,11.0
2018-11-28,,,,,,,14.0
2018-11-29,,,,,,,18.0
2018-11-30,,,,,,,19.0
2018-12-01,,,,,,,13.0
2018-12-02,,,,,,,15.0
2018-12-03,,,,,,,17.0
2018-12-04,,,,,,,12.0
2018-12-05,,,,,,,19.0
2018-12-06,,,,,,,13.0
2018-12-07,,,,,,,11.0
2018-12-08,,,,,,,11.0
2018-12-09,,,,,,,14.0
2018-12-10,,,,,,,19.0
2018-12-11,,,,,,,15.0
2018-12-12,,,,,,,14.0
2018-12-13,,,,,,,14.0
2018-12-14,,,,,,,10.0
2018-12-15,,,,,,,11.0
2018-12-16,,,,,,,13.0
2018-12-17,,,,,,,17.0
2018-12-18,,,,,,,23.0
2018-12-19,,,,,,,21.0
2018-12-20,,,,,,,27.0
2018-12-21,,,,,,,35.0
2018-12-22,,,,,,,28.0
2018-12-23,,,,,,,31.0
2018-12-24,,,,,,,25.0
2018-12-25,,,,,,,33.0
2018-12-26,,,,,,,26.0
2018-12-27,,,,,,,29.0
2018-12-28,,,,,,,21.0
2018-12-29,,,,,,,24.0
2018-12-30,,,,,,,23.0
2018-12-31,,,,,,,26.0
2019-01-01,,,,,,,24.0
2019-01-02,,,,,,,30.0
2019-01-03,,,,,,,33.0
2019-01-04,,,,,,,48.0
2019-01-05,,,,,,,36.0
2019-01-06,,,,,,,31.0
2019-01-07,,,,,,,39.0
2019-01-08,,,,,,,39.0
2019-01-09,,,,,,,42.0
2019-01-10,,,,,,,37.0
2019-01-11,,,,,,,19.0
2019-01-12,,,,,,,22.0
2019-01-13,,,,,,,21.0
2019-01-14,,,,,,,16.0
2019-01-15,,,,,,,27.0
2019-01-16,,,,,,,24.0
2019-01-17,,,,,,,28.0
2019-01-18,,,,,,,29.0
2019-01-19,,,,,,,31.0
2019-01-20,,,,,,,35.0
2019-01-21,,,,,,,30.0
2019-01-22,,,,,,,27.0
2019-01-23,,,,,,,33.0
2019-01-24,,,,,,,37.0
2019-01-25,,,,,,,35.0
2019-01-26,,,,,,,41.0
2019-01-27,,,,,,,39.0
2019-01-28,,,,,,,35.0
2019-01-29,,,,,,,21.0
2019-01-30,,,,,,,22.0
2019-01-31,,,,,,,17.0
2019-02-01,,,,,,,23.0
2019-02-02,,,,,,,22.0
2019-02-03,,,,,,,19.0
2019-02-04,,,,,,,27.0
2019-02-05,,,,,,,21.0
2019-02-06,,,,,,,14.0
2019-02-07,,,,,,,18.0
2019-02-08,,,,,,,37.0
2019-02-09,,,,,,,42.0
2019-02-10,,,,,,,40.0
2019-02-11,,,,,,,46.0
2019-02-12,,,,,,,38.0
2019-02-13,,,,,,,48.0
2019-02-14,,,,,,,48.0
2019-02-15,,,,,,,43.0
2019-02-16,,,,,,,43.0
2019-02-17,,,,,,,38.0
2019-02-18,,,,,,,63.0
2019-02-19,,,,,,,65.0
2019-02-20,,,,,,,59.0
2019-02-21,,,,,,,59.0
2019-02-22,,,,,,,61.0
2019-02-23,,,,,,,63.0
2019-02-24,,,,,,,69.0
2019-02-25,,,,,,,47.0
2019-02-26,,,,,,,40.0
2019-02-27,,,,,,,39.0
2019-02-28,,,,,,,39.0
2019-03-01,,,,,,,42.0
2019-03-02,,,,,,,41.0
2019-03-03,,,,,,,44.0
2019-03-04,,,,,,,36.0
2019-03-05,,,,,,,35.0
2019-03-06,,,,,,,42.0
2019-03-07,,,,,,,56.0
2019-03-08,,,,,,,54.0
2019-03-09,,,,,,,55.0
2019-03-10,,,,,,,55.0
2019-03-11,,,,,,,56.0
2019-03-12,,,,,,,56.0
2019-03-13,,,,,,,54.0
2019-03-14,,,,,,,55.0
2019-03-15,,,,,,,55.0
2019-03-16,,,,,,,54.0
2019-03-17,,,,,,,58.0
2019-03-18,,,,,,,56.0
2019-03-19,,,,,,,56.0
2019-03-20,,,,,,,55.0
2019-03-21,,,,,,,62.0
2019-03-22,,,,,,,56.0
2019-03-23,,,,,,,50.0
2019-03-24,,,,,,,44.0
2019-03-25,,,,,,,46.0
2019-03-26,,,,,,,43.0
2019-03-27,,,,,,,44.0
2019-03-28,,,,,,,49.0
2019-03-29,,,,,,,50.0
2019-03-30,,,,,,,57.0
2019-03-31,,,,,,,56.0
2019-04-01,,,,,,,62.0
2019-04-02,,,,,,,60.0
2019-04-03,,,,,,,71.0
2019-04-04,,,,,,,61.0
2019-04-05,,,,,,,59.0
2019-04-06,,,,,,,65.0
2019-04-07,,,,,,,69.0
2019-04-08,,,,,,,65.0
2019-04-09,,,,,,,64.0
2019-04-10,,,,,,,62.0
2019-04-11,,,,,,,65.0
2019-04-12,,,,,,,42.0
2019-04-13,,,,,,,62.0
2019-04-14,,,,,,,51.0
2019-04-15,,,,,,,60.0
2019-04-16,,,,,,,50.0
2019-04-17,,,,,,,61.0
2019-04-18,,,,,,,64.0
2019-04-19,,,,,,,61.0
2019-04-20,,,,,,,62.0
2019-04-21,,,,,,,62.0
2019-04-22,,,,,,,61.0
2019-04-23,,,,,,,68.0
2019-04-24,,,,,,,65.0
2019-04-25,,,,,,,58.0
2019-04-26,,,,,,,41.0
2019-04-27,,,,,,,42.0
2019-04-28,,,,,,,40.0
2019-04-29,,,,,,,42.0
2019-04-30,,,,,,,42.0
2019-05-01,,,,,,,51.0
2019-05-02,,,,,,,50.0
2019-05-03,,,,,,,63.0
2019-05-04,,,,,,,66.0
2019-05-05,,,,,,,67.0
2019-05-06,,,,,,,57.0
2019-05-07,,,,,,,69.0
2019-05-08,,,,,,,63.0
2019-05-09,,,,,,,69.0
2019-05-10,,,,,,,71.0
2019-05-11,,,,,,,76.0
2019-05-12,,,,,,,75.0
2019-05-13,,,,,,,78.0
2019-05-14,,,,,,,78.0
2019-05-15,,,,,,,77.0
2019-05-16,,,,,,,75.0
2019-05-17,,,,,,,65.0
2019-05-18,,,,,,,67.0
2019-05-19,,,,,,,70.0
2019-05-20,,,,,,,73.0
2019-05-21,,,,,,,68.0
2019-05-22,,,,,,,69.0
2019-05-23,,,,,,,65.0
2019-05-24,,,,,,,64.0
2019-05-25,,,,,,,69.0
2019-05-26,,,,,,,67.0
2019-05-27,,,,,,,70.0
2019-05-28,,,,,,,71.0
2019-05-29,,,,,,,71.0
2019-05-30,,,,,,,73.0
2019-05-31,,,,,,,61.0
2019-06-01,,,,,,,62.0
2019-06-02,,,,,,,63.0
2019-06-03,,,,,,,66.0
2019-06-04,,,,,,,42.0
2019-06-05,,,,,,,27.0
2019-06-06,,,,,,,34.0
2019-06-07,,,,,,,27.0
2019-06-08,,,,,,,62.0
2019-06-09,,,,,,,62.0
2019-06-10,,,,,,,46.0
2019-06-11,,,,,,,61.0
2019-06-12,,,,,,,60.0
2019-06-13,,,,,,,63.0
2019-06-14,,,,,,,67.0
2019-06-15,,,,,,,75.0
2019-06-16,,,,,,,80.0
2019-06-17,,,,,,,84.0
2019-06-18,,,,,,,83.0
2019-06-19,,,,,,,82.0
2019-06-20,,,,,,,81.0
2019-06-21,,,,,,,84.0
2019-06-22,,,,,,,83.0
2019-06-23,,,,,,,84.0
2019-06-24,,,,,,,80.0
2019-06-25,,,,,,,87.0
2019-06-26,,,,,,,95.0
2019-06-27,,,,,,,92.0
2019-06-28,,,,,,,62.0
2019-06-29,,,,,,,74.0
2019-06-30,,,,,,,78.0
2019-07-01,,,,,,,65.0
2019-07-02,,,,,,,63.0
2019-07-03,,,,,,,79.0
2019-07-04,,,,,,,76.0
2019-07-05,,,,,,,67.0
2019-07-06,,,,,,,72.0
2019-07-07,,,,,,,67.0
2019-07-08,,,,,,,74.0
2019-07-09,,,,,,,84.0
2019-07-10,,,,,,,83.0
2019-07-11,,,,,,,62.0
2019-07-12,,,,,,,33.0
2019-07-13,,,,,,,65.0
2019-07-14,,,,,,,61.0
2019-07-15,,,,,,,16.0
2019-07-16,,,,,,,34.0
2019-07-17,,,,,,,19.0
2019-07-18,,,,,,,40.0
2019-07-19,,,,,,,42.0
2019-07-20,,,,,,,34.0
2019-07-21,,,,,,,42.0
2019-07-22,,,,,,,42.0
2019-07-23,,,,,,,40.0
2019-07-24,,,,,,,20.0
2019-07-25,,,,,,,42.0
2019-07-26,,,,,,,24.0
2019-07-27,,,,,,,47.0
2019-07-28,,,,,,,16.0
2019-07-29,,,,,,,19.0
2019-07-30,,,,,,,22.0
2019-07-31,,,,,,,31.0
2019-08-01,,,,,,,57.0
2019-08-02,,,,,,,61.0
2019-08-03,,,,,,,61.0
2019-08-04,,,,,,,62.0
2019-08-05,,,,,,,64.0
2019-08-06,,,,,,,66.0
2019-08-07,,,,,,,45.0
2019-08-08,,,,,,,61.0
2019-08-09,,,,,,,60.0
2019-08-10,,,,,,,59.0
2019-08-11,,,,,,,45.0
2019-08-12,,,,,,,48.0
2019-08-13,,,,,,,45.0
2019-08-14,,,,,,,11.0
2019-08-15,,,,,,,13.0
2019-08-16,,,,,,,31.0
2019-08-17,,,,,,,20.0
2019-08-18,,,,,,,14.0
2019-08-19,,,,,,,30.0
2019-08-20,,,,,,,39.0
2019-08-21,,,,,,,11.0
2019-08-22,,,,,,,5.0
2019-08-23,,,,,,,33.0
2019-08-24,,,,,,,39.0
2019-08-25,,,,,,,33.0
2019-08-26,,,,,,,41.0
2019-08-27,,,,,,,30.0
2019-08-28,,,,,,,32.0
2019-08-29,,,,,,,20.0
2019-08-30,,,,,,,24.0
2019-08-31,,,,,,,20.0
2019-09-01,,,,,,,24.0
2019-09-02,,,,,,,28.0
2019-09-03,,,,,,,41.0
2019-09-04,,,,,,,43.0
2019-09-05,,,,,,,41.0
2019-09-06,,,,,,,43.0
2019-09-07,,,,,,,39.0
2019-09-08,,,,,,,43.0
2019-09-09,,,,,,,41.0
2019-09-10,,,,,,,41.0
2019-09-11,,,,,,,38.0
2019-09-12,,,,,,,39.0
2019-09-13,,,,,,,38.0
2019-09-14,,,,,,,39.0
2019-09-15,,,,,,,38.0
2019-09-16,,,,,,,38.0
2019-09-17,,,,,,,41.0
2019-09-18,,,,,,,38.0
2019-09-19,,,,,,,31.0
2019-09-20,,,,,,,41.0
2019-09-21,,,,,,,37.0
2019-09-22,,,,,,,37.0
2019-09-23,,,,,,,41.0
2019-09-24,,,,,,,39.0
2019-09-25,,,,,,,15.0
2019-09-26,,,,,,,12.0
2019-09-27,,,,,,,24.0
2019-09-28,,,,,,,32.0
2019-09-29,,,,,,,33.0
2019-09-30,,,,,,,27.0
2019-10-01,,,,,,,38.0
2019-10-02,,,,,,,39.0
2019-10-03,,,,,,,37.0
2019-10-04,,,,,,,30.0
2019-10-05,,,,,,,31.0
2019-10-06,,,,,,,32.0
2019-10-07,,,,,,,27.0
2019-10-08,,,,,,,39.0
2019-10-09,,,,,,,37.0
2019-10-10,,,,,,,41.0
2019-10-11,,,,,,,39.0
2019-10-12,,,,,,,38.0
2019-10-13,,,,,,,38.0
2019-10-14,,,,,,,37.0
2019-10-15,,,,,,,39.0
2019-10-16,,,,,,,40.0
2019-10-17,,,,,,,40.0
2019-10-18,,,,,,,40.0
2019-10-19,,,,,,,41.0
2019-10-20,,,,,,,37.0
2019-10-21,,,,,,,37.0
2019-10-22,,,,,,,39.0
2019-10-23,,,,,,,33.0
2019-10-24,,,,,,,20.0
2019-10-25,,,,,,,24.0
2019-10-26,,,,,,,53.0
2019-10-27,,,,,,,50.0
2019-10-28,,,,,,,52.0
2019-10-29,,,,,,,54.0
2019-10-30,,,,,,,53.0
2019-10-31,,,,,,,50.0
2019-11-01,,,,,,,49.0
2019-11-02,,,,,,,51.0
2019-11-03,,,,,,,56.0
2019-11-04,,,,,,,49.0
2019-11-05,,,,,,,54.0
2019-11-06,,,,,,,53.0
2019-11-07,,,,,,,54.0
2019-11-08,,,,,,,42.0
2019-11-09,,,,,,,38.0
2019-11-10,,,,,,,39.0
2019-11-11,,,,,,,40.0
2019-11-12,,,,,,,39.0
2019-11-13,,,,,,,38.0
2019-11-14,,,,,,,41.0
2019-11-15,,,,,,,38.0
2019-11-16,,,,,,,41.0
2019-11-17,,,,,,,38.0
2019-11-18,,,,,,,38.0
2019-11-19,,,,,,,32.0
2019-11-20,,,,,,,32.0
2019-11-21,,,,,,,30.0
2019-11-22,,,,,,,20.0
2019-11-23,,,,,,,23.0
2019-11-24,,,,,,,21.0
2019-11-25,,,,,,,17.0
2019-11-26,,,,,,,21.0
2019-11-27,,,,,,,20.0
2019-11-28,,,,,,,32.0
2019-11-29,,,,,,,31.0
2019-11-30,,,,,,,38.0
2019-12-01,,,,,,,25.0
2019-12-02,,,,,,,28.0
2019-12-03,,,,,,,28.0
2019-12-04,,,,,,,24.0
2019-12-05,,,,,,,21.0
2019-12-06,,,,,,,29.0
2019-12-07,,,,,,,32.0
2019-12-08,,,,,,,28.0
2019-12-09,,,,,,,32.0
2019-12-10,,,,,,,26.0
2019-12-11,,,,,,,20.0
2019-12-12,,,,,,,23.0
2019-12-13,,,,,,,22.0
2019-12-14,,,,,,,27.0
2019-12-15,,,,,,,21.0
2019-12-16,,,,,,,24.0
2019-12-17,,,,,,,23.0
2019-12-18,,,,,,,15.0
2019-12-19,,,,,,,21.0
2019-12-20,,,,,,,23.0
2019-12-21,,,,,,,23.0
2019-12-22,,,,,,,20.0
2019-12-23,,,,,,,33.0
2019-12-24,,,,,,,25.0
2019-12-25,,,,,,,22.0
2019-12-26,,,,,,,39.0
2019-12-27,,,,,,,38.0
2019-12-28,,,,,,,37.0
2019-12-29,,,,,,,37.0
2019-12-30,,,,,,,40.0
2019-12-31,,,,,,,38.0
2020-01-01,,,,,,,37.0
2020-01-02,,,,,,,39.0
2020-01-03,,,,,,,38.0
2020-01-04,,,,,,,38.0
2020-01-05,,,,,,,39.0
2020-01-06,,,,,,,41.0
2020-01-07,,,,,,,40.0
2020-01-08,,,,,,,51.0
2020-01-09,,,,,,,44.0
2020-01-10,,,,,,,41.0
2020-01-11,,,,,,,50.0
2020-01-12,,,,,,,45.0
2020-01-13,,,,,,,49.0
2020-01-14,,,,,,,56.0
2020-01-15,,,,,,,54.0
2020-01-16,,,,,,,55.0
2020-01-17,,,,,,,54.0
2020-01-18,,,,,,,51.0
2020-01-19,,,,,,,53.0
2020-01-20,,,,,,,48.0
2020-01-21,,,,,,,49.0
2020-01-22,,,,,,,52.0
2020-01-23,,,,,,,49.0
2020-01-24,,,,,,,40.0
2020-01-25,,,,,,,41.0
2020-01-26,,,,,,,42.0
2020-01-27,,,,,,,50.0
2020-01-28,,,,,,,54.0
2020-01-29,,,,,,,57.0
2020-01-30,,,,,,,57.0
2020-01-31,,,,,,,55.0
2020-02-01,,,,,,,57.0
2020-02-02,,,,,,,57.0
2020-02-03,,,,,,,59.0
2020-02-04,,,,,,,56.0
2020-02-05,,,,,,,53.0
2020-02-06,,,,,,,61.0
2020-02-07,,,,,,,56.0
2020-02-08,,,,,,,56.0
2020-02-09,,,,,,,56.0
2020-02-10,,,,,,,57.0
2020-02-11,,,,,,,52.0
2020-02-12,,,,,,,61.0
2020-02-13,,,,,,,65.0
2020-02-14,,,,,,,63.0
2020-02-15,,,,,,,64.0
2020-02-16,,,,,,,59.0
2020-02-17,,,,,,,49.0
2020-02-18,,,,,,,53.0
2020-02-19,,,,,,,50.0
2020-02-20,,,,,,,44.0
2020-02-21,,,,,,,44.0
2020-02-22,,,,,,,43.0
2020-02-23,,,,,,,46.0
2020-02-24,,,,,,,46.0
2020-02-25,,,,,,,44.0
2020-02-26,,,,,,,41.0
2020-02-27,,,,,,,39.0
2020-02-28,,,,,,,40.0
2020-02-29,,,,,,,38.0
2020-03-01,,,,,,,39.0
2020-03-02,,,,,,,38.0
2020-03-03,,,,,,,38.0
2020-03-04,,,,,,,40.0
2020-03-05,,,,,,,41.0
2020-03-06,,,,,,,39.0
2020-03-07,,,,,,,38.0
2020-03-08,,,,,,,33.0
2020-03-09,,,,,,,17.0
2020-03-10,,,,,,,16.0
2020-03-11,,,,,,,17.0
2020-03-12,,,,,,,14.0
2020-03-13,,,,,,,10.0
2020-03-14,,,,,,,8.0
2020-03-15,,,,,,,12.0
2020-03-16,,,,,,,9.0
2020-03-17,,,,,,,8.0
2020-03-18,,,,,,,11.0
2020-03-19,,,,,,,12.0
2020-03-20,,,,,,,9.0
2020-03-21,,,,,,,9.0
2020-03-22,,,,,,,11.0
2020-03-23,,,,,,,10.0
2020-03-24,,,,,,,12.0
2020-03-25,,,,,,,13.0
2020-03-26,,,,,,,14.0
2020-03-27,,,,,,,12.0
2020-03-28,,,,,,,8.0
2020-03-29,,,,,,,12.0
2020-03-30,,,,,,,10.0
2020-03-31,,,,,,,12.0
2020-04-01,,,,,,,12.0
2020-04-02,,,,,,,14.0
2020-04-03,,,,,,,14.0
2020-04-04,,,,,,,12.0
2020-04-05,,,,,,,12.0
2020-04-06,,,,,,,12.0
2020-04-07,,,,,,,20.0
2020-04-08,,,,,,,21.0
2020-04-09,,,,,,,22.0
2020-04-10,,,,,,,15.0
2020-04-11,,,,,,,15.0
2020-04-12,,,,,,,10.0
2020-04-13,,,,,,,11.0
2020-04-14,,,,,,,15.0
2020-04-15,,,,,,,18.0
2020-04-16,,,,,,,13.0
2020-04-17,,,,,,,15.0
2020-04-18,,,,,,,18.0
2020-04-19,,,,,,,16.0
2020-04-20,,,,,,,15.0
2020-04-21,,,,,,,17.0
2020-04-22,,,,,,,19.0
2020-04-23,,,,,,,19.0
2020-04-24,,,,,,,20.0
2020-04-25,,,,,,,24.0
2020-04-26,,,,,,,21.0
2020-04-27,,,,,,,28.0
2020-04-28,,,,,,,26.0
2020-04-29,,,,,,,26.0
2020-04-30,,,,,,,44.0
2020-05-01,,,,,,,40.0
2020-05-02,,,,,,,40.0
2020-05-03,,,,,,,45.0
2020-05-04,,,,,,,44.0
2020-05-05,,,,,,,40.0
2020-05-06,,,,,,,42.0
2020-05-07,,,,,,,49.0
2020-05-08,,,,,,,55.0
2020-05-09,,,,,,,56.0
2020-05-10,,,,,,,48.0
2020-05-11,,,,,,,40.0
2020-05-12,,,,,,,39.0
2020-05-13,,,,,,,41.0
2020-05-14,,,,,,,40.0
2020-05-15,,,,,,,44.0
2020-05-16,,,,,,,41.0
2020-05-17,,,,,,,40.0
2020-05-18,,,,,,,50.0
2020-05-19,,,,,,,50.0
2020-05-20,,,,,,,52.0
2020-05-21,,,,,,,49.0
2020-05-22,,,,,,,42.0
2020-05-23,,,,,,,40.0
2020-05-24,,,,,,,43.0
2020-05-25,,,,,,,41.0
2020-05-26,,,,,,,39.0
2020-05-27,,,,,,,39.0
2020-05-28,,,,,,,41.0
2020-05-29,,,,,,,48.0
2020-05-30,,,,,,,48.0
2020-05-31,,,,,,,51.0
2020-06-01,,,,,,,50.0
2020-06-02,,,,,,,56.0
2020-06-03,,,,,,,48.0
2020-06-04,,,,,,,54.0
2020-06-05,,,,,,,53.0
2020-06-06,,,,,,,54.0
2020-06-07,,,,,,,54.0
2020-06-08,,,,,,,53.0
2020-06-09,,,,,,,52.0
2020-06-10,,,,,,,54.0
2020-06-11,,,,,,,52.0
2020-06-12,,,,,,,38.0
2020-06-13,,,,,,,38.0
2020-06-14,,,,,,,40.0
2020-06-15,,,,,,,37.0
2020-06-16,,,,,,,39.0
2020-06-17,,,,,,,38.0
2020-06-18,,,,,,,40.0
2020-06-19,,,,,,,39.0
2020-06-20,,,,,,,38.0
2020-06-21,,,,,,,37.0
2020-06-22,,,,,,,38.0
2020-06-23,,,,,,,41.0
2020-06-24,,,,,,,50.0
2020-06-25,,,,,,,43.0
2020-06-26,,,,,,,40.0
2020-06-27,,,,,,,43.0
2020-06-28,,,,,,,40.0
2020-06-29,,,,,,,41.0
2020-06-30,,,,,,,44.0
2020-07-01,,,,,,,42.0
2020-07-02,,,,,,,42.0
2020-07-03,,,,,,,41.0
2020-07-04,,,,,,,40.0
2020-07-05,,,,,,,38.0
2020-07-06,,,,,,,40.0
2020-07-07,,,,,,,43.0
2020-07-08,,,,,,,44.0
2020-07-09,,,,,,,44.0
2020-07-10,,,,,,,41.0
2020-07-11,,,,,,,44.0
2020-07-12,,,,,,,41.0
2020-07-13,,,,,,,43.0
2020-07-14,,,,,,,43.0
2020-07-15,,,,,,,44.0
2020-07-16,,,,,,,43.0
2020-07-17,,,,,,,41.0
2020-07-18,,,,,,,44.0
2020-07-19,,,,,,,41.0
2020-07-20,,,,,,,44.0
2020-07-21,,,,,,,44.0
2020-07-22,,,,,,,50.0
2020-07-23,,,,,,,55.0
2020-07-24,,,,,,,53.0
2020-07-25,,,,,,,55.0
2020-07-26,,,,,,,55.0
2020-07-27,,,,,,,58.0
2020-07-28,,,,,,,76.0
2020-07-29,,,,,,,71.0
2020-07-30,,,,,,,76.0
2020-07-31,,,,,,,75.0
2020-08-01,,,,,,,75.0
2020-08-02,,,,,,,80.0
2020-08-03,,,,,,,75.0
2020-08-04,,,,,,,72.0
2020-08-05,,,,,,,75.0
2020-08-06,,,,,,,79.0
2020-08-07,,,,,,,77.0
2020-08-08,,,,,,,77.0
2020-08-09,,,,,,,79.0
2020-08-10,,,,,,,78.0
2020-08-11,,,,,,,84.0
2020-08-12,,,,,,,75.0
2020-08-13,,,,,,,75.0
2020-08-14,,,,,,,78.0
2020-08-15,,,,,,,79.0
2020-08-16,,,,,,,82.0
2020-08-17,,,,,,,83.0
2020-08-18,,,,,,,82.0
2020-08-19,,,,,,,80.0
2020-08-20,,,,,,,75.0
2020-08-21,,,,,,,81.0
2020-08-22,,,,,,,78.0
2020-08-23,,,,,,,76.0
2020-08-24,,,,,,,78.0
2020-08-25,,,,,,,75.0
2020-08-26,,,,,,,76.0
2020-08-27,,,,,,,75.0
2020-08-28,,,,,,,74.0
2020-08-29,,,,,,,79.0
2020-08-30,,,,,,,75.0
2020-08-31,,,,,,,75.0
2020-09-01,,,,,,,75.0
2020-09-02,,,,,,,83.0
2020-09-03,,,,,,,79.0
2020-09-04,,,,,,,40.0
2020-09-05,,,,,,,41.0
2020-09-06,,,,,,,41.0
2020-09-07,,,,,,,41.0
2020-09-08,,,,,,,41.0
2020-09-09,,,,,,,38.0
2020-09-10,,,,,,,38.0
2020-09-11,,,,,,,41.0
2020-09-12,,,,,,,41.0
2020-09-13,,,,,,,38.0
2020-09-14,,,,,,,39.0
2020-09-15,,,,,,,47.0
2020-09-16,,,,,,,43.0
2020-09-17,,,,,,,48.0
2020-09-18,,,,,,,49.0
2020-09-19,,,,,,,48.0
2020-09-20,,,,,,,52.0
2020-09-21,,,,,,,48.0
2020-09-22,,,,,,,39.0
2020-09-23,,,,,,,43.0
2020-09-24,,,,,,,39.0
2020-09-25,,,,,,,46.0
2020-09-26,,,,,,,45.0
2020-09-27,,,,,,,47.0
2020-09-28,,,,,,,43.0
2020-09-29,,,,,,,45.0
2020-09-30,,,,,,,49.0
2020-10-01,,,,,,,45.0
2020-10-02,,,,,,,41.0
2020-10-03,,,,,,,40.0
2020-10-04,,,,,,,42.0
2020-10-05,,,,,,,42.0
2020-10-06,,,,,,,47.0
2020-10-07,,,,,,,43.0
2020-10-08,,,,,,,46.0
2020-10-09,,,,,,,48.0
2020-10-10,,,,,,,53.0
2020-10-11,,,,,,,55.0
2020-10-12,,,,,,,52.0
2020-10-13,,,,,,,56.0
2020-10-14,,,,,,,53.0
2020-10-15,,,,,,,56.0
2020-10-16,,,,,,,52.0
2020-10-17,,,,,,,56.0
2020-10-18,,,,,,,55.0
2020-10-19,,,,,,,55.0
2020-10-20,,,,,,,56.0
2020-10-21,,,,,,,61.0
2020-10-22,,,,,,,73.0
2020-10-23,,,,,,,74.0
2020-10-24,,,,,,,73.0
2020-10-25,,,,,,,76.0
2020-10-26,,,,,,,75.0
2020-10-27,,,,,,,61.0
2020-10-28,,,,,,,70.0
2020-10-29,,,,,,,67.0
2020-10-30,,,,,,,74.0
2020-10-31,,,,,,,73.0
2020-11-01,,,,,,,72.0
2020-11-02,,,,,,,71.0
2020-11-03,,,,,,,71.0
2020-11-04,,,,,,,74.0
2020-11-05,,,,,,,72.0
2020-11-06,,,,,,,90.0
2020-11-07,,,,,,,88.0
2020-11-08,,,,,,,82.0
2020-11-09,,,,,,,90.0
2020-11-10,,,,,,,90.0
2020-11-11,,,,,,,86.0
2020-11-12,,,,,,,87.0
2020-11-13,,,,,,,89.0
2020-11-14,,,,,,,90.0
2020-11-15,,,,,,,86.0
2020-11-16,,,,,,,90.0
2020-11-17,,,,,,,86.0
2020-11-18,,,,,,,91.0
2020-11-19,,,,,,,94.0
2020-11-20,,,,,,,86.0
2020-11-21,,,,,,,91.0
2020-11-22,,,,,,,94.0
2020-11-23,,,,,,,90.0
2020-11-24,,,,,,,88.0
2020-11-25,,,,,,,94.0
2020-11-26,,,,,,,93.0
2020-11-27,,,,,,,86.0
2020-11-28,,,,,,,87.0
2020-11-29,,,,,,,89.0
2020-11-30,,,,,,,88.0
2020-12-01,,,,,,,95.0
2020-12-02,,,,,,,92.0
2020-12-03,,,,,,,92.0
2020-12-04,,,,,,,92.0
2020-12-05,,,,,,,93.0
2020-12-06,,,,,,,95.0
2020-12-07,,,,,,,94.0
2020-12-08,,,,,,,95.0
2020-12-09,,,,,,,86.0
2020-12-10,,,,,,,94.0
2020-12-11,,,,,,,89.0
2020-12-12,,,,,,,90.0
2020-12-13,,,,,,,91.0
2020-12-14,,,,,,,95.0
2020-12-15,,,,,,,91.0
2020-12-16,,,,,,,92.0
2020-12-17,,,,,,,92.0
2020-12-18,,,,,,,95.0
2020-12-19,,,,,,,93.0
2020-12-20,,,,,,,92.0
2020-12-21,,,,,,,92.0
2020-12-22,,,,,,,88.0
2020-12-23,,,,,,,93.0
2020-12-24,,,,,,,86.0
2020-12-25,,,,,,,94.0
2020-12-26,,,,,,,93.0
2020-12-27,,,,,,,91.0
2020-12-28,,,,,,,92.0
2020-12-29,,,,,,,91.0
2020-12-30,,,,,,,91.0
2020-12-31,,,,,,,95.0
2021-01-01,,,,,,,94.0
2021-01-02,,,,,,,94.0
2021-01-03,,,,,,,93.0
2021-01-04,,,,,,,94.0
2021-01-05,,,,,,,93.0
2021-01-06,,,,,,,95.0
2021-01-07,,,,,,,91.0
2021-01-08,,,,,,,93.0
2021-01-09,,,,,,,93.0
2021-01-10,,,,,,,94.0
2021-01-11,,,,,,,90.0
2021-01-12,,,,,,,84.0
2021-01-13,,,,,,,78.0
2021-01-14,,,,,,,83.0
2021-01-15,,,,,,,88.0
2021-01-16,,,,,,,84.0
2021-01-17,,,,,,,79.0
2021-01-18,,,,,,,79.0
2021-01-19,,,,,,,80.0
2021-01-20,,,,,,,78.0
2021-01-21,,,,,,,75.0
2021-01-22,,,,,,,40.0
2021-01-23,,,,,,,74.0
2021-01-24,,,,,,,70.0
2021-01-25,,,,,,,74.0
2021-01-26,,,,,,,71.0
2021-01-27,,,,,,,78.0
2021-01-28,,,,,,,55.0
2021-01-29,,,,,,,77.0
2021-01-30,,,,,,,76.0
2021-01-31,,,,,,,78.0
2021-02-01,,,,,,,77.0
2021-02-02,,,,,,,76.0
2021-02-03,,,,,,,78.0
2021-02-04,,,,,,,80.0
2021-02-05,,,,,,,81.0
2021-02-06,,,,,,,84.0
2021-02-07,,,,,,,86.0
2021-02-08,,,,,,,83.0
2021-02-09,,,,,,,95.0
2021-02-10,,,,,,,92.0
2021-02-11,,,,,,,93.0
2021-02-12,,,,,,,92.0
2021-02-13,,,,,,,92.0
2021-02-14,,,,,,,95.0
2021-02-15,,,,,,,93.0
2021-02-16,,,,,,,95.0
2021-02-17,,,,,,,95.0
2021-02-18,,,,,,,91.0
2021-02-19,,,,,,,93.0
2021-02-20,,,,,,,91.0
2021-02-21,,,,,,,91.0
2021-02-22,,,,,,,94.0
2021-02-23,,,,,,,94.0
2021-02-24,,,,,,,76.0
2021-02-25,,,,,,,79.0
2021-02-26,,,,,,,55.0
2021-02-27,,,,,,,56.0
2021-02-28,,,,,,,55.0
2021-03-01,,,,,,,38.0
2021-03-02,,,,,,,78.0
2021-03-03,,,,,,,78.0
2021-03-04,,,,,,,84.0
2021-03-05,,,,,,,77.0
2021-03-06,,,,,,,77.0
2021-03-07,,,,,,,76.0
2021-03-08,,,,,,,81.0
2021-03-09,,,,,,,81.0
2021-03-10,,,,,,,68.0
2021-03-11,,,,,,,73.0
2021-03-12,,,,,,,70.0
2021-03-13,,,,,,,74.0
2021-03-14,,,,,,,78.0
2021-03-15,,,,,,,76.0
2021-03-16,,,,,,,71.0
2021-03-17,,,,,,,71.0
2021-03-18,,,,,,,72.0
2021-03-19,,,,,,,71.0
2021-03-20,,,,,,,75.0
2021-03-21,,,,,,,73.0
2021-03-22,,,,,,,70.0
2021-03-23,,,,,,,66.0
2021-03-24,,,,,,,65.0
2021-03-25,,,,,,,60.0
2021-03-26,,,,,,,54.0
2021-03-27,,,,,,,65.0
2021-03-28,,,,,,,74.0
2021-03-29,,,,,,,72.0
2021-03-30,,,,,,,72.0
2021-03-31,,,,,,,76.0
2021-04-01,,,,,,,74.0
2021-04-02,,,,,,,74.0
2021-04-03,,,,,,,73.0
2021-04-04,,,,,,,74.0
2021-04-05,,,,,,,71.0
2021-04-06,,,,,,,75.0
2021-04-07,,,,,,,72.0
2021-04-08,,,,,,,73.0
2021-04-09,,,,,,,70.0
2021-04-10,,,,,,,70.0
2021-04-11,,,,,,,76.0
2021-04-12,,,,,,,74.0
2021-04-13,,,,,,,74.0
2021-04-14,,,,,,,75.0
2021-04-15,,,,,,,79.0
2021-04-16,,,,,,,78.0
2021-04-17,,,,,,,76.0
2021-04-18,,,,,,,79.0
2021-04-19,,,,,,,74.0
2021-04-20,,,,,,,73.0
2021-04-21,,,,,,,73.0
2021-04-22,,,,,,,65.0
2021-04-23,,,,,,,55.0
2021-04-24,,,,,,,37.0
2021-04-25,,,,,,,31.0
2021-04-26,,,,,,,27.0
2021-04-27,,,,,,,50.0
2021-04-28,,,,,,,59.0
2021-04-29,,,,,,,52.0
2021-04-30,,,,,,,51.0
2021-05-01,,,,,,,68.0
2021-05-02,,,,,,,66.0
2021-05-03,,,,,,,61.0
2021-05-04,,,,,,,68.0
2021-05-05,,,,,,,48.0
2021-05-06,,,,,,,65.0
2021-05-07,,,,,,,64.0
2021-05-08,,,,,,,67.0
2021-05-09,,,,,,,73.0
2021-05-10,,,,,,,72.0
2021-05-11,,,,,,,61.0
2021-05-12,,,,,,,68.0
2021-05-13,,,,,,,31.0
2021-05-14,,,,,,,26.0
2021-05-15,,,,,,,27.0
2021-05-16,,,,,,,20.0
2021-05-17,,,,,,,27.0
2021-05-18,,,,,,,21.0
2021-05-19,,,,,,,23.0
2021-05-20,,,,,,,11.0
2021-05-21,,,,,,,19.0
2021-05-22,,,,,,,12.0
2021-05-23,,,,,,,14.0
2021-05-24,,,,,,,10.0
2021-05-25,,,,,,,22.0
2021-05-26,,,,,,,22.0
2021-05-27,,,,,,,27.0
2021-05-28,,,,,,,21.0
2021-05-29,,,,,,,18.0
2021-05-30,,,,,,,10.0
2021-05-31,,,,,,,18.0
2021-06-01,,,,,,,20.0
2021-06-02,,,,,,,23.0
2021-06-03,,,,,,,24.0
2021-06-04,,,,,,,27.0
2021-06-05,,,,,,,24.0
2021-06-06,,,,,,,17.0
2021-06-07,,,,,,,15.0
2021-06-08,,,,,,,13.0
2021-06-09,,,,,,,14.0
2021-06-10,,,,,,,21.0
2021-06-11,,,,,,,21.0
2021-06-12,,,,,,,28.0
2021-06-13,,,,,,,23.0
2021-06-14,,,,,,,28.0
2021-06-15,,,,,,,38.0
2021-06-16,,,,,,,33.0
2021-06-17,,,,,,,26.0
2021-06-18,,,,,,,25.0
2021-06-19,,,,,,,23.0
2021-06-20,,,,,,,21.0
2021-06-21,,,,,,,23.0
2021-06-22,,,,,,,10.0
2021-06-23,,,,,,,14.0
2021-06-24,,,,,,,22.0
2021-06-25,,,,,,,27.0
2021-06-26,,,,,,,20.0
2021-06-27,,,,,,,22.0
2021-06-28,,,,,,,25.0
2021-06-29,,,,,,,25.0
2021-06-30,,,,,,,28.0
2021-07-01,,,,,,,28.0
2021-07-02,,,,,,,21.0
2021-07-03,,,,,,,24.0
2021-07-04,,,,,,,27.0
2021-07-05,,,,,,,29.0
2021-07-06,,,,,,,20.0
2021-07-07,,,,,,,28.0
2021-07-08,,,,,,,20.0
2021-07-09,,,,,,,20.0
2021-07-10,,,,,,,20.0
2021-07-11,,,,,,,20.0
2021-07-12,,,,,,,25.0
2021-07-13,,,,,,,20.0
2021-07-14,,,,,,,21.0
2021-07-15,,,,,,,20.0
2021-07-16,,,,,,,22.0
2021-07-17,,,,,,,15.0
2021-07-18,,,,,,,19.0
2021-07-19,,,,,,,24.0
2021-07-20,,,,,,,19.0
2021-07-21,,,,,,,10.0
2021-07-22,,,,,,,21.0
2021-07-23,,,,,,,23.0
2021-07-24,,,,,,,22.0
2021-07-25,,,,,,,27.0
2021-07-26,,,,,,,26.0
2021-07-27,,,,,,,32.0
2021-07-28,,,,,,,50.0
2021-07-29,,,,,,,50.0
2021-07-30,,,,,,,53.0
2021-07-31,,,,,,,60.0
2021-08-01,,,,,,,60.0
2021-08-02,,,,,,,48.0
2021-08-03,,,,,,,48.0
2021-08-04,,,,,,,42.0
2021-08-05,,,,,,,50.0
2021-08-06,,,,,,,52.0
2021-08-07,,,,,,,69.0
2021-08-08,,,,,,,74.0
2021-08-09,,,,,,,65.0
2021-08-10,,,,,,,71.0
2021-08-11,,,,,,,70.0
2021-08-12,,,,,,,70.0
2021-08-13,,,,,,,70.0
2021-08-14,,,,,,,76.0
2021-08-15,,,,,,,71.0
2021-08-16,,,,,,,72.0
2021-08-17,,,,,,,72.0
2021-08-18,,,,,,,73.0
2021-08-19,,,,,,,70.0
2021-08-20,,,,,,,70.0
2021-08-21,,,,,,,78.0
2021-08-22,,,,,,,76.0
2021-08-23,,,,,,,79.0
2021-08-24,,,,,,,79.0
2021-08-25,,,,,,,73.0
2021-08-26,,,,,,,75.0
2021-08-27,,,,,,,71.0
2021-08-28,,,,,,,78.0
2021-08-29,,,,,,,72.0
2021-08-30,,,,,,,73.0
2021-08-31,,,,,,,73.0
2021-09-01,,,,,,,71.0
2021-09-02,,,,,,,74.0
2021-09-03,,,,,,,74.0
2021-09-04,,,,,,,72.0
2021-09-05,,,,,,,73.0
2021-09-06,,,,,,,79.0
2021-09-07,,,,,,,79.0
2021-09-08,,,,,,,47.0
2021-09-09,,,,,,,45.0
2021-09-10,,,,,,,46.0
2021-09-11,,,,,,,31.0
2021-09-12,,,,,,,32.0
2021-09-13,,,,,,,44.0
2021-09-14,,,,,,,30.0
2021-09-15,,,,,,,49.0
2021-09-16,,,,,,,53.0
2021-09-17,,,,,,,48.0
2021-09-18,,,,,,,50.0
2021-09-19,,,,,,,53.0
2021-09-20,,,,,,,50.0
2021-09-21,,,,,,,27.0
2021-09-22,,,,,,,21.0
2021-09-23,,,,,,,27.0
2021-09-24,,,,,,,33.0
2021-09-25,,,,,,,28.0
2021-09-26,,,,,,,27.0
2021-09-27,,,,,,,26.0
2021-09-28,,,,,,,25.0
2021-09-29,,,,,,,24.0
2021-09-30,,,,,,,20.0
2021-10-01,,,,,,,27.0
2021-10-02,,,,,,,54.0
2021-10-03,,,,,,,49.0
2021-10-04,,,,,,,54.0
2021-10-05,,,,,,,59.0
2021-10-06,,,,,,,68.0
2021-10-07,,,,,,,76.0
2021-10-08,,,,,,,74.0
2021-10-09,,,,,,,72.0
2021-10-10,,,,,,,71.0
2021-10-11,,,,,,,71.0
2021-10-12,,,,,,,78.0
2021-10-13,,,,,,,70.0
2021-10-14,,,,,,,70.0
2021-10-15,,,,,,,71.0
2021-10-16,,,,,,,78.0
2021-10-17,,,,,,,79.0
2021-10-18,,,,,,,78.0
2021-10-19,,,,,,,75.0
2021-10-20,,,,,,,82.0
2021-10-21,,,,,,,84.0
2021-10-22,,,,,,,75.0
2021-10-23,,,,,,,74.0
2021-10-24,,,,,,,73.0
2021-10-25,,,,,,,72.0
2021-10-26,,,,,,,76.0
2021-10-27,,,,,,,73.0
2021-10-28,,,,,,,66.0
2021-10-29,,,,,,,70.0
2021-10-30,,,,,,,73.0
2021-10-31,,,,,,,74.0
2021-11-01,,,,,,,74.0
2021-11-02,,,,,,,73.0
2021-11-03,,,,,,,76.0
2021-11-04,,,,,,,73.0
2021-11-05,,,,,,,73.0
2021-11-06,,,,,,,71.0
2021-11-07,,,,,,,73.0
2021-11-08,,,,,,,75.0
2021-11-09,,,,,,,84.0
2021-11-10,,,,,,,75.0
2021-11-11,,,,,,,77.0
2021-11-12,,,,,,,74.0
2021-11-13,,,,,,,72.0
2021-11-14,,,,,,,74.0
2021-11-15,,,,,,,72.0
2021-11-16,,,,,,,71.0
2021-11-17,,,,,,,52.0
2021-11-18,,,,,,,54.0
2021-11-19,,,,,,,34.0
2021-11-20,,,,,,,43.0
2021-11-21,,,,,,,49.0
2021-11-22,,,,,,,50.0
2021-11-23,,,,,,,33.0
2021-11-24,,,,,,,42.0
2021-11-25,,,,,,,32.0
2021-11-26,,,,,,,47.0
2021-11-27,,,,,,,21.0
2021-11-28,,,,,,,27.0
2021-11-29,,,,,,,33.0
2021-11-30,,,,,,,40.0
2021-12-01,,,,,,,34.0
2021-12-02,,,,,,,32.0
2021-12-03,,,,,,,31.0
2021-12-04,,,,,,,25.0
2021-12-05,,,,,,,18.0
2021-12-06,,,,,,,16.0
2021-12-07,,,,,,,25.0
2021-12-08,,,,,,,28.0
2021-12-09,,,,,,,29.0
2021-12-10,,,,,,,24.0
2021-12-11,,,,,,,16.0
2021-12-12,,,,,,,27.0
2021-12-13,,,,,,,28.0
2021-12-14,,,,,,,21.0
2021-12-15,,,,,,,28.0
2021-12-16,,,,,,,29.0
2021-12-17,,,,,,,23.0
2021-12-18,,,,,,,24.0
2021-12-19,,,,,,,29.0
2021-12-20,,,,,,,25.0
2021-12-21,,,,,,,27.0
2021-12-22,,,,,,,45.0
2021-12-23,,,,,,,34.0
2021-12-24,,,,,,,41.0
2021-12-25,,,,,,,39.0
2021-12-26,,,,,,,37.0
2021-12-27,,,,,,,40.0
2021-12-28,,,,,,,41.0
2021-12-29,,,,,,,27.0
2021-12-30,,,,,,,22.0
2021-12-31,,,,,,,28.0
2022-01-01,,,,,,,21.0
2022-01-02,,,,,,,29.0
2022-01-03,,,,,,,29.0
2022-01-04,,,,,,,23.0
2022-01-05,,,,,,,24.0
2022-01-06,,,,,,,15.0
2022-01-07,,,,,,,18.0
2022-01-08,,,,,,,10.0
2022-01-09,,,,,,,23.0
2022-01-10,,,,,,,23.0
2022-01-11,,,,,,,21.0
2022-01-12,,,,,,,22.0
2022-01-13,,,,,,,21.0
2022-01-14,,,,,,,21.0
2022-01-15,,,,,,,23.0
2022-01-16,,,,,,,21.0
2022-01-17,,,,,,,22.0
2022-01-18,,,,,,,24.0
2022-01-19,,,,,,,24.0
2022-01-20,,,,,,,24.0
2022-01-21,,,,,,,19.0
2022-01-22,,,,,,,13.0
2022-01-23,,,,,,,11.0
2022-01-24,,,,,,,13.0
2022-01-25,,,,,,,12.0
2022-01-26,,,,,,,23.0
2022-01-27,,,,,,,20.0
2022-01-28,,,,,,,24.0
2022-01-29,,,,,,,24.0
2022-01-30,,,,,,,29.0
2022-01-31,,,,,,,20.0
2022-02-01,,,,,,,26.0
2022-02-02,,,,,,,28.0
2022-02-03,,,,,,,20.0
2022-02-04,,,,,,,20.0
2022-02-05,,,,,,,33.0
2022-02-06,,,,,,,37.0
2022-02-07,,,,,,,45.0
2022-02-08,,,,,,,48.0
2022-02-09,,,,,,,54.0
2022-02-10,,,,,,,50.0
2022-02-11,,,,,,,50.0
2022-02-12,,,,,,,44.0
2022-02-13,,,,,,,44.0
2022-02-14,,,,,,,46.0
2022-02-15,,,,,,,46.0
2022-02-16,,,,,,,51.0
2022-02-17,,,,,,,52.0
2022-02-18,,,,,,,30.0
2022-02-19,,,,,,,25.0
2022-02-20,,,,,,,27.0
2022-02-21,,,,,,,25.0
2022-02-22,,,,,,,20.0
2022-02-23,,,,,,,25.0
2022-02-24,,,,,,,23.0
2022-02-25,,,,,,,27.0
2022-02-26,,,,,,,26.0
2022-02-27,,,,,,,26.0
2022-02-28,,,,,,,20.0
2022-03-01,,,,,,,51.0
2022-03-02,,,,,,,52.0
2022-03-03,,,,,,,39.0
2022-03-04,,,,,,,33.0
2022-03-05,,,,,,,22.0
2022-03-06,,,,,,,22.0
2022-03-07,,,,,,,23.0
2022-03-08,,,,,,,21.0
2022-03-09,,,,,,,22.0
2022-03-10,,,,,,,28.0
2022-03-11,,,,,,,22.0
2022-03-12,,,,,,,22.0
2022-03-13,,,,,,,21.0
2022-03-14,,,,,,,23.0
2022-03-15,,,,,,,21.0
2022-03-16,,,,,,,24.0
2022-03-17,,,,,,,27.0
2022-03-18,,,,,,,25.0
2022-03-19,,,,,,,28.0
2022-03-20,,,,,,,31.0
2022-03-21,,,,,,,30.0
2022-03-22,,,,,,,26.0
2022-03-23,,,,,,,31.0
2022-03-24,,,,,,,40.0
2022-03-25,,,,,,,47.0
2022-03-26,,,,,,,51.0
2022-03-27,,,,,,,49.0
2022-03-28,,,,,,,60.0
2022-03-29,,,,,,,56.0
2022-03-30,,,,,,,55.0
2022-03-31,,,,,,,52.0
2022-04-01,,,,,,,50.0
2022-04-02,,,,,,,52.0
2022-04-03,,,,,,,48.0
2022-04-04,,,,,,,52.0
2022-04-05,,,,,,,53.0
2022-04-06,,,,,,,48.0
2022-04-07,,,,,,,34.0
2022-04-08,,,,,,,37.0
2022-04-09,,,,,,,30.0
2022-04-10,,,,,,,34.0
2022-04-11,,,,,,,32.0
2022-04-12,,,,,,,20.0
2022-04-13,,,,,,,25.0
2022-04-14,,,,,,,28.0
2022-04-15,,,,,,,22.0
2022-04-16,,,,,,,28.0
2022-04-17,,,,,,,28.0
2022-04-18,,,,,,,24.0
2022-04-19,,,,,,,27.0
2022-04-20,,,,,,,27.0
2022-04-21,,,,,,,27.0
2022-04-22,,,,,,,26.0
2022-04-23,,,,,,,24.0
2022-04-24,,,,,,,24.0
2022-04-25,,,,,,,23.0
2022-04-26,,,,,,,27.0
2022-04-27,,,,,,,21.0
2022-04-28,,,,,,,24.0
2022-04-29,,,,,,,23.0
2022-04-30,,,,,,,20.0
2022-05-01,,,,,,,22.0
2022-05-02,,,,,,,28.0
2022-05-03,,,,,,,27.0
2022-05-04,,,,,,,21.0
2022-05-05,,,,,,,27.0
2022-05-06,,,,,,,22.0
2022-05-07,,,,,,,23.0
2022-05-08,,,,,,,18.0
2022-05-09,,,,,,,11.0
2022-05-10,,,,,,,10.0
2022-05-11,,,,,,,12.0
2022-05-12,,,,,,,12.0
2022-05-13,,,,,,,10.0
2022-05-14,,,,,,,9.0
2022-05-15,,,,,,,10.0
2022-05-16,,,,,,,14.0
2022-05-17,,,,,,,8.0
2022-05-18,,,,,,,12.0
2022-05-19,,,,,,,13.0
2022-05-20,,,,,,,13.0
2022-05-21,,,,,,,13.0
2022-05-22,,,,,,,14.0
2022-05-23,,,,,,,10.0
2022-05-24,,,,,,,12.0
2022-05-25,,,,,,,11.0
2022-05-26,,,,,,,12.0
2022-05-27,,,,,,,12.0
2022-05-28,,,,,,,13.0
2022-05-29,,,,,,,14.0
2022-05-30,,,,,,,10.0
2022-05-31,,,,,,,16.0
2022-06-01,,,,,,,17.0
2022-06-02,,,,,,,13.0
2022-06-03,,,,,,,10.0
2022-06-04,,,,,,,14.0
2022-06-05,,,,,,,10.0
2022-06-06,,,,,,,13.0
2022-06-07,,,,,,,15.0
2022-06-08,,,,,,,17.0
2022-06-09,19977.28,23521.1,36386.5,1.2892,43.34488039868907,-11725000000.0,11.0
2022-06-10,19980.12,23498.5,36241.21,1.2478,46.74972570679966,-9285000000.0,13.0
2022-06-11,19964.7,23472.6,36157.44,1.2186,47.944157885907885,-8670000000.0,12.0
2022-06-12,19978.59,23440.5,35964.04,1.1544,48.832833782003455,-8411000000.0,14.0
2022-06-13,19906.15,23188.4,34879.0,0.9707,48.85459639456676,-13974000000.0,11.0
2022-06-14,19853.05,23022.6,34023.53,0.9669,48.45287729342956,-17259000000.0,8.0
2022-06-15,19746.34,22920.3,33740.34,0.9909,46.41520557673265,-18696000000.0,7.0
2022-06-16,19748.98,22817.8,33306.98,0.8972,49.600830781173485,-20334000000.0,7.0
2022-06-17,19759.79,22727.5,32925.92,0.9064,49.854238548853345,-21320000000.0,9.0
2022-06-18,19749.48,22642.0,32305.17,0.846,50.08508710638444,-22548000000.0,6.0
2022-06-19,19764.07,22640.3,32252.29,0.9119,47.06916882060922,-21897000000.0,6.0
2022-06-20,19777.56,22620.8,32113.69,0.9163,46.049736858245645,-22169000000.0,9.0
2022-06-21,19789.38,22580.7,32087.94,0.9231,46.99601311986265,-23016000000.0,9.0
2022-06-22,19782.69,22535.5,31910.28,0.8939,48.6875300793462,-23209000000.0,11.0
2022-06-23,19781.28,22530.2,31873.12,0.943,44.60280256026189,-23256000000.0,11.0
2022-06-24,19774.8,22508.7,31783.27,0.9528,44.496651960267805,-23452000000.0,11.0
2022-06-25,19785.64,22514.3,31743.58,0.9601,43.504431253509736,-22918000000.0,14.0
2022-06-26,19794.56,22508.2,31693.78,0.9424,45.78492336178018,-22240000000.0,14.0
2022-06-27,19786.43,22477.9,31466.58,0.9291,47.17341366877458,-22824000000.0,12.0
2022-06-28,19802.07,22454.1,31375.8,0.9082,48.19936697124473,-23334000000.0,10.0
2022-06-29,19803.11,22430.2,31188.39,0.9012,48.93231029300257,-24107000000.0,13.0
2022-06-30,19772.93,22349.8,30878.64,0.871,48.525894584469924,-26061000000.0,11.0
2022-07-01,19789.75,22313.8,30640.7,0.8727,48.31569498629561,-25913000000.0,11.0
2022-07-02,19798.07,22302.4,30572.09,0.8683,49.41849092676189,-25191000000.0,14.0
2022-07-03,19789.53,22287.3,30507.52,0.8708,48.57555489118342,-24992000000.0,11.0
2022-07-04,19790.89,22289.3,30488.95,0.9138,46.079483560551296,-24530000000.0,14.0
2022-07-05,19795.3,22278.9,30448.33,0.9127,46.369321435799534,-24627000000.0,19.0
2022-07-06,19797.13,22237.7,30370.46,0.931,44.49540311604186,-25287000000.0,18.0
2022-07-07,19801.85,22237.5,30357.36,0.9804,41.88510502069291,-24778000000.0,18.0
2022-07-08,19824.91,22227.8,30270.61,0.9882,41.446122103126065,-24674000000.0,20.0
2022-07-09,19849.84,22194.0,30060.95,0.9794,42.40585436626873,-24712000000.0,24.0
2022-07-10,19877.86,22186.0,29964.48,0.9455,44.488961476274284,-24434000000.0,24.0
2022-07-11,19954.91,22110.3,29538.19,0.9093,47.75197493149588,-25391000000.0,22.0
2022-07-12,19969.52,22090.2,29398.78,0.8814,48.5310083382788,-25161000000.0,16.0
2022-07-13,19991.73,22088.7,29334.9,0.9187,46.478061761418125,-20388000000.0,15.0
2022-07-14,20043.42,22069.8,29210.44,0.9377,44.205341259339036,-17590000000.0,18.0
2022-07-15,20059.37,21988.2,28689.06,0.954,43.68357862188425,-17202000000.0,15.0
2022-07-16,20084.59,21989.4,28628.38,0.9707,41.921796886537976,-15221000000.0,21.0
2022-07-17,20124.31,21984.5,28505.66,0.954,44.53028400814435,-13590000000.0,24.0
2022-07-18,20117.09,21989.5,28535.32,1.0215,39.9110274917632,-11870000000.0,20.0
2022-07-19,20055.32,21965.1,28519.5,1.0713,39.363646586606315,-12304000000.0,30.0
2022-07-20,20049.04,21972.6,28553.54,1.0669,40.48547998054925,-11789000000.0,31.0
2022-07-21,19945.52,21933.5,28527.62,1.0629,39.96242311858167,-11773000000.0,34.0
2022-07-22,19930.06,21891.7,28485.87,1.0445,41.606872195852404,-11711000000.0,33.0
2022-07-23,19910.87,21877.0,28372.97,1.035,42.117991360210574,-11890000000.0,31.0
2022-07-24,19906.89,21872.7,28360.71,1.043,41.7678369633232,-11558000000.0,30.0
2022-07-25,19895.27,21843.4,28253.21,0.9916,43.57132882056057,-12228000000.0,30.0
2022-07-26,19894.38,21825.6,28170.44,0.9773,43.571639971385174,-12447000000.0,26.0
2022-07-27,19894.46,21838.6,28216.58,1.0559,39.76825411309316,-11619000000.0,28.0
2022-07-28,19894.72,21850.7,28267.69,1.0987,38.01847756783675,-10935000000.0,32.0
2022-07-29,19893.64,21850.4,28275.81,1.1039,38.428687087593346,-10484000000.0,39.0
2022-07-30,19899.04,21849.3,28252.45,1.0889,38.924589054329275,-8977000000.0,42.0
2022-07-31,19902.99,21842.3,28209.4,1.0769,39.446789652506226,-8423000000.0,39.0
2022-08-01,19912.35,21844.2,28178.78,1.0759,38.99481076841602,-8168000000.0,33.0
2022-08-02,19920.57,21834.3,28116.07,1.0625,40.18080052615672,-8072000000.0,31.0
2022-08-03,19934.99,21828.0,28048.72,1.0526,41.75891069470283,-8230000000.0,34.0
2022-08-04,19935.62,21809.7,27971.5,1.0449,42.290626594103735,-8381000000.0,30.0
2022-08-05,19940.98,21811.6,27966.67,1.0735,39.44133368271529,-7555000000.0,31.0
2022-08-06,19954.21,21810.5,27922.46,1.0619,41.74181803032035,-7571000000.0,31.0
2022-08-07,20299.45,21810.4,27016.25,1.0691,40.10280463770098,-7386000000.0,30.0
2022-08-08,20313.7,21814.0,26987.46,1.099,37.885560209824305,-6671000000.0,30.0
2022-08-09,20304.9,21785.0,26884.43,1.0718,39.96851032758973,-7075000000.0,42.0
2022-08-10,20343.33,21800.8,26825.3,1.1051,37.546474000740254,-5327000000.0,31.0
2022-08-11,20353.06,21796.2,26775.44,1.1058,37.9914931808098,-5031000000.0,41.0
2022-08-12,20355.84,21803.6,26788.93,1.1269,36.83900542430312,-4855000000.0,42.0
2022-08-13,20343.65,21803.2,26827.52,1.1283,37.232417036970816,-4500000000.0,46.0
2022-08-14,20356.5,21800.9,26787.25,1.1232,37.209097816299504,-2988000000.0,47.0
2022-08-15,20367.85,21793.0,26729.57,1.1129,37.32092727921144,-3162000000.0,45.0
2022-08-16,20372.64,21791.3,26705.01,1.103,38.72570955307852,-3098000000.0,44.0
2022-08-17,20367.78,21777.6,26649.75,1.0792,40.85021079683818,-3455000000.0,41.0
2022-08-18,20368.65,21773.7,26621.96,1.0741,41.241668351834726,-3064000000.0,30.0
2022-08-19,20368.71,21727.6,26439.3,0.9686,47.38719024862348,-4082000000.0,33.0
2022-08-20,20371.25,21722.6,26412.4,0.9799,46.29263496305118,-3429000000.0,29.0
2022-08-21,20374.2,21722.0,26397.7,0.9988,44.302955813550774,-2639000000.0,27.0
2022-08-22,20373.04,21708.7,26336.56,0.9877,44.86993198525844,-2616000000.0,29.0
2022-08-23,20381.63,21701.8,26283.74,0.9987,44.168772033098364,-2664000000.0,28.0
2022-08-24,20411.35,21693.2,26157.88,0.994,45.276921935228785,-2268000000.0,25.0
2022-08-25,20424.65,21684.5,26083.06,1.0018,43.550916323411485,-2096000000.0,25.0
2022-08-26,20432.18,21664.7,25971.63,0.9403,49.28666224174245,-2720000000.0,27.0
2022-08-27,20475.05,21651.5,25794.85,0.9313,48.7986841008911,-3204000000.0,28.0
2022-08-28,20484.39,21649.0,25744.23,0.9142,49.95516851422189,-3245000000.0,28.0
2022-08-29,20496.98,21650.1,25695.54,0.9419,47.74633511149521,-3200000000.0,24.0
2022-08-30,20491.12,21621.9,25570.15,0.9223,49.49266896347477,-3604000000.0,27.0
2022-08-31,20508.6,21612.3,25474.55,0.932,48.501333239047,-3823000000.0,23.0
2022-09-01,20605.77,21599.8,25100.76,0.9362,47.45164923815634,-3876000000.0,20.0
2022-09-02,20610.3,21581.6,25004.96,0.9295,48.38563869758687,-4105000000.0,25.0
2022-09-03,20622.79,21577.9,24938.39,0.923,48.779519053188494,-3823000000.0,21.0
2022-09-04,20659.46,21580.5,24814.97,0.9302,47.83459145415541,-3808000000.0,20.0
2022-09-05,20667.26,21573.7,24749.68,0.9229,48.633658665371264,-3919000000.0,23.0
2022-09-06,20673.75,21541.9,24560.19,0.8798,52.10759751406105,-4529000000.0,22.0
2022-09-07,20691.69,21533.0,24456.84,0.901,49.73730814059607,-4769000000.0,24.0
2022-09-08,20694.99,21521.0,24377.62,0.9027,49.41601812684114,-4446000000.0,20.0
2022-09-09,20700.18,21535.7,24423.97,0.9976,42.4932341823319,-4466000000.0,22.0
2022-09-10,20706.42,21537.3,24407.7,1.014,41.37921407843697,-4344000000.0,28.0
2022-09-11,20714.09,21533.4,24350.97,1.0151,40.85262304906307,-4558000000.0,26.0
2022-09-12,20733.25,21536.7,24296.77,1.0445,40.43899039629985,-4486000000.0,25.0
2022-09-13,20715.55,21466.6,23992.94,0.9448,47.22453868489696,-5784000000.0,34.0
2022-09-14,20706.87,21444.4,23912.08,0.9496,46.76856118188612,-6061000000.0,27.0
2022-09-15,20696.79,21414.4,23800.3,0.9251,49.18015689709078,-6602000000.0,28.0
2022-09-16,20697.89,21407.7,23759.86,0.9275,48.3676533335177,-6470000000.0,20.0
2022-09-17,20699.7,21405.0,23739.57,0.9454,46.484704946499456,-6443000000.0,22.0
2022-09-18,20701.95,21396.6,23693.81,0.9131,49.966390772969966,-5726000000.0,27.0
2022-09-19,20702.12,21382.2,23617.31,0.9199,48.971198466905385,-5910000000.0,21.0
2022-09-20,20708.36,21364.4,23510.46,0.8883,51.87033439562177,-6239000000.0,23.0
2022-09-21,20706.7,21346.0,23437.17,0.8717,52.10254330099204,-6338000000.0,23.0
2022-09-22,20708.37,21346.1,23422.18,0.9146,48.07035206208922,-6209000000.0,22.0
2022-09-23,20709.29,21340.7,23393.73,0.9107,48.872514441540574,-6150000000.0,20.0
2022-09-24,20711.36,21336.3,23366.06,0.8919,51.33521450924251,-6071000000.0,24.0
2022-09-25,20729.41,21330.2,23270.07,0.8859,51.93276148684516,-5812000000.0,24.0
2022-09-26,20741.72,21326.9,23209.14,0.9053,48.97187800992718,-5622000000.0,21.0
2022-09-27,20740.25,21311.1,23130.42,0.9015,50.403697295124516,-5882000000.0,20.0
2022-09-28,20774.5,21297.4,22928.79,0.9185,47.63926937077599,-6167000000.0,20.0
2022-09-29,20829.62,21289.3,22644.77,0.9231,46.50994951611101,-5785000000.0,22.0
2022-09-30,20825.77,21274.1,22552.68,0.919,47.206410755561194,-5891000000.0,21.0
2022-10-01,20829.2,21270.6,22518.45,0.9134,49.032250703046486,-5712000000.0,20.0
2022-10-02,20833.13,21265.4,22475.42,0.8995,51.21185517748113,-5461000000.0,24.0
2022-10-03,20840.63,21264.2,22436.69,0.9289,46.06139060226965,-5413000000.0,24.0
2022-10-04,20834.56,21263.5,22434.24,0.9624,42.91577627677681,-5478000000.0,20.0
2022-10-05,20835.0,21257.0,22396.62,0.9539,43.701712675314205,-5469000000.0,25.0
2022-10-06,20850.61,21249.6,22310.47,0.9445,45.37522747424984,-5000000000.0,26.0
2022-10-07,20863.74,21238.6,22224.03,0.9253,47.44355908310175,-5037000000.0,23.0
2022-10-08,20859.78,21229.2,22173.82,0.92,48.417617405097516,-4981000000.0,24.0
2022-10-09,20867.97,21227.1,22130.37,0.9207,48.847141890988084,-5302000000.0,22.0
2022-10-10,20867.53,21217.3,22081.46,0.9081,50.65433205306448,-5521000000.0,22.0
2022-10-11,20870.85,21209.0,22024.63,0.903,51.45361772310889,-5608000000.0,24.0
2022-10-12,20869.86,21186.7,21995.74,0.9088,49.58032174287453,-6102000000.0,20.0
2022-10-13,20873.91,21182.0,21954.8,0.92,47.46809544229702,-4849000000.0,20.0
2022-10-14,20878.65,21174.5,21884.21,0.9103,49.073599088384796,-4563000000.0,24.0
2022-10-15,20886.12,21171.6,21854.84,0.9053,51.40600968412512,-4045000000.0,24.0
2022-10-16,20884.47,21168.8,21847.65,0.9145,48.397735315474954,-3967000000.0,24.0
2022-10-17,20871.41,21150.1,21800.84,0.9294,45.69571225109275,-4278000000.0,20.0
2022-10-18,20904.75,21161.6,21709.23,0.9186,47.830747663180425,-3897000000.0,22.0
2022-10-19,20916.53,21149.6,21599.28,0.9092,50.7947886051894,-3850000000.0,23.0
2022-10-20,20922.65,21142.5,21538.18,0.9048,52.08550590918378,-3647000000.0,23.0
2022-10-21,20929.06,21137.6,21487.44,0.9117,49.660727805274114,-3384000000.0,23.0
2022-10-22,20932.62,21123.1,21453.54,0.9134,49.59321910662567,-3665000000.0,20.0
2022-10-23,20936.05,21123.0,21433.81,0.9305,45.09053325520379,-3561000000.0,23.0
2022-10-24,20932.92,21120.1,21421.97,0.9201,47.14178421996057,-3534000000.0,22.0
2022-10-25,20941.85,21126.0,21417.8,0.9556,42.82454518959154,-3308000000.0,20.0
2022-10-26,20927.83,21136.5,21514.29,0.9887,40.58500818180759,-3043000000.0,33.0
2022-10-27,20929.78,21133.4,21483.39,0.9643,43.09204927918903,-2798000000.0,32.0
2022-10-28,20932.72,21132.8,21469.7,0.9798,41.628103098809554,-2545000000.0,30.0
2022-10-29,20927.99,21132.8,21486.11,0.9893,40.58107115322665,-2392000000.0,34.0
2022-10-30,20930.85,21127.3,21449.35,0.9806,41.67139458633615,-2210000000.0,34.0
2022-10-31,20927.21,21122.5,21439.94,0.9749,42.061432983666684,-2237000000.0,31.0
2022-11-01,20926.2,21116.4,21411.94,0.9748,42.153185249049415,-2255000000.0,30.0
2022-11-02,20928.06,21108.9,21364.82,0.9592,44.37193015777592,-2381000000.0,30.0
2022-11-03,20933.59,21106.0,21318.91,0.9617,44.49736073687483,-2423000000.0,30.0
2022-11-04,20955.38,21136.5,21380.32,1.006,38.898153882482504,-1719000000.0,30.0
2022-11-05,20955.77,21133.2,21379.77,1.012,38.77957398207508,-1643000000.0,38.0
2022-11-06,20953.92,21128.3,21363.67,0.9962,40.19022366296018,-1529000000.0,40.0
2022-11-07,20911.71,21072.4,21268.81,0.9806,42.32265129624457,-2427000000.0,33.0
2022-11-08,20899.23,21028.8,21106.11,0.8846,53.08558395200041,-3224000000.0,31.0
2022-11-09,20878.32,20900.7,20712.53,0.7559,54.74224499428673,-5497000000.0,29.0
2022-11-10,20859.02,20885.2,20661.3,0.8424,52.41162418188384,-5638000000.0,22.0
2022-11-11,20848.5,20850.5,20530.04,0.8137,52.28152879163583,-5877000000.0,25.0
2022-11-12,20810.24,20798.2,20422.86,0.8088,53.1643007419278,-6787000000.0,21.0
2022-11-13,20813.42,20783.2,20320.75,0.7876,54.7181033338916,-6937000000.0,22.0
2022-11-14,20803.32,20751.5,20184.22,0.8039,52.89289266773808,-7495000000.0,24.0
2022-11-15,20779.97,20715.1,20096.92,0.8163,51.89596106648583,-8140000000.0,22.0
2022-11-16,20763.32,20667.2,19931.8,0.8086,52.414703452236076,-8701000000.0,23.0
2022-11-17,20697.7,20580.5,19767.57,0.8128,51.0452739802227,-10588000000.0,20.0
2022-11-18,20472.06,20355.9,19588.43,0.8209,51.79424909611605,-14674000000.0,23.0
2022-11-19,20465.35,20345.8,19558.34,0.8231,50.75721758788315,-14732000000.0,23.0
2022-11-20,20463.93,20329.3,19497.92,0.8015,54.75622506722966,-14959000000.0,24.0
2022-11-21,20443.13,20290.9,19395.02,0.7798,55.18680592878276,-15420000000.0,21.0
2022-11-22,20429.03,20265.5,19318.18,0.8004,53.16725455486558,-15910000000.0,22.0
2022-11-23,20469.96,20275.3,19214.57,0.8198,50.261577042698434,-15665000000.0,22.0
2022-11-24,20469.09,20264.1,19167.91,0.8207,50.4847034906365,-15995000000.0,20.0
2022-11-25,20460.55,20247.7,19132.02,0.8182,52.19047147051411,-16515000000.0,20.0
2022-11-26,20447.94,20238.5,19111.81,0.815,53.03464905831893,-16638000000.0,22.0
2022-11-27,20448.37,20222.4,19084.5,0.8146,53.42656800874696,-16939000000.0,26.0
2022-11-28,20429.56,20206.4,19028.92,0.8046,53.071066538116646,-17248000000.0,28.0
2022-11-29,20426.24,20196.6,18991.75,0.8164,52.14961884891242,-17331000000.0,26.0
2022-11-30,20423.99,20189.1,18945.87,0.8532,45.275548665096146,-17389000000.0,29.0
2022-12-01,20421.84,20179.3,18907.72,0.8429,46.215294533739375,-17460000000.0,27.0
2022-12-02,20415.87,20166.7,18867.69,0.8491,45.51148569214003,-17560000000.0,27.0
2022-12-03,20412.17,20160.9,18855.22,0.8406,47.21680100259149,-17619000000.0,27.0
2022-12-04,20401.32,20150.7,18838.97,0.8521,45.03771116232588,-18400000000.0,26.0
2022-12-05,20340.27,20080.1,18802.16,0.8466,46.247088109326874,-19696000000.0,26.0
2022-12-06,20319.97,20073.9,18791.7,0.8528,45.042100152346194,-19723000000.0,25.0
2022-12-07,20317.73,20069.3,18767.94,0.842,48.848418194474576,-18735000000.0,29.0
2022-12-08,20308.82,20061.2,18757.76,0.8615,44.33625230789148,-18054000000.0,25.0
2022-12-09,20287.13,20042.8,18763.48,0.8575,45.11917488691962,-15949000000.0,26.0
2022-12-10,20287.4,20042.0,18742.88,0.8569,45.65962881198628,-15665000000.0,27.0
2022-12-11,20283.55,20035.3,18727.0,0.8557,45.83471370607305,-15127000000.0,26.0
2022-12-12,20280.14,20028.8,18716.54,0.8609,44.30808392621275,-14252000000.0,27.0
2022-12-13,20267.48,20022.9,18729.15,0.8902,43.595037991686304,-14073000000.0,27.0
2022-12-14,20258.82,20005.2,18720.45,0.8925,44.0801471266934,-13802000000.0,30.0
2022-12-15,20261.75,19998.2,18660.88,0.8695,45.32293362354698,-13241000000.0,31.0
2022-12-16,20256.57,19983.5,18600.77,0.833,51.29841984097698,-12607000000.0,29.0
2022-12-17,20252.52,19977.6,18590.85,0.8417,49.612651500952666,-11054000000.0,28.0
2022-12-18,20248.25,19974.5,18586.23,0.842,49.994603830427465,-6799000000.0,26.0
2022-12-19,20238.86,19943.4,18568.45,0.8249,53.698360147572025,-7206000000.0,29.0
2022-12-20,20232.44,19940.0,18574.18,0.8491,46.968324920843,-6955000000.0,29.0
2022-12-21,20220.03,19924.8,18541.73,0.8447,48.66033338583303,-6507000000.0,26.0
2022-12-22,20210.55,19917.5,18502.61,0.8459,47.82980642283373,-6160000000.0,28.0
2022-12-23,20197.31,19908.4,18483.32,0.8447,49.528443743753776,-6525000000.0,27.0
2022-12-24,20194.07,19904.9,18477.99,0.8478,47.63849821756886,-6380000000.0,29.0
2022-12-25,20184.37,19894.4,18465.32,0.8476,47.370113320512445,-6267000000.0,29.0
2022-12-26,20188.37,19891.7,18424.35,0.8505,45.83704712575648,-6139000000.0,28.0
2022-12-27,20184.58,19881.2,18399.99,0.8417,50.35923543095719,-6037000000.0,27.0
2022-12-28,20161.49,19851.7,18357.12,0.8347,52.74299121419677,-6293000000.0,28.0
2022-12-29,20162.9,19833.1,18320.7,0.8397,50.131651692674076,-6462000000.0,28.0
2022-12-30,20158.45,19826.0,18298.33,0.8382,50.825584685466914,-6451000000.0,28.0
2022-12-31,20115.09,19783.7,18269.6,0.8365,53.03071910083068,-7079000000.0,25.0
2023-01-01,20135.46,19781.1,18101.43,0.8408,50.4007066747896,-6881000000.0,26.0
2023-01-02,20134.66,19778.5,18095.3,0.845,49.19014999093098,-6817000000.0,27.0
2023-01-03,20128.89,19769.8,18072.59,0.8445,49.60434564993335,-6789000000.0,26.0
2023-01-04,20118.82,19759.0,18061.82,0.854,45.05840127546525,-5639000000.0,29.0
2023-01-05,20116.82,19751.6,18038.51,0.8531,45.62538068904424,-5659000000.0,29.0
2023-01-06,20112.77,19741.4,18012.4,0.8601,43.937818736616535,-5767000000.0,26.0
2023-01-07,20108.9,19737.9,18005.19,0.8596,43.91926632068239,-5680000000.0,25.0
2023-01-08,20107.46,19734.4,17997.3,0.8656,42.95868374524014,-5395000000.0,25.0
2023-01-09,20105.95,19732.2,17991.8,0.872,42.83736679454104,-5424000000.0,25.0
2023-01-10,20102.29,19722.7,17984.75,0.8849,41.53642787027457,-5474000000.0,26.0
2023-01-11,20099.99,19708.2,17987.31,0.9055,40.58801793336394,-5627000000.0,26.0
2023-01-12,20096.44,19719.3,18034.97,0.9578,39.83822018015977,-5303000000.0,30.0
2023-01-13,20087.19,19735.8,18164.86,1.0078,36.35212755362396,-4644000000.0,31.0
2023-01-14,20084.9,19748.5,18219.46,1.0651,33.0854808446444,-4259000000.0,46.0
2023-01-15,20079.32,19751.3,18249.19,1.0582,33.70059994596333,-3919000000.0,52.0
2023-01-16,20079.83,19759.9,18282.89,1.0732,32.89828177072908,-3640000000.0,45.0
2023-01-17,20081.01,19769.3,18334.8,1.0725,33.491785850115946,-3399000000.0,51.0
2023-01-18,20069.88,19766.1,18367.57,1.049,36.18571656604914,-2862000000.0,52.0
2023-01-19,20055.55,19761.7,18400.33,1.0676,33.856549251758906,-2879000000.0,45.0
2023-01-20,20050.26,19783.3,18493.7,1.1473,30.444792650655092,-2173000000.0,51.0
2023-01-21,20045.42,19790.5,18542.73,1.1542,30.95257929842142,-1891000000.0,53.0
2023-01-22,20045.46,19797.8,18575.96,1.1494,31.249424042586806,-1576000000.0,53.0
2023-01-23,20037.48,19801.4,18629.06,1.16,30.796968005149132,-1433000000.0,50.0
2023-01-24,20034.91,19805.0,18652.93,1.1437,32.134215055929744,-1160000000.0,52.0
2023-01-25,20031.09,19815.1,18720.92,1.1683,29.76797522502806,-909000000.0,51.0
2023-01-26,19983.5,19804.0,18878.61,1.164,30.80548831378565,-914000000.0,54.0
2023-01-27,19952.16,19792.2,18951.57,1.1678,30.263923863688227,-576000000.0,55.0
2023-01-28,19951.39,19794.7,18969.39,1.1645,31.238917573654785,-168000000.0,52.0
2023-01-29,19949.4,19802.3,19008.84,1.2029,28.337287486204115,117000000.0,55.0
2023-01-30,19947.62,19801.9,19033.76,1.1533,32.71025838552091,922000000.0,61.0
2023-01-31,19943.89,19809.7,19083.26,1.1697,29.98530893393789,1118000000.0,51.0
2023-02-01,19940.52,19834.8,19204.11,1.1986,28.46657542062405,1647000000.0,56.0
2023-02-02,19935.95,19839.4,19244.14,1.1871,29.63357381458559,1904000000.0,60.0
2023-02-03,19928.57,19845.5,19308.42,1.1837,29.903268922043246,2229000000.0,60.0
2023-02-04,19926.78,19852.8,19350.26,1.1787,30.55754380215958,2507000000.0,58.0
2023-02-05,19924.6,19852.2,19357.73,1.1587,33.7685965826806,2689000000.0,58.0
2023-02-06,19922.78,19853.0,19366.06,1.1479,34.92490124203566,2772000000.0,56.0
2023-02-07,19917.94,19857.7,19406.15,1.174,30.193234986157496,2928000000.0,54.0
2023-02-08,19917.04,19859.6,19433.57,1.1571,33.83716558012871,3007000000.0,58.0
2023-02-09,19912.68,19852.0,19428.5,1.1009,35.996542317196116,3042000000.0,55.0
2023-02-10,19909.29,19845.5,19413.49,1.0913,35.85786901677592,3194000000.0,48.0
2023-02-11,19907.93,19845.2,19418.1,1.1036,34.97969171933054,2976000000.0,49.0
2023-02-12,19903.86,19843.2,19425.41,1.099,35.467921468088974,2620000000.0,50.0
2023-02-13,19900.35,19841.1,19431.48,1.1005,34.980566047320835,2332000000.0,48.0
2023-02-14,19898.01,19842.8,19444.25,1.1218,34.02714393461052,2311000000.0,50.0
2023-02-15,19892.5,19862.5,19555.08,1.2259,27.528263788952586,2527000000.0,53.0
2023-02-16,19889.84,19868.0,19598.06,1.1971,29.453192483761622,2455000000.0,62.0
2023-02-17,19885.42,19880.4,19662.06,1.2402,27.96797053156813,2761000000.0,61.0
2023-02-18,19884.01,19883.3,19685.33,1.2414,27.849713041585954,2902000000.0,60.0
2023-02-19,19882.58,19885.8,19703.44,1.2277,28.753635209596215,2538000000.0,60.0
2023-02-20,19880.39,19891.5,19740.35,1.2491,27.774861523573506,2509000000.0,58.0
2023-02-21,19875.92,19893.6,19769.36,1.2289,28.78840623666229,2414000000.0,60.0
2023-02-22,19862.4,19889.5,19804.33,1.2172,28.89236027121624,2265000000.0,59.0
2023-02-23,19860.66,19892.4,19823.33,1.2043,29.805582225836527,2254000000.0,56.0
2023-02-24,19848.7,19885.8,19838.08,1.1678,32.0376660528793,1928000000.0,53.0
2023-02-25,19847.14,19885.8,19843.3,1.167,31.87331141737631,2139000000.0,52.0
2023-02-26,19845.9,19885.8,19860.01,1.1861,30.548990555659625,2365000000.0,51.0
2023-02-27,19842.88,19876.0,19896.43,1.1839,30.587422986192394,2126000000.0,50.0
2023-02-28,19817.57,19866.3,19900.52,1.167,32.916153350851765,1787000000.0,53.0
2023-03-01,19788.85,19859.4,19961.84,1.1911,30.119174768421647,1666000000.0,50.0
2023-03-02,19783.54,19857.4,19975.1,1.1841,30.81891354760365,1479000000.0,51.0
2023-03-03,19780.91,19848.8,19949.57,1.128,36.11115774439689,836000000.0,50.0
2023-03-04,19781.0,19848.6,19945.81,1.1272,36.24569686164568,744000000.0,50.0
2023-03-05,19762.64,19836.7,19961.79,1.1322,35.85396817430724,397000000.0,47.0
2023-03-06,19756.59,19832.1,19965.16,1.1322,36.029466757145144,170000000.0,48.0
2023-03-07,19664.66,19762.9,19988.12,1.124,36.732650028043224,-1155000000.0,49.0
2023-03-08,19662.97,19756.2,19965.12,1.1003,37.76839940589605,-1302000000.0,50.0
2023-03-09,19658.7,19736.2,19896.82,1.0327,41.90170635310219,-1778000000.0,44.0
2023-03-10,19656.38,19752.5,19851.96,1.0277,41.72071308453796,-1499000000.0,34.0
2023-03-11,19649.59,19768.9,19837.73,1.0456,40.831408490111805,-1038000000.0,33.0
2023-03-12,19646.84,19785.3,19875.95,1.1206,35.70964569107849,-595000000.0,33.0
2023-03-13,19645.39,19801.7,20020.94,1.2249,27.56721758237466,-274000000.0,49.0
2023-03-14,19639.82,19818.0,20158.46,1.2546,27.210010030716113,80000000.0,56.0
2023-03-15,19632.09,19834.4,20231.71,1.2359,28.803846715624474,436000000.0,50.0
2023-03-16,19627.99,19850.8,20307.07,1.2673,26.708543882116793,718000000.0,52.0
2023-03-17,19622.38,19867.1,20604.51,1.3854,25.61464681668981,652000000.0,51.0
2023-03-18,19621.14,19872.7,20643.99,1.3615,27.109931352487795,653000000.0,64.0
2023-03-19,19616.54,19888.2,20734.58,1.421,25.630030767320363,709000000.0,63.0
2023-03-20,19626.5,19905.1,20793.61,1.4021,26.78858718532242,980000000.0,66.0
2023-03-21,19623.48,19925.7,20899.66,1.4179,25.8615459028591,1328000000.0,68.0
2023-03-22,19617.17,19932.6,20963.27,1.3756,27.640615489543098,1352000000.0,62.0
2023-03-23,19609.08,19964.9,21133.77,1.4262,25.75373478938037,1938000000.0,57.0
2023-03-24,19603.61,19970.5,21185.07,1.3794,28.037289441129484,2128000000.0,61.0
2023-03-25,19598.22,19983.6,21224.66,1.3805,27.96418788885136,2321000000.0,64.0
2023-03-26,19593.8,19996.6,21292.17,1.4081,26.443766878571303,2701000000.0,64.0
2023-03-27,19588.96,20009.6,21409.83,1.3619,28.671028450496163,2954000000.0,64.0
2023-03-28,19582.95,20016.6,21474.44,1.3679,28.088573181799116,3089000000.0,59.0
2023-03-29,19578.11,20033.8,21582.81,1.4222,25.92506690256665,3611000000.0,57.0
2023-03-30,19070.29,19727.4,21982.33,1.4255,27.21286857716382,-2123000000.0,60.0
2023-03-31,19063.92,19749.5,22100.58,1.4492,24.649661308209893,-1566000000.0,63.0
2023-04-01,19061.06,19757.5,22158.67,1.4475,24.947579122322917,-1371000000.0,61.0
2023-04-02,19058.76,19759.9,22181.72,1.4305,26.89336243527863,-1163000000.0,63.0
2023-04-03,19056.76,19765.1,22218.83,1.4143,28.551032723637004,-1062000000.0,63.0
2023-04-04,19043.79,19771.5,22307.44,1.427,27.264010346712514,-706000000.0,62.0
2023-04-05,19027.08,19776.6,22446.28,1.4296,27.26088639051114,-518000000.0,62.0
2023-04-06,19006.71,19781.7,22540.67,1.4221,27.897895774647154,916000000.0,63.0
2023-04-07,18990.34,19786.8,22566.76,1.4167,28.600029488931803,1145000000.0,64.0
2023-04-08,18990.01,19789.0,22575.86,1.418,29.755368496804646,1575000000.0,61.0
2023-04-09,18992.34,19808.4,22586.17,1.4377,25.14681642229099,1633000000.0,61.0
2023-04-10,18982.02,19827.7,22714.47,1.5036,23.388788722623996,1690000000.0,62.0
2023-04-11,18958.11,19847.1,22933.47,1.5294,23.263798940176972,1747000000.0,68.0
2023-04-12,18930.47,19861.0,23083.68,1.5128,24.56717841201553,1701000000.0,65.0
2023-04-13,18925.82,19875.0,23184.36,1.5346,22.566600865528272,1655000000.0,61.0
2023-04-14,18926.19,19889.0,23288.63,1.5374,22.792927924129472,1608000000.0,68.0
2023-04-15,18924.47,19895.4,23317.01,1.5313,23.306804925225173,1416000000.0,68.0
2023-04-16,18923.62,19901.7,23349.38,1.5295,23.57766795439129,1223000000.0,68.0
2023-04-17,18918.56,19908.1,23391.83,1.487,25.982418234544948,1237000000.0,69.0
2023-04-18,18915.28,19914.5,23508.71,1.5309,23.03227823272879,1062000000.0,58.0
2023-04-19,18915.46,19920.9,23527.81,1.4517,27.474318086774442,856000000.0,63.0
2023-04-20,18909.86,19920.0,23573.28,1.4243,29.48461465177342,441000000.0,52.0
2023-04-21,18907.1,19919.2,23579.31,1.376,32.10835235424569,290000000.0,50.0
2023-04-22,18903.38,19922.2,23625.42,1.4028,30.952928010508078,-281000000.0,53.0
2023-04-23,18904.56,19925.8,23660.7,1.3914,31.641354968205402,-322000000.0,56.0
2023-04-24,18901.08,19928.4,23692.36,1.3871,31.40205839316487,-524000000.0,53.0
2023-04-25,18893.68,19931.1,23781.3,1.4262,27.11153226450026,-725000000.0,53.0
2023-04-26,18885.58,19939.1,23880.4,1.43,27.083299359043213,-824000000.0,56.0
2023-04-27,18875.13,19949.3,24089.7,1.4837,25.52564764741907,-763000000.0,59.0
2023-04-28,18871.77,19963.7,24163.87,1.477,26.147755773761553,-817000000.0,64.0
2023-04-29,18869.83,19966.4,24221.35,1.4699,26.472367902962603,5158000000.0,64.0
2023-04-30,18865.04,19968.7,24283.29,1.4768,25.89556727677538,4777000000.0,60.0
2023-05-01,18856.29,19964.1,24345.27,1.4144,30.333870756451226,4537000000.0,63.0
2023-05-02,18851.98,19971.3,24416.35,1.443,27.06592852064701,4627000000.0,55.0
2023-05-03,18847.98,20006.0,24624.06,1.4583,26.338473690393783,5201000000.0,64.0
2023-05-04,18844.08,20011.0,24657.65,1.4487,26.671059504000777,5171000000.0,64.0
2023-05-05,18840.22,20016.0,24721.77,1.4831,25.229404236760068,5167000000.0,61.0
2023-05-06,18837.6,20050.8,24745.82,1.4503,27.814215356610255,5742000000.0,60.0
2023-05-07,18835.04,20085.6,25305.22,1.4363,31.953526196198453,6317000000.0,64.0
2023-05-08,18831.32,20120.4,25345.61,1.3847,34.74830920158787,6948000000.0,60.0
2023-05-09,18832.23,20116.9,25372.07,1.3803,33.78626783440323,6507000000.0,51.0
2023-05-10,18828.39,20114.4,25399.82,1.3806,33.59867743664586,6089000000.0,52.0
2023-05-11,18822.07,20110.3,25413.72,1.348,35.60955017376104,5636000000.0,52.0
2023-05-12,18819.15,20111.2,25426.22,1.3372,35.39166806911477,5383000000.0,49.0
2023-05-13,18817.34,20110.9,25453.74,1.3406,35.64934413818273,5106000000.0,48.0
2023-05-14,18816.95,20113.2,25484.06,1.3442,34.79614847472275,4884000000.0,48.0
2023-05-15,18830.58,20134.7,25527.12,1.3584,34.21624628102909,5179000000.0,50.0
2023-05-16,18829.95,20141.3,25573.95,1.3477,35.08429428944777,5184000000.0,54.0
2023-05-17,18826.07,20140.9,25627.22,1.3661,33.077261075597434,5052000000.0,50.0
2023-05-18,18821.97,20140.5,25638.23,1.3384,35.979311178824105,4921000000.0,51.0
2023-05-19,18820.15,20137.6,25628.86,1.3409,35.16308054290262,4744000000.0,48.0
2023-05-20,18819.44,20139.3,25639.26,1.3513,33.93445749920263,4792000000.0,48.0
2023-05-21,18816.82,20139.4,25654.06,1.3352,36.377004428680806,4812000000.0,52.0
2023-05-22,18806.23,20167.3,25693.72,1.3391,36.14192509373886,5293000000.0,49.0
2023-05-23,18795.8,20171.7,25751.86,1.3569,33.48664553979854,5309000000.0,50.0
2023-05-24,18792.81,20167.2,25738.08,1.3131,37.09952459887757,5173000000.0,50.0
2023-05-25,18797.69,20182.0,25763.95,1.3186,36.274711087837986,5410000000.0,51.0
2023-05-26,18792.84,20182.3,25792.33,1.3301,36.02644861725754,5264000000.0,49.0
2023-05-27,18790.58,20182.9,25818.38,1.3368,34.91520660951906,5081000000.0,48.0
2023-05-28,18790.94,20191.4,25865.78,1.3981,29.500068678838627,4969000000.0,50.0
2023-05-29,18787.15,20195.7,25898.89,1.3812,31.28006273795714,5003000000.0,52.0
2023-05-30,18785.73,20203.6,25945.1,1.3782,31.470281201606692,5111000000.0,51.0
2023-05-31,18785.54,20204.3,25955.93,1.3534,33.12967409537913,5209000000.0,51.0
2023-06-01,18777.36,20206.6,25966.5,1.3339,36.63076092785179,5115000000.0,52.0
2023-06-02,18774.79,20211.5,26005.41,1.3549,32.720214066984504,4542000000.0,50.0
2023-06-03,18772.86,20211.4,26022.11,1.3461,34.357697275627984,4444000000.0,53.0
2023-06-04,18771.67,20211.3,26035.83,1.35,34.25426041802945,4346000000.0,52.0
2023-06-05,18760.29,20201.7,25990.21,1.2827,38.16712203894477,3486000000.0,53.0
2023-06-06,18758.19,20214.7,26099.1,1.3528,32.15867319552189,3066000000.0,44.0
2023-06-07,18753.24,20211.0,26156.64,1.3095,36.96196322147111,2320000000.0,53.0
2023-06-08,18752.73,20212.1,26170.31,1.3185,36.655180856128034,2408000000.0,50.0
2023-06-09,18748.65,20212.4,26239.01,1.3159,36.77627140449311,2461000000.0,50.0
2023-06-10,18741.58,20207.1,26226.14,1.2861,37.97147346685507,2440000000.0,49.0
2023-06-11,18740.89,20204.9,26225.4,1.2883,37.625076327538274,2383000000.0,47.0
2023-06-12,18739.65,20201.5,26235.01,1.2884,37.080082594511545,2325000000.0,47.0
2023-06-13,18740.63,20199.1,26231.25,1.287,38.25395868703821,2230000000.0,45.0
2023-06-14,18732.28,20195.1,26204.9,1.2484,38.87025657442811,1731000000.0,46.0
2023-06-15,18725.72,20192.2,26204.79,1.2714,38.18227515876527,1546000000.0,41.0
2023-06-16,18722.55,20197.1,26261.89,1.3095,35.716850803506475,1651000000.0,47.0
2023-06-17,18721.12,20196.6,26274.13,1.3186,35.086196341230334,1647000000.0,47.0
2023-06-18,18721.87,20202.6,26288.09,1.3102,35.97957409414516,1819000000.0,49.0
2023-06-19,18719.97,20194.6,26267.07,1.3319,32.88716628880751,1633000000.0,47.0
2023-06-20,18691.23,20202.9,26390.19,1.4074,25.663855645809463,1790000000.0,49.0
2023-06-21,18674.35,20225.8,26577.44,1.4946,22.654684163034723,1694000000.0,59.0
2023-06-22,18671.89,20248.8,26662.26,1.4864,23.473004462238304,2052000000.0,65.0
2023-06-23,18661.7,20270.7,26795.34,1.5188,21.73887150119884,2560000000.0,65.0
2023-06-24,18663.74,20281.3,26846.13,1.5137,22.302276324343104,2480000000.0,62.0
2023-06-25,18665.96,20288.3,26881.93,1.5091,21.232568922998286,2610000000.0,64.0
2023-06-26,18664.8,20299.5,26968.96,1.4977,23.299833949056428,2815000000.0,55.0
2023-06-27,18665.34,20319.7,27070.83,1.517,22.02666151060204,3039000000.0,59.0
2023-06-28,18662.67,20339.9,27115.76,1.4877,24.924895850129825,3343000000.0,62.0
2023-06-29,18632.88,20342.0,27222.42,1.5054,23.05270339001509,3230000000.0,54.0
2023-06-30,18636.56,20358.2,27278.22,1.5056,21.887035300956416,3534000000.0,56.0
2023-07-01,18651.66,20386.8,27322.94,1.5083,22.638763631085375,4046000000.0,59.0
2023-07-02,18654.55,20392.1,27347.44,1.5085,23.692204149796815,4053000000.0,63.0
2023-07-03,18656.24,20404.3,27410.17,1.5343,21.514731551410694,4291000000.0,62.0
2023-07-04,18660.55,20408.8,27444.61,1.5174,20.535369810228257,4382000000.0,64.0
2023-07-05,18661.79,20413.0,27478.23,1.5022,22.287642169765164,4652000000.0,61.0
2023-07-06,18604.82,20387.6,27537.61,1.4785,27.04652759167417,3904000000.0,56.0
2023-07-07,18605.69,20393.8,27565.53,1.4954,24.80803419392509,4102000000.0,55.0
2023-07-08,18608.35,20396.2,27585.03,1.4919,23.410617380033866,4131000000.0,58.0
2023-07-09,18609.9,20399.0,27598.91,1.4867,21.77771141917881,4181000000.0,55.0
2023-07-10,18606.44,20405.6,27652.5,1.4976,28.91822822590007,4410000000.0,56.0
2023-07-11,18609.46,20417.1,27695.71,1.5077,22.864128845791715,4674000000.0,57.0
2023-07-12,18615.68,20423.8,27737.21,1.496,29.568662074896654,4867000000.0,64.0
2023-07-13,18598.43,20432.1,27847.6,1.547,20.391880046689273,5072000000.0,57.0
2023-07-14,18602.05,20432.5,27848.53,1.4917,26.371743947169147,5160000000.0,60.0
2023-07-15,18604.84,20433.6,27878.42,1.4906,26.05925348600254,5238000000.0,56.0
2023-07-16,18605.47,20435.5,27891.85,1.4884,26.40734097537403,5180000000.0,57.0
2023-07-17,18588.78,20430.9,27903.81,1.4836,28.556731471472542,5100000000.0,54.0
2023-07-18,18589.71,20437.5,27938.93,1.4678,28.335567499867853,5112000000.0,56.0
2023-07-19,18588.3,20443.4,27979.35,1.4712,27.854025419180907,5382000000.0,50.0
2023-07-20,18587.08,20449.3,28000.24,1.4656,31.620735810566877,5337000000.0,56.0
2023-07-21,18570.65,20444.7,28037.07,1.4715,28.40286455601467,4800000000.0,50.0
2023-07-22,18573.37,20444.9,28048.12,1.4618,29.031711439160464,4360000000.0,52.0
2023-07-23,18574.44,20445.1,28070.38,1.4783,26.41194178920567,3942000000.0,54.0
2023-07-24,18575.85,20445.3,28063.04,1.4348,30.220293696592368,3738000000.0,55.0
2023-07-25,18574.81,20445.5,28064.47,1.437,29.94609266757627,3605000000.0,50.0
2023-07-26,18576.27,20445.6,28080.01,1.4438,29.441656233814523,3392000000.0,51.0
2023-07-27,18528.72,20426.0,28106.88,1.4373,30.094116693915662,2619000000.0,51.0
2023-07-28,18370.2,20356.2,28238.49,1.4479,28.98770770076948,872000000.0,52.0
2023-07-29,18375.17,20357.9,28239.86,1.45,28.762612442769708,862000000.0,52.0
2023-07-30,18378.72,20356.6,28231.77,1.4451,29.436760500734305,522000000.0,52.0
2023-07-31,18374.0,20355.4,28230.86,1.4432,30.665003262800578,-55000000.0,50.0
2023-08-01,18375.91,20358.2,28240.38,1.4568,26.81865886094203,-106000000.0,53.0
2023-08-02,18366.66,20350.7,28233.9,1.4398,30.69822057393832,-488000000.0,53.0
2023-08-03,18370.12,20352.1,28237.16,1.4421,29.25902965666925,-547000000.0,52.0
2023-08-04,18372.97,20353.2,28243.52,1.4353,31.65225662734787,-613000000.0,54.0
2023-08-05,18377.21,20340.7,28242.86,1.4351,31.33962265167995,-105000000.0,50.0
2023-08-06,18382.88,20342.6,28246.62,1.4347,31.146884948564715,-196000000.0,49.0
2023-08-07,18386.94,20342.4,28257.99,1.4404,29.969109169059823,-232000000.0,49.0
2023-08-08,18387.28,20344.4,28314.71,1.4706,26.134935011885993,-223000000.0,54.0
2023-08-09,18393.51,20350.0,28326.45,1.4605,27.400064620079714,-277000000.0,50.0
2023-08-10,18394.25,20350.8,28332.62,1.4529,28.09373286524558,-496000000.0,53.0
2023-08-11,18399.14,20354.6,28339.6,1.4512,28.030794305729707,-549000000.0,51.0
2023-08-12,18410.76,20357.9,28378.3,1.4517,28.173421472596843,-638000000.0,54.0
2023-08-13,18420.04,20360.7,28394.01,1.4451,29.641908174802037,-603000000.0,54.0
2023-08-14,18422.26,20363.5,28466.62,1.4511,28.111447254653097,-566000000.0,50.0
2023-08-15,18424.51,20365.2,28470.73,1.4392,31.156072416633272,-584000000.0,53.0
2023-08-16,18425.98,20365.2,28474.15,1.4189,33.20345809217097,-527000000.0,52.0
2023-08-17,18419.32,20357.2,28382.3,1.3166,39.04497337157028,-990000000.0,50.0
2023-08-18,18407.22,20338.7,28314.39,1.2868,40.60980329812692,-1406000000.0,37.0
2023-08-19,18412.04,20335.3,28345.25,1.2897,40.33011248932752,-1563000000.0,39.0
2023-08-20,18412.03,20329.2,28346.27,1.2938,40.14847397210609,-1579000000.0,37.0
2023-08-21,18412.16,20323.0,28250.78,1.2915,39.91807100871301,-1691000000.0,38.0
2023-08-22,18410.93,20316.9,28200.49,1.2844,40.14201384305666,-1803000000.0,37.0
2023-08-23,18409.34,20310.8,28195.92,1.3079,38.12237662883408,-1914000000.0,37.0
2023-08-24,18411.03,20304.7,28168.06,1.2922,39.631141815174765,-2026000000.0,41.0
2023-08-25,18411.13,20296.8,28120.51,1.2883,40.21686783976025,-2184000000.0,39.0
2023-08-26,18414.09,20294.9,28108.67,1.2867,40.6429353783337,-1830000000.0,38.0
2023-08-27,18425.28,20296.9,28100.9,1.2906,39.458912534442376,-433000000.0,38.0
2023-08-28,18427.19,20293.0,28073.18,1.2916,39.1714527917255,-539000000.0,39.0
2023-08-29,18405.53,20282.0,28096.06,1.3695,33.484986012491106,-551000000.0,39.0
2023-08-30,18413.45,20284.1,28088.38,1.3511,34.23484688195386,-548000000.0,49.0
2023-08-31,18410.57,20280.8,28040.55,1.2851,41.24289250563405,-802000000.0,52.0
2023-09-01,18409.78,20272.5,27998.31,1.2781,41.142481386206555,-762000000.0,40.0
2023-09-02,18414.59,20271.0,27997.64,1.2814,40.879159605721334,-807000000.0,39.0
2023-09-03,18431.66,20269.2,28005.11,1.2861,40.33129802237939,-855000000.0,40.0
2023-09-04,18432.89,20267.1,27990.76,1.2782,41.22093995592572,-915000000.0,40.0
2023-09-05,18433.57,20272.4,27958.18,1.2777,40.98171770593961,-1060000000.0,40.0
2023-09-06,18540.43,20257.5,27921.21,1.2766,40.6886440775283,-1146000000.0,42.0
2023-09-07,18547.65,20254.6,27919.15,1.2992,37.569190410579296,-1213000000.0,41.0
2023-09-08,18546.41,20253.8,27893.34,1.2842,39.79449315028616,-1342000000.0,46.0
2023-09-09,18545.17,20251.4,27881.98,1.2838,39.74428416170993,-1389000000.0,41.0
2023-09-10,18548.92,20250.7,27869.99,1.2807,40.4563390392516,-1480000000.0,40.0
2023-09-11,18550.01,20244.0,27819.59,1.2466,42.139645510229556,-1725000000.0,40.0
2023-09-12,18555.88,20242.0,27824.76,1.2825,40.08324196387805,-1791000000.0,30.0
2023-09-13,18566.64,20241.7,27817.66,1.3007,37.35852544432038,-1834000000.0,41.0
2023-09-14,18570.53,20248.5,27812.97,1.3165,35.8972236207812,-1715000000.0,45.0
2023-09-15,18574.47,20264.1,27816.24,1.3221,35.465468823061734,-1606000000.0,45.0
2023-09-16,18577.06,20264.5,27810.82,1.3162,35.91005385963516,-1264000000.0,43.0
2023-09-17,18597.32,20265.2,27793.12,1.3136,36.140340033415924,-949000000.0,46.0
2023-09-18,18612.74,20271.3,27783.3,1.3262,35.38763973356746,-786000000.0,46.0
2023-09-19,18637.38,20287.2,27789.61,1.3475,33.091218439668424,-368000000.0,46.0
2023-09-20,18644.69,20286.2,27780.82,1.3434,33.6015395241154,-279000000.0,47.0
2023-09-21,18665.98,20282.9,27790.58,1.3157,36.823441608764476,-234000000.0,47.0
2023-09-22,18673.4,20282.8,27781.14,1.3162,36.69643101893368,-132000000.0,43.0
2023-09-23,18680.81,20283.0,27774.16,1.3159,36.621637441176865,-18000000.0,47.0
2023-09-24,18690.96,20282.0,27755.81,1.3016,38.899742081904165,118000000.0,44.0
2023-09-25,18693.56,20281.6,27743.49,1.3018,38.392911261983016,139000000.0,47.0
2023-09-26,18696.45,20280.0,27730.05,1.2972,39.225904415289754,66000000.0,46.0
2023-09-27,18701.87,20278.6,27723.02,1.3042,38.2261356209386,117000000.0,44.0
2023-09-28,18702.38,20268.4,27736.7,1.3384,34.00658511067313,232000000.0,46.0
2023-09-29,18699.95,20272.4,27740.97,1.3322,34.76814438752934,297000000.0,48.0
2023-09-30,18697.53,20275.3,27744.91,1.3353,34.4888011911813,551000000.0,47.0
2023-10-01,18695.41,20277.1,27765.91,1.3584,30.581823685711825,756000000.0,48.0
2023-10-02,18685.76,20284.1,27780.53,1.352,32.18722610294608,762000000.0,50.0
2023-10-03,18686.51,20295.9,27777.61,1.369,32.39596238638219,863000000.0,50.0
2023-10-04,18685.56,20304.3,27810.62,1.351,31.37662950499457,1072000000.0,49.0
2023-10-05,18685.24,20301.0,27803.69,1.3758,32.94861738708075,1120000000.0,48.0
2023-10-06,18693.43,20309.5,27826.74,1.3769,30.907819134192522,1358000000.0,50.0
2023-10-07,18701.62,20302.6,27832.31,1.375,30.70743458952896,1477000000.0,49.0
2023-10-08,18706.22,20304.1,27836.28,1.3576,31.084009755173057,1559000000.0,50.0
2023-10-09,18720.52,20310.1,27915.17,1.3492,32.441721392430786,1723000000.0,50.0
2023-10-10,18725.33,20310.3,27906.38,1.3203,33.93610068480587,1734000000.0,50.0
2023-10-11,18717.15,20320.3,27874.7,1.3162,36.816791914384034,1866000000.0,47.0
2023-10-12,18717.58,20317.8,27859.64,1.3212,37.38399295137977,1844000000.0,45.0
2023-10-13,18755.15,20316.4,27847.44,1.3216,36.601161663480354,1800000000.0,44.0
2023-10-14,18792.72,20326.0,27819.05,1.3347,36.7165290842042,1847000000.0,47.0
2023-10-15,18802.03,20327.7,27825.17,1.4015,33.96367979397467,1810000000.0,45.0
2023-10-16,18808.1,20340.4,27893.03,1.3976,27.867151074892746,2049000000.0,47.0
2023-10-17,18805.64,20344.7,27918.55,1.3922,28.722219054490484,2122000000.0,52.0
2023-10-18,18804.07,20348.5,27944.08,1.4102,29.109469756635963,2074000000.0,50.0
2023-10-19,18812.43,20345.4,27957.52,1.4589,27.09046220889618,1705000000.0,52.0
2023-10-20,18808.72,20362.0,28034.99,1.4692,23.344022586368663,2046000000.0,53.0
2023-10-21,18829.24,20367.1,28062.45,1.4719,22.695902898932882,2211000000.0,63.0
2023-10-22,18814.21,20371.6,28085.9,1.6135,22.391372417233562,2306000000.0,53.0
2023-10-23,18800.29,20424.0,28341.67,1.6544,18.321156865216846,3325000000.0,53.0
2023-10-24,18794.62,20479.3,28640.13,1.6816,18.97352338364354,4421000000.0,66.0
2023-10-25,18793.29,20509.4,28787.19,1.6637,18.01204246417121,5015000000.0,72.0
2023-10-26,18799.71,20545.9,28899.84,1.6488,19.088855864858374,5763000000.0,71.0
2023-10-27,18802.07,20558.6,28970.1,1.6574,19.682361315135108,6037000000.0,70.0
2023-10-28,18806.13,20569.4,29025.2,1.68,19.552025785730027,6169000000.0,65.0
2023-10-29,18812.6,20580.1,29073.76,1.6747,17.83276683590741,6332000000.0,72.0
2023-10-30,18817.81,20597.8,29179.25,1.68,17.98330915812457,6624000000.0,68.0
2023-10-31,18819.47,20617.1,29270.22,1.7153,17.389352808866906,6904000000.0,66.0
2023-11-01,18833.18,20656.1,29424.3,1.6874,16.882528124047706,7677000000.0,66.0
2023-11-02,18841.92,20672.2,29509.04,1.6775,17.512840387484935,7921000000.0,72.0
2023-11-03,18849.98,20690.8,29583.82,1.6952,18.02122431269786,8122000000.0,65.0
2023-11-04,18858.04,20700.3,29629.51,1.6953,17.261679648913912,8373000000.0,68.0
2023-11-05,18868.15,20707.1,29664.83,1.6901,17.397434679216122,8344000000.0,70.0
2023-11-06,18930.31,20719.8,29821.09,1.7077,17.831065116434463,8469000000.0,74.0
2023-11-07,18931.79,20740.5,29890.61,1.7245,17.042973057575615,8846000000.0,68.0
2023-11-08,18934.92,20758.7,29981.76,1.7622,16.72024075411906,9080000000.0,66.0
2023-11-09,18894.42,20812.2,30253.3,1.7929,16.671712900691848,10131000000.0,69.0
2023-11-10,18889.15,20842.5,30383.53,1.7736,16.150557100392202,10768000000.0,70.0
2023-11-11,18886.3,20850.4,30422.65,1.7765,17.1378909390501,10971000000.0,70.0
2023-11-12,18887.1,20857.5,30465.65,1.7512,16.961270294314925,11141000000.0,73.0
2023-11-13,18888.46,20867.3,30515.64,1.7054,18.515584430604218,11143000000.0,72.0
2023-11-14,18888.65,20869.4,30530.04,1.8102,19.495102274915954,11145000000.0,69.0
2023-11-15,18886.06,20904.6,30696.34,1.7292,15.449331026555694,11587000000.0,60.0
2023-11-16,18890.4,20911.2,30747.06,1.7478,19.034810807834877,11630000000.0,70.0
2023-11-17,18894.5,20923.2,30822.12,1.7477,18.186423141283047,11793000000.0,63.0
2023-11-18,18894.8,20928.9,30847.89,1.7882,18.143208173660483,11967000000.0,69.0
2023-11-19,18897.85,20939.4,30909.35,1.7897,15.733115593324984,11854000000.0,66.0
2023-11-20,18902.51,20961.8,31026.24,1.7177,15.990785120275,12194000000.0,69.0
2023-11-21,18901.63,20978.4,31065.48,1.7807,20.644861428379283,12431000000.0,71.0
2023-11-22,18900.75,21005.2,31230.03,1.7756,16.312846822823666,11931000000.0,62.0
2023-11-23,18899.87,21013.9,31289.84,1.7937,17.195039171301826,11024000000.0,66.0
2023-11-24,18903.34,21028.9,31368.63,1.7969,16.052118313360026,10734000000.0,66.0
2023-11-25,18906.81,21035.9,31425.28,1.7813,15.631457522461258,10158000000.0,73.0
2023-11-26,18961.84,21043.0,31635.28,1.7687,16.862803639722117,10048000000.0,73.0
2023-11-27,18971.44,21048.9,31683.86,1.7957,18.102024337853873,9951000000.0,66.0
2023-11-28,18981.05,21066.2,31773.17,1.7944,15.77314894693575,10082000000.0,68.0
2023-11-29,18975.46,21091.1,31861.52,1.7878,16.170064126412292,10223000000.0,72.0
2023-11-30,18969.88,21094.6,31996.73,1.832,17.0273738767146,9911000000.0,74.0
2023-12-01,18970.6,21126.9,32132.32,1.8666,14.26264926188855,9783000000.0,71.0
2023-12-02,18979.59,21141.7,32198.9,1.8896,13.142467305619375,9757000000.0,74.0
2023-12-03,18988.58,21157.3,32296.14,1.9742,12.463697127697184,9703000000.0,73.0
2023-12-04,19025.64,21229.5,32649.96,2.0702,11.303534247688207,10928000000.0,74.0
2023-12-05,19057.02,21286.2,33017.62,2.049,10.336649607313579,11902000000.0,75.0
2023-12-06,19050.35,21349.8,33345.66,2.0242,11.114556500629504,12901000000.0,72.0
2023-12-07,19043.69,21382.7,33539.48,2.0636,11.922980774432965,13136000000.0,72.0
2023-12-08,19057.19,21421.8,33714.95,2.0406,10.322609994623116,13546000000.0,72.0
2023-12-09,19070.7,21434.8,33842.23,2.0391,11.821653125305774,12757000000.0,73.0
2023-12-10,19074.44,21446.8,33913.69,1.9204,11.696282138049707,12398000000.0,74.0
2023-12-11,19072.33,21458.8,33961.0,1.9284,14.827754269559623,12478000000.0,74.0
2023-12-12,19079.83,21503.4,34107.52,1.9945,14.372026329878448,13211000000.0,67.0
2023-12-13,19114.54,21528.7,34309.97,1.9971,12.295448363611637,13518000000.0,65.0
2023-12-14,19117.33,21548.1,34423.88,1.9456,12.110761546460019,13860000000.0,72.0
2023-12-15,19109.74,21576.1,34493.18,1.9546,13.865618626425912,13722000000.0,70.0
2023-12-16,19131.69,21591.9,34507.08,1.9184,13.386104849164314,13903000000.0,67.0
2023-12-17,19127.31,21595.1,34499.83,1.971,15.583377038977877,13732000000.0,73.0
2023-12-18,19137.31,21631.6,34597.27,1.9523,12.417560588376663,14337000000.0,65.0
2023-12-19,19124.85,21652.7,34681.35,2.0104,13.672985779695741,14546000000.0,73.0
2023-12-20,19137.84,21690.3,34850.99,2.0206,11.545700782519495,14841000000.0,74.0
2023-12-21,19139.26,21712.0,34977.18,2.0244,11.09895632880197,14942000000.0,70.0
2023-12-22,19137.37,21740.1,35083.62,2.0121,10.540225991439073,14971000000.0,74.0
2023-12-23,19143.23,21753.4,35150.83,1.979,11.635570493880042,15065000000.0,70.0
2023-12-24,19150.15,21777.6,35213.94,2.0022,13.79681514263877,15248000000.0,71.0
2023-12-25,19198.42,21788.3,35382.61,1.9477,12.256059869734543,15318000000.0,73.0
2023-12-26,19197.99,21816.4,35474.22,1.9845,14.501989419664675,15730000000.0,71.0
2023-12-27,19220.11,21887.6,35653.27,1.9482,12.838171060333016,17008000000.0,73.0
2023-12-28,19233.63,21902.7,35741.65,1.9153,14.48133554824901,16963000000.0,73.0
2023-12-29,19199.15,21928.1,35950.25,1.9235,16.37930816933108,16974000000.0,65.0
2023-12-30,19204.02,21941.2,35992.02,1.9232,15.757362344294503,17167000000.0,68.0
2023-12-31,19202.47,21952.1,36035.95,2.005,16.01354821520555,16749000000.0,67.0
2024-01-01,19205.69,21969.7,36128.29,2.0418,10.106897425025636,16807000000.0,65.0
2024-01-02,19197.94,22010.1,36343.08,1.9416,10.353544984407739,17289000000.0,71.0
2024-01-03,19223.69,22030.0,36478.22,1.9913,14.062840265322313,16269000000.0,70.0
2024-01-04,19155.6,22222.3,37413.9,1.9838,11.012870061924474,18930000000.0,68.0
2024-01-05,19164.05,22253.9,37528.57,1.9726,10.871518194191689,18307000000.0,72.0
2024-01-06,19167.93,22263.7,37574.54,1.9686,11.610789389328545,17860000000.0,70.0
2024-01-07,19173.08,22271.9,37646.07,2.1052,11.728599657392124,17253000000.0,71.0
2024-01-08,19179.98,22316.8,37861.68,2.0611,8.982166483084502,17874000000.0,71.0
2024-01-09,19179.47,22358.8,38007.93,2.0904,10.36884839844741,18467000000.0,76.0
2024-01-10,19188.65,22396.3,38208.36,2.0676,9.766211588226028,18965000000.0,73.0
2024-01-11,19196.13,22432.7,38359.16,1.9102,10.280085926394012,18809000000.0,76.0
2024-01-12,19190.27,22415.7,38248.24,1.911,16.575776799430493,17984000000.0,71.0
2024-01-13,19194.15,22421.0,38263.07,1.8681,16.410221897540765,17711000000.0,64.0
2024-01-14,19198.67,22423.2,38256.58,1.8958,19.76283651838386,17202000000.0,60.0
2024-01-15,19200.24,22433.0,38308.22,1.9151,18.030445198290142,17082000000.0,52.0
2024-01-16,19243.73,22542.3,38448.39,1.8929,15.13274959527781,19158000000.0,64.0
2024-01-17,19231.59,22552.1,38483.27,1.8264,17.66257756259642,18630000000.0,60.0
2024-01-18,19229.21,22591.9,38453.23,1.8403,21.585283498398834,18993000000.0,63.0
2024-01-19,19223.83,22608.4,38507.54,1.8428,20.491599510793062,18581000000.0,51.0
2024-01-20,19225.98,22611.3,38524.42,1.8368,20.480999921837636,18213000000.0,52.0
2024-01-21,19228.46,22614.0,38537.42,1.7507,20.86860777687325,17714000000.0,56.0
2024-01-22,19211.09,22606.4,38470.08,1.7569,24.10737772305809,17305000000.0,55.0
2024-01-23,19201.38,22618.5,38501.35,1.7694,22.85759019943795,17065000000.0,50.0
2024-01-24,19200.2,22664.1,38543.81,1.7599,22.435586461000884,17754000000.0,48.0
2024-01-25,19206.47,22681.6,38633.75,1.8437,22.936286795040935,17553000000.0,52.0
2024-01-26,19200.25,22705.3,38764.24,1.8545,18.752709694833666,16626000000.0,49.0
2024-01-27,19201.28,22714.7,38806.44,1.8478,17.91218765199415,16524000000.0,55.0
2024-01-28,19201.27,22720.2,38833.4,1.9003,18.72091504905214,16138000000.0,54.0
2024-01-29,19187.48,22743.1,38969.46,1.8845,13.98779570866759,16331000000.0,55.0
2024-01-30,19165.51,22791.8,39119.43,1.8658,15.726794586944314,17070000000.0,61.0
2024-01-31,19162.01,22826.7,39278.8,1.8837,18.054442710894985,17409000000.0,60.0
2024-02-01,19159.09,22838.3,39349.01,1.8885,14.540185259748705,16850000000.0,63.0
2024-02-02,19152.6,22851.9,39395.44,1.8807,14.249502278440147,16732000000.0,63.0
2024-02-03,19154.54,22855.1,39424.49,1.8624,15.387851351241089,13026000000.0,60.0
2024-02-04,19160.04,22860.7,39478.56,1.8633,18.763078398915628,12518000000.0,60.0
2024-02-05,19157.84,22872.7,39519.0,1.8818,17.951104484745752,12565000000.0,60.0
2024-02-06,19165.39,22905.3,39600.12,1.9299,14.72769448787429,13053000000.0,64.0
2024-02-07,19180.44,22930.2,39740.77,1.9742,10.731194212231939,12666000000.0,62.0
2024-02-08,19189.19,22961.7,39881.71,2.0509,10.200245653584666,12460000000.0,66.0
2024-02-09,19184.86,23003.1,40095.94,2.0757,9.102542535360138,12542000000.0,72.0
2024-02-10,19184.03,23024.5,40197.75,2.0917,7.794932915228663,12246000000.0,74.0
2024-02-11,19183.64,23044.1,40301.48,2.1635,7.457918459600186,12961000000.0,71.0
2024-02-12,19170.37,23106.5,40621.46,2.1446,6.356007083434246,14086000000.0,70.0
2024-02-13,19169.89,23141.3,40777.52,2.2275,7.088175203273051,14726000000.0,79.0
2024-02-14,19160.61,23274.8,41225.28,2.2277,5.938289195262317,17159000000.0,74.0
2024-02-15,19158.74,23315.4,41439.88,2.2334,6.155863437511602,15820000000.0,72.0
2024-02-16,19153.16,23353.7,41603.03,2.2111,5.6941530134648435,16382000000.0,72.0
2024-02-17,19173.76,23370.5,41801.03,2.2292,7.508553484373601,15935000000.0,76.0
2024-02-18,19174.91,23393.1,41895.24,2.2077,5.765717246599033,16052000000.0,72.0
2024-02-19,19187.67,23465.3,42049.1,2.2264,7.845863112813136,17413000000.0,75.0
2024-02-20,19182.36,23494.3,42193.56,2.1992,5.738061418331129,17931000000.0,72.0
2024-02-21,19166.14,23528.5,42379.46,2.1763,7.803791963037025,18747000000.0,78.0
2024-02-22,19170.98,23569.1,42566.07,2.151,9.090020683513002,19306000000.0,74.0
2024-02-23,19154.21,23611.4,42688.13,2.1829,9.879138833455068,19245000000.0,76.0
2024-02-24,19155.04,23628.6,42760.26,2.1887,7.793154603451511,19233000000.0,72.0
2024-02-25,19159.9,23642.3,42829.73,2.3004,7.051390474315277,19042000000.0,74.0
2024-02-26,19157.0,23714.5,43234.96,2.393,5.017242405587567,20270000000.0,72.0
2024-02-27,19151.88,23840.6,43807.6,2.5788,3.2107609372993555,22635000000.0,79.0
2024-02-28,19122.14,24220.8,45374.48,2.5236,0.5925550333267922,29653000000.0,82.0
2024-02-29,19147.19,24328.0,45798.09,2.5522,2.048838209182289,30804000000.0,80.0
2024-03-01,19147.7,24498.3,46359.95,2.5305,1.2838491119318503,33469000000.0,80.0
2024-03-02,19152.81,24520.5,46483.09,2.5649,1.798841254854226,33675000000.0,80.0
2024-03-03,19160.53,24558.9,46686.12,2.7512,0.5386020812051021,34158000000.0,83.0
2024-03-04,19157.48,24749.9,47485.37,2.5658,0.03901824464954813,37846000000.0,82.0
2024-03-05,19111.03,24924.4,47852.63,2.6122,1.9372567285848346,41169000000.0,90.0
2024-03-06,19048.53,25305.5,48919.05,2.6307,2.7233976412280465,48420000000.0,75.0
2024-03-07,19055.92,25495.3,49590.77,2.6638,1.6520983679630665,51513000000.0,82.0
2024-03-08,19035.04,25656.7,50162.6,2.6645,0.6657659800342735,54199000000.0,81.0
2024-03-09,19039.43,25709.8,50374.13,2.6733,0.5755421893833983,54630000000.0,84.0
2024-03-10,19042.31,25766.5,50566.89,2.776,0.6797828739151334,54931000000.0,79.0
2024-03-11,19027.65,26007.6,51525.31,2.7328,0.8397582661103223,59254000000.0,82.0
2024-03-12,19023.11,26138.7,52059.26,2.7468,1.9551921087038695,61451000000.0,81.0
2024-03-13,19030.25,26605.7,52834.33,2.6766,1.8962293588788892,69403000000.0,81.0
2024-03-14,19035.86,26714.6,53105.12,2.5932,4.239069621105805,70865000000.0,88.0
2024-03-15,19037.38,26772.1,53350.9,2.4434,4.365335008357482,69375000000.0,83.0
2024-03-16,19047.48,26780.2,53381.33,2.542,8.3148990302481,68737000000.0,81.0
2024-03-17,19061.4,26863.1,53544.6,2.5188,4.461438597298603,69620000000.0,79.0
2024-03-18,19094.29,26906.5,53902.5,2.3065,5.624406996685206,70147000000.0,77.0
2024-03-19,19080.31,26867.3,53748.62,2.5174,10.153325322304553,68941000000.0,79.0
2024-03-20,19066.2,26951.3,54070.03,2.4251,4.687668366137425,69181000000.0,74.0
2024-03-21,19041.15,26991.0,54125.8,2.3472,8.098913319875912,69391000000.0,78.0
2024-03-22,19053.77,27047.3,54155.35,2.3551,9.228666047876851,69829000000.0,75.0
2024-03-23,19109.41,27328.1,54433.1,2.4591,8.500066801093672,74560000000.0,73.0
2024-03-24,19112.33,27363.6,54544.88,2.532,5.401495628022659,74433000000.0,74.0
2024-03-25,19110.45,27663.0,54863.18,2.5299,3.658293074001106,79986000000.0,75.0
2024-03-26,19109.92,27697.6,55159.92,2.4973,4.3180940245564345,80396000000.0,81.0
2024-03-27,19107.0,27737.0,55292.27,2.5423,4.60381156756075,79757000000.0,83.0
2024-03-28,19108.04,27859.2,55603.19,2.5068,2.8470946632843384,79688000000.0,80.0
2024-03-29,19110.21,27890.8,55709.55,2.496,4.829399718839343,72847000000.0,79.0
2024-03-30,19120.27,27910.1,55845.7,2.5495,5.395932146352836,71128000000.0,75.0
2024-03-31,19149.65,27938.1,56081.99,2.4839,2.0215899562960553,68334000000.0,75.0
2024-04-01,19178.14,28098.0,56315.25,2.3258,4.123149328710643,71049000000.0,79.0
2024-04-02,19176.59,28176.6,56398.15,2.3436,10.701481732026162,71844000000.0,79.0
2024-04-03,19183.43,28217.7,56506.25,2.4223,9.666823989475025,68906000000.0,71.0
2024-04-04,19188.83,28252.9,56642.01,2.4018,5.807550870177954,66169000000.0,70.0
2024-04-05,19188.32,28272.0,56676.66,2.4423,6.389155763290128,59063000000.0,79.0
2024-04-06,19192.05,28307.5,56814.38,2.4498,4.129681061910296,56029000000.0,75.0
2024-04-07,19202.8,28326.1,56894.06,2.5259,3.825170285295542,53231000000.0,78.0
2024-04-08,19207.7,28390.5,57135.99,2.4312,2.551689578938571,53455000000.0,76.0
2024-04-09,19212.65,28412.3,57239.21,2.4809,5.176322435079114,52772000000.0,80.0
2024-04-10,19220.79,28449.3,57354.25,2.4599,2.9782742436180842,48763000000.0,78.0
2024-04-11,19219.52,28475.0,57427.37,2.3557,4.191561376432423,46692000000.0,76.0
2024-04-12,19223.58,28483.3,57461.13,2.2667,8.863815212880715,37676000000.0,79.0
2024-04-13,19232.42,28477.9,57428.46,2.3038,12.616051107888426,35436000000.0,72.0
2024-04-14,19235.18,28495.9,57466.56,2.2247,11.228394753797076,34666000000.0,72.0
2024-04-15,19239.07,28495.8,57478.14,2.2356,13.565885808633794,34507000000.0,74.0
2024-04-16,19250.9,28531.6,57515.22,2.1501,12.91507373289355,33588000000.0,65.0
2024-04-17,19262.2,28521.4,57468.85,2.2237,15.325183252441773,32531000000.0,67.0
2024-04-18,19250.72,28561.1,57501.32,2.2295,12.933067133243444,34086000000.0,57.0
2024-04-19,19244.05,28599.2,57573.22,2.2689,12.611180940323553,33185000000.0,66.0
2024-04-20,19254.1,28608.0,57623.62,2.2702,10.95027370977876,32568000000.0,66.0
2024-04-21,19261.33,28618.1,57670.12,2.3364,11.06427333447769,31651000000.0,72.0
2024-04-22,19265.75,28653.2,57764.42,2.3154,8.394825509408776,26808000000.0,73.0
2024-04-23,19340.54,28670.8,58217.31,2.2292,9.023828195944269,26442000000.0,71.0
2024-04-24,19294.88,28795.2,58398.76,2.2394,12.619274926415438,22995000000.0,72.0
2024-04-25,19296.7,28809.1,58444.25,2.2134,12.144938556221966,22576000000.0,72.0
2024-04-26,19294.07,28814.3,58422.88,2.2003,13.892199895032627,21893000000.0,70.0
2024-04-27,19306.11,28827.7,58450.61,2.1827,14.321156381644661,19741000000.0,67.0
2024-04-28,19323.6,28853.0,58528.91,2.2131,15.343521878513044,19605000000.0,65.0
2024-04-29,19331.25,28878.0,58607.13,2.0995,13.179219958556237,19702000000.0,67.0
2024-04-30,19340.42,28881.4,58626.34,2.0152,17.352195202565312,19208000000.0,67.0
2024-05-01,19343.31,28852.1,58533.71,2.0509,18.359026215296506,15472000000.0,54.0
2024-05-02,19361.07,28850.8,58536.36,2.1807,17.762482978308196,13887000000.0,43.0
2024-05-03,19360.66,28882.6,58639.19,2.2107,12.899715431930323,13691000000.0,48.0
2024-05-04,19373.69,28896.0,58712.79,2.2167,12.051243682292261,13250000000.0,67.0
2024-05-05,19382.3,28902.8,58761.72,2.1862,11.771302867612203,12994000000.0,69.0
2024-05-06,19394.19,28921.4,58813.46,2.1572,13.633975683243124,12648000000.0,71.0
2024-05-07,19405.4,28924.9,58826.33,2.1105,15.177975378701019,12330000000.0,68.0
2024-05-08,19434.08,28940.1,58909.75,2.1752,16.436244185361588,11346000000.0,64.0
2024-05-09,19445.22,28961.8,58988.16,2.103,13.233056926239788,11334000000.0,55.0
2024-05-10,19467.09,28957.2,58994.07,2.1005,17.137429649726872,10500000000.0,66.0
2024-05-11,19480.48,28966.9,59037.21,2.1198,17.396900479201847,10176000000.0,53.0
2024-05-12,19501.74,28980.5,59104.4,2.1682,15.819128189045584,10267000000.0,56.0
2024-05-13,19518.06,29003.8,59195.78,2.1214,13.638320883354794,10816000000.0,57.0
2024-05-14,19566.95,29016.4,59320.43,2.2757,16.17396414522328,10695000000.0,66.0
2024-05-15,19618.75,29125.7,59638.84,2.2388,8.676252035652263,12838000000.0,64.0
2024-05-16,19638.07,29153.5,59744.34,2.2935,10.438116208023391,12664000000.0,70.0
2024-05-17,19659.27,29193.6,59901.9,2.2934,6.6172721369582765,13645000000.0,74.0
2024-05-18,19675.82,29205.1,59974.79,2.2677,6.226070135562103,13075000000.0,73.0
2024-05-19,19701.8,29218.3,60057.76,2.4307,9.447825009297794,12571000000.0,72.0
2024-05-20,19737.82,29292.5,60373.63,2.3922,1.4777404292957264,13864000000.0,70.0
2024-05-21,19745.93,29352.9,60585.15,2.3505,3.1317773245334384,14855000000.0,76.0
2024-05-22,19780.46,29387.2,60757.97,2.3034,4.98821942300986,14841000000.0,76.0
2024-05-23,19773.04,29416.5,60804.74,2.3299,6.677782834757044,15071000000.0,76.0
2024-05-24,19760.13,29446.7,60848.21,2.3518,4.970166205783127,13217000000.0,74.0
2024-05-25,19752.01,29460.0,60859.07,2.3219,4.374149377368523,13210000000.0,76.0
2024-05-26,19757.2,29478.6,60891.61,2.3493,6.444334093728891,13475000000.0,75.0
2024-05-27,19755.47,29518.6,60978.12,2.276,4.377667313339868,14001000000.0,74.0
2024-05-28,19933.37,30027.3,61282.48,2.2497,7.184720851214849,23524000000.0,72.0
2024-05-29,19928.75,30041.9,61315.31,2.2746,8.892514414571911,23322000000.0,72.0
2024-05-30,19907.78,30060.5,61483.25,2.2404,7.348249088527026,23619000000.0,73.0
2024-05-31,19916.12,30073.5,61529.84,2.2508,9.696915974278506,24455000000.0,73.0
2024-06-01,19918.63,30084.4,61575.53,2.2529,8.490876201635025,24695000000.0,72.0
2024-06-02,19933.6,30097.1,61632.49,2.2828,8.293889726840996,24321000000.0,73.0
2024-06-03,19928.56,30152.4,61771.45,2.336,5.410054227984063,25150000000.0,73.0
2024-06-04,19923.67,30202.5,61904.97,2.3501,2.5415751059361757,26002000000.0,73.0
2024-06-05,19932.76,30249.3,62036.58,2.3338,2.2365460656256415,26558000000.0,75.0
2024-06-06,20034.37,30331.8,62204.29,2.2838,3.490548277545837,28116000000.0,78.0
2024-06-07,20036.83,30361.3,62254.31,2.2818,5.769992911951925,28402000000.0,77.0
2024-06-08,20040.74,30375.8,62301.47,2.2918,5.934318464401501,28262000000.0,72.0
2024-06-09,20059.79,30388.6,62369.37,2.2844,5.1210728959056295,28607000000.0,75.0
2024-06-10,20084.97,30408.4,62477.36,2.2108,5.495127508750443,28805000000.0,72.0
2024-06-11,20104.73,30472.4,62513.18,2.2365,11.186968949253265,29799000000.0,74.0
2024-06-12,20397.09,30499.9,63368.63,2.1892,9.22404287949954,29882000000.0,72.0
2024-06-13,20405.36,30506.0,63389.46,2.1623,12.855519842762938,29756000000.0,70.0
2024-06-14,20423.78,30515.0,63417.2,2.1686,14.493437014666767,27779000000.0,74.0
2024-06-15,20460.12,30529.2,63512.97,2.1817,14.12668863426438,27512000000.0,74.0
2024-06-16,20480.88,30537.0,63554.03,2.176,12.651731190758309,26878000000.0,71.0
2024-06-17,20506.11,30553.1,63612.62,2.1312,12.664906610990416,26970000000.0,71.0
2024-06-18,20500.4,30552.3,63541.79,2.1225,15.460886025533583,26695000000.0,74.0
2024-06-19,20514.84,30566.7,63605.15,2.1228,15.773141973835939,25516000000.0,64.0
2024-06-20,20526.73,30571.4,64026.99,2.0948,15.904276719718492,24418000000.0,60.0
2024-06-21,20546.06,30592.3,63593.5,2.0944,17.309581591134624,24153000000.0,63.0
2024-06-22,20551.33,30681.0,64332.22,2.0646,16.55800196151986,25325000000.0,53.0
2024-06-23,20570.12,30681.1,63701.55,1.9659,18.84131507275295,24727000000.0,55.0
2024-06-24,20604.09,30652.8,63667.32,2.0138,21.650386862235006,23907000000.0,51.0
2024-06-25,20595.33,30657.9,64181.66,1.9831,19.213685804860713,23638000000.0,30.0
2024-06-26,20626.89,30655.6,63653.13,2.0045,21.592471340125986,22804000000.0,46.0
2024-06-27,20619.28,30715.9,64299.77,1.9633,19.26358933436458,13970000000.0,40.0
2024-06-28,20637.48,30714.9,63536.04,1.9821,22.129323754715465,13662000000.0,47.0
2024-06-29,20643.21,30719.8,64332.78,2.0423,20.88348276580122,13395000000.0,30.0
2024-06-30,20663.34,30732.5,64353.55,2.0432,17.244857314728513,13386000000.0,47.0
2024-07-01,20721.01,30754.2,64406.18,2.0171,17.37482583680279,13602000000.0,53.0
2024-07-02,20743.54,30751.7,63846.26,1.9565,18.64573036288108,13302000000.0,51.0
2024-07-03,20806.73,30777.7,63908.91,1.8671,22.274469971503095,12723000000.0,50.0
2024-07-04,20758.32,30752.1,63679.24,1.8422,25.230430227973322,11234000000.0,44.0
2024-07-05,20757.77,30790.4,63965.74,1.8917,24.605105161586224,11065000000.0,29.0
2024-07-06,20785.85,30797.0,63411.03,1.8221,22.49532871384418,9575000000.0,26.0
2024-07-07,20811.44,30795.1,63362.54,1.8423,26.032163997865904,8954000000.0,29.0
2024-07-08,20848.66,30772.1,63301.44,1.8828,24.557826111516174,8214000000.0,28.0
2024-07-09,20881.31,30794.9,63273.05,1.8737,22.038980851869308,8413000000.0,27.0
2024-07-10,20933.3,30806.9,63260.33,1.8604,22.68734952690523,8258000000.0,28.0
2024-07-11,20980.71,30804.1,63389.28,1.8777,23.853148644783587,6944000000.0,29.0
2024-07-12,21016.87,30813.9,63409.0,1.9245,22.171485392102785,6596000000.0,25.0
2024-07-13,21087.45,30828.9,63254.88,1.9783,20.96760614310483,6772000000.0,25.0
2024-07-14,21159.37,30842.9,63496.32,2.0943,19.52126394428794,6875000000.0,33.0
2024-07-15,21246.71,30909.4,63672.13,2.1025,12.487385996148477,7908000000.0,52.0
2024-07-16,21317.95,30972.2,63770.77,2.0722,11.949119122406673,8991000000.0,65.0
2024-07-17,21353.77,30982.0,63816.1,2.0633,14.588034083983597,8870000000.0,69.0
2024-07-18,21385.18,31010.9,63923.8,2.1468,14.997640029912242,9454000000.0,61.0
2024-07-19,21428.33,31095.6,64001.3,2.1595,9.551398818425236,10841000000.0,60.0
2024-07-20,21478.28,31111.0,64120.51,2.1862,8.08839303606774,11056000000.0,74.0
2024-07-21,21540.88,31130.3,64079.14,2.1675,6.721886335343719,11029000000.0,74.0
2024-07-22,21596.44,31158.4,64264.49,2.1096,7.256964367145324,9835000000.0,70.0
2024-07-23,21697.62,31246.0,64214.93,2.0911,12.678081714268115,11570000000.0,71.0
2024-07-24,21751.97,31253.5,64254.29,2.1011,14.233377466208312,12273000000.0,69.0
2024-07-25,21755.94,31280.5,64351.72,2.168,12.406945728025406,12711000000.0,68.0
2024-07-26,21777.57,31325.0,64514.81,2.1715,6.679501599607706,13637000000.0,68.0
2024-07-27,21787.76,31350.5,64593.66,2.1737,6.650728043024363,12953000000.0,72.0
2024-07-28,21823.89,31361.7,64489.35,2.1304,6.382245078533506,13197000000.0,71.0
2024-07-29,21817.57,31387.9,64763.73,2.1075,11.429315258787755,13619000000.0,74.0
2024-07-30,21734.49,31404.9,64592.11,2.0601,12.636522189500033,13708000000.0,67.0
2024-07-31,21742.2,31401.6,64801.5,2.0735,16.31491990535626,13215000000.0,61.0
2024-08-01,21721.16,31434.6,64674.33,1.9581,14.55516929926682,13916000000.0,52.0
2024-08-02,21685.24,31411.0,64842.9,1.9319,21.332747472788224,12935000000.0,57.0
2024-08-03,21675.6,31413.6,64821.06,1.8566,23.142914948196943,13490000000.0,37.0
2024-08-04,21678.62,31405.2,64480.37,1.7346,25.051600147947926,12573000000.0,34.0
2024-08-05,21728.3,31328.9,63959.74,1.7901,27.521721718521704,10935000000.0,26.0
2024-08-06,22090.83,31309.6,64021.91,1.761,26.488351493980552,10592000000.0,17.0
2024-08-07,22177.37,31305.5,63845.12,1.974,27.55617816800858,10961000000.0,29.0
2024-08-08,22214.69,31361.7,63902.19,1.9349,18.923519462008773,11618000000.0,20.0
2024-08-09,22183.96,31382.8,63923.76,1.9371,21.32955317983898,11799000000.0,48.0
2024-08-10,22191.59,31424.2,64024.04,1.8727,20.81052998700967,12669000000.0,40.0
2024-08-11,22259.56,31417.1,63961.85,1.8901,23.589031524277843,12338000000.0,39.0
2024-08-12,22427.55,31423.1,63939.43,1.9264,22.923888428667947,12159000000.0,25.0
2024-08-13,22697.4,31424.3,63603.16,1.8735,21.119512349538486,11905000000.0,31.0
2024-08-14,22794.28,31406.8,63705.28,1.8358,24.111974462878624,10246000000.0,30.0
2024-08-15,22883.67,31400.1,63289.97,1.8765,25.266722807428906,8878000000.0,29.0
2024-08-16,22889.85,31402.6,63545.64,1.8919,23.306731099942443,8731000000.0,27.0
2024-08-17,22928.04,31404.7,63542.58,1.872,22.093950690545036,8205000000.0,25.0
2024-08-18,23213.35,31406.6,63321.67,1.8913,23.599439358559156,6573000000.0,31.0
2024-08-19,23277.7,31413.4,63295.32,1.8824,21.89644827353138,6401000000.0,28.0
2024-08-20,23502.34,31408.0,62979.38,1.9452,22.899892604319092,5910000000.0,30.0
2024-08-21,23633.57,31427.1,63052.69,1.9212,18.570268800791847,5731000000.0,26.0
2024-08-22,23695.45,31436.3,62959.66,2.0359,21.11304061801087,4182000000.0,39.0
2024-08-23,23689.07,31488.1,62987.8,2.0321,14.461089464948545,5061000000.0,34.0
2024-08-24,23726.0,31506.8,63076.48,2.0466,15.001149406416765,4894000000.0,56.0
2024-08-25,23763.38,31515.0,63249.62,1.998,13.18602648094215,4176000000.0,54.0
2024-08-26,23763.93,31523.2,63097.46,1.892,16.93815037394644,3835000000.0,55.0
2024-08-27,23525.87,31474.0,62873.92,1.8758,23.22383864141837,2641000000.0,48.0
2024-08-28,23584.72,31506.5,62798.0,1.8834,24.10955940441417,2765000000.0,30.0
2024-08-29,23628.21,31507.6,62745.65,1.877,22.990007126567626,2448000000.0,29.0
2024-08-30,23852.95,31509.6,62664.92,1.8707,23.81685658038312,2552000000.0,34.0
2024-08-31,23922.4,31517.0,62612.9,1.82,23.861017316539176,2047000000.0,29.0
2024-09-01,23981.83,31510.2,62526.37,1.8771,26.8418798868306,2381000000.0,26.0
2024-09-02,24050.75,31515.5,62497.5,1.8297,22.460833229939855,2438000000.0,26.0
2024-09-03,24114.06,31500.7,62352.48,1.8419,26.303218933390205,2313000000.0,26.0
2024-09-04,24155.92,31508.0,62292.89,1.7819,25.280466115614285,3962000000.0,27.0
2024-09-05,24197.21,31490.0,62153.56,1.7108,28.403614949829187,3989000000.0,29.0
2024-09-06,24258.61,31469.8,61981.32,1.7182,29.91174489995219,3675000000.0,22.0
2024-09-07,24275.23,31466.8,61928.33,1.7435,29.69615460848753,2508000000.0,23.0
2024-09-08,24301.3,31465.6,61883.01,1.8141,28.723623992430124,2070000000.0,29.0
2024-09-09,24337.81,31495.9,61871.65,1.8309,25.844810857718247,1854000000.0,26.0
2024-09-10,24373.9,31496.0,61810.69,1.8228,24.64982371561118,1995000000.0,33.0
2024-09-11,24413.02,31495.0,61734.93,1.8449,25.12501265806092,1853000000.0,37.0
2024-09-12,24406.35,31505.2,61718.14,1.9182,23.465284214469726,2031000000.0,31.0
2024-09-13,24424.85,31559.8,61769.25,1.9011,18.67195039220916,3453000000.0,32.0
2024-09-14,24446.44,31565.1,61763.73,1.8732,19.960516762495754,3688000000.0,50.0
2024-09-15,24487.89,31566.4,61737.83,1.8442,21.83599070564155,3667000000.0,51.0
2024-09-16,24503.96,31573.1,61654.48,1.9066,23.353056775159565,3756000000.0,39.0
2024-09-17,24541.62,31595.3,61675.56,1.9385,19.584406514471066,4155000000.0,33.0
2024-09-18,24537.28,31625.8,61728.19,1.9894,16.792591602804414,4625000000.0,45.0
2024-09-19,24809.77,31665.0,62185.17,1.9913,14.537911301308316,5503000000.0,49.0
2024-09-20,24804.56,31715.7,62285.7,1.9972,14.626481559542592,6128000000.0,54.0
2024-09-21,24813.42,31727.9,62327.26,2.0031,13.919050686429944,6185000000.0,54.0
2024-09-22,24840.98,31736.9,62330.78,1.9932,13.520786592674568,5336000000.0,52.0
2024-09-23,24829.65,31775.9,62364.39,2.0232,14.668014207467829,5738000000.0,50.0
2024-09-24,24843.27,31802.0,62470.57,1.9808,11.756028744158113,6095000000.0,54.0
2024-09-25,24840.88,31835.0,62495.87,2.0409,16.09540449945174,6584000000.0,59.0
2024-09-26,24865.75,31876.9,62600.56,2.0611,11.145499580389496,8381000000.0,50.0
2024-09-27,24870.75,31908.5,62691.83,2.0597,9.947374460338478,8363000000.0,61.0
2024-09-28,24893.06,31931.6,62704.37,2.0544,9.627427610507176,8797000000.0,64.0
2024-09-29,24923.98,31940.5,62710.15,1.9807,11.33126043937884,8935000000.0,63.0
2024-09-30,24937.51,31938.9,62678.75,1.9063,16.755415334502818,8758000000.0,61.0
2024-10-01,25146.12,31924.7,62524.07,1.9011,21.335510743212453,8614000000.0,50.0
2024-10-02,25159.48,31921.0,62463.03,1.9037,22.026276717537442,8434000000.0,42.0
2024-10-03,25172.87,31920.1,62412.98,1.9427,21.49832469838626,8709000000.0,37.0
2024-10-04,25184.88,31942.1,62435.26,1.9416,18.24040049702433,9003000000.0,41.0
2024-10-05,25217.21,31948.1,62426.05,1.9647,18.216328503064425,9477000000.0,49.0
2024-10-06,25245.54,31958.4,62434.06,1.9525,16.927198444610873,10079000000.0,50.0
2024-10-07,25256.27,31968.2,62437.14,1.9268,18.419441736135695,10332000000.0,50.0
2024-10-08,25150.87,32243.6,62440.29,1.8802,19.734964378648602,15800000000.0,49.0
2024-10-09,25129.75,32239.4,62354.81,1.8687,23.77755533233216,15118000000.0,49.0
2024-10-10,25107.66,32227.1,62288.76,1.9319,24.29293477901845,14872000000.0,39.0
2024-10-11,25065.56,32332.0,62343.27,1.954,17.523206095680962,16970000000.0,32.0
2024-10-12,25072.9,32345.9,62364.31,1.9396,14.729229433436592,17043000000.0,49.0
2024-10-13,25086.23,32357.8,62362.32,2.0395,16.517320438037558,16202000000.0,50.0
2024-10-14,25081.08,32404.5,62530.05,2.0602,8.50138039395479,17021000000.0,48.0
2024-10-15,25080.32,32489.4,62729.97,2.0799,6.634900858554699,18672000000.0,65.0
2024-10-16,25077.54,32532.6,62852.39,2.0678,5.662362472786003,19395000000.0,73.0
2024-10-17,25085.45,32564.6,62924.79,2.0978,6.668846565377772,19593000000.0,71.0
2024-10-18,25091.42,32601.8,63042.82,2.0953,5.107208113842078,19725000000.0,73.0
2024-10-19,25102.56,32624.5,63100.0,2.1103,5.321997018319789,19405000000.0,72.0
2024-10-20,25095.11,32702.5,63187.28,2.0569,3.4153091809393503,19949000000.0,73.0
2024-10-21,25165.5,32787.0,63220.19,2.0549,7.979266524631296,21383000000.0,72.0
2024-10-22,25186.88,32812.9,63296.29,2.0302,7.605456368231151,21718000000.0,70.0
2024-10-23,25205.62,32828.8,63312.48,2.0736,10.534428450935803,21262000000.0,71.0
2024-10-24,25237.1,32857.1,63392.85,2.0159,5.773310198465788,21306000000.0,69.0
2024-10-25,25255.35,32869.7,63385.91,2.0384,12.35382221352102,20907000000.0,72.0
2024-10-26,25277.99,32880.6,63524.22,2.0673,9.480978932051855,20296000000.0,
2024-10-27,25321.58,32894.1,63642.6,2.1208,6.094489328253262,19941000000.0,74.0
2024-10-28,25369.35,32941.6,64004.7,2.1994,2.3968978909119647,20430000000.0,72.0
2024-10-29,25391.94,33045.0,64137.42,2.1895,0.5954335182189979,22298000000.0,72.0
2024-10-30,25421.55,33089.8,64210.4,2.1253,0.8895661193186039,23219000000.0,77.0
2024-10-31,25442.44,33109.0,64229.76,2.0967,4.241694672432363,23879000000.0,77.0
2024-11-01,25441.42,33139.2,64222.81,2.0885,4.9866878869889115,24551000000.0,75.0
2024-11-02,25454.67,33154.3,64172.14,2.073,5.831757838766462,24865000000.0,72.0
2024-11-03,25475.52,33161.1,64179.43,2.0422,6.283387550028132,24560000000.0,74.0
2024-11-04,25485.4,33189.7,64182.84,2.0934,9.290742632884262,25010000000.0,70.0
2024-11-05,25490.17,33217.7,64286.77,2.2654,5.203209356905183,25358000000.0,70.0
2024-11-06,25473.95,33414.2,64870.67,2.2681,0.41827456051121514,29053000000.0,70.0
2024-11-07,25470.89,33496.3,65108.39,2.2785,0.29109157100372424,25233000000.0,77.0
2024-11-08,25473.54,33578.6,65452.74,2.2855,0.34063084016931894,26945000000.0,75.0
2024-11-09,25470.68,33603.0,65539.07,2.3863,0.14232912932402247,27670000000.0,75.0
2024-11-10,25501.86,33696.2,65906.01,2.6147,0.2539374759465545,27443000000.0,78.0
2024-11-11,25489.71,33984.3,67104.39,2.5744,0.07827313858142959,32866000000.0,76.0
2024-11-12,25496.79,34201.6,67843.1,2.6238,0.7644100104542316,36932000000.0,80.0
2024-11-13,25508.46,34442.7,68733.78,2.5169,0.5854617034546424,40777000000.0,84.0
2024-11-14,25385.05,34647.2,69336.89,2.6166,3.2023795723914317,43144000000.0,88.0
2024-11-15,25401.95,34830.7,69953.83,2.5963,0.855261480733197,45922000000.0,80.0
2024-11-16,25403.12,34883.0,70124.63,2.5701,1.3591745065223217,46324000000.0,86.0
2024-11-17,25427.27,34914.9,70201.74,2.5868,1.7417983137207522,46222000000.0,90.0
2024-11-18,25420.15,35019.7,70581.33,2.6161,2.3471773291885016,47845000000.0,83.0
2024-11-19,25143.27,35264.0,70923.36,2.6546,0.9479444201584605,51140000000.0,90.0
2024-11-20,25154.83,35470.7,71522.18,2.7357,0.6368654270425419,53557000000.0,83.0
2024-11-21,25076.99,36022.0,72669.65,2.7269,0.2279865242921156,63955000000.0,82.0
2024-11-22,24986.7,36282.9,73432.87,2.6825,1.0230041800453993,68803000000.0,94.0
2024-11-23,25017.76,36424.2,73972.64,2.6842,3.5778168059216733,71039000000.0,93.0
2024-11-24,25167.31,36502.7,74308.03,2.5509,3.2317485216384947,72342000000.0,80.0
2024-11-25,25162.72,36591.7,74547.03,2.5042,5.811278620553088,73892000000.0,82.0
2024-11-26,25158.27,36689.0,74684.35,2.607,6.288955835121672,75550000000.0,79.0
2024-11-27,25165.08,36820.4,74998.43,2.5937,3.9428682553011765,77209000000.0,75.0
2024-11-28,25197.42,36911.2,75166.32,2.631,4.076778112613676,76961000000.0,77.0
2024-11-29,25308.44,37019.8,75602.27,2.6035,3.1191666516957164,78221000000.0,78.0
2024-11-30,25321.91,37051.4,75699.59,2.6276,4.591837007699359,78469000000.0,84.0
2024-12-01,25353.29,37094.7,75856.35,2.5726,3.451447553016521,78731000000.0,81.0
2024-12-02,25376.42,37209.9,76197.15,2.5715,5.338774128418825,80713000000.0,80.0
2024-12-03,25407.38,37337.1,76495.21,2.6375,4.618415658350966,83102000000.0,76.0
2024-12-04,25518.43,37504.8,77273.32,2.5624,0.4944727605127473,85854000000.0,78.0
2024-12-05,25293.42,37834.9,78192.61,2.6197,5.436491049191627,91839000000.0,84.0
2024-12-06,25192.91,38154.4,79603.6,2.6172,1.9611054654301388,94275000000.0,72.0
2024-12-07,25213.32,38199.6,79740.32,2.6358,1.854084872053097,93548000000.0,75.0
2024-12-08,25252.55,38241.8,79897.01,2.5283,1.4217290406312184,92757000000.0,79.0
2024-12-09,25172.25,38519.7,80845.38,2.5043,7.279868261639447,97782000000.0,78.0
2024-12-10,25161.54,38668.4,81334.82,2.6078,8.747904839934332,98882000000.0,78.0
2024-12-11,25165.1,38848.5,81772.65,2.5725,1.2340021673837784,96753000000.0,74.0
2024-12-12,25260.28,38907.9,82287.18,2.5964,3.018293331404957,93631000000.0,83.0
2024-12-13,25246.56,39011.4,82573.63,2.5956,1.48094567101377,90918000000.0,76.0
2024-12-14,25260.33,39053.3,82747.51,2.6716,1.719074033578743,87707000000.0,83.0
2024-12-15,25222.82,39134.7,82998.59,2.6905,0.019194175694934573,85688000000.0,80.0
2024-12-16,25240.99,39344.4,83653.4,2.6825,0.7123837535212307,88807000000.0,83.0
2024-12-17,25138.3,39558.5,84220.78,2.5338,1.724987464443679,92415000000.0,87.0
2024-12-18,25138.34,39652.3,84281.83,2.4493,5.256154109232195,92201000000.0,81.0
2024-12-19,25020.84,39888.5,84690.09,2.4389,10.628132892163661,92041000000.0,75.0
2024-12-20,25014.19,40024.8,84957.03,2.4248,9.666709432190071,90652000000.0,74.0
2024-12-21,25014.25,40041.7,84984.42,2.3683,11.19935149148271,80082000000.0,73.0
2024-12-22,25021.44,40175.7,85016.65,2.3466,13.496365960230726,77577000000.0,73.0
2024-12-23,24924.23,40399.1,85182.29,2.4326,13.154405853562357,79206000000.0,70.0
2024-12-24,24931.14,40549.2,85433.95,2.4458,6.537956576619547,80624000000.0,73.0
2024-12-25,24941.03,40574.5,85488.66,2.3549,5.821514887201102,79366000000.0,73.0
2024-12-26,24990.35,40608.3,85583.08,2.3165,12.496348505441283,78110000000.0,79.0
2024-12-27,24999.05,40672.8,85590.43,2.3374,14.986129227745034,76791000000.0,74.0
2024-12-28,25015.97,40696.5,85643.15,2.294,12.683686585622636,75466000000.0,72.0
2024-12-29,25029.11,40740.4,85663.8,2.2645,15.390066504819972,74191000000.0,73.0
2024-12-30,25056.53,40859.1,85808.84,2.2808,16.355779050813492,75919000000.0,65.0
2024-12-31,25059.01,40945.8,85933.06,2.303,15.581079711520394,76778000000.0,64.0
2025-01-01,25082.14,41013.5,86019.86,2.3579,13.52696837176059,75843000000.0,66.0
2025-01-02,25107.68,41075.6,86143.4,2.3863,10.796228698902624,74556000000.0,70.0
2025-01-03,25126.39,41118.5,86279.25,2.3875,7.79234707384644,72089000000.0,74.0
2025-01-04,25276.12,41143.2,86484.97,2.391,7.43347693288866,66046000000.0,73.0
2025-01-05,25292.22,41161.1,86552.03,2.4771,6.351175983626945,60082000000.0,72.0
2025-01-06,25321.29,41250.3,86816.55,2.3467,1.9684667757107723,60952000000.0,76.0
2025-01-07,25394.18,41323.9,86922.63,2.2987,11.316995815607989,61576000000.0,78.0
2025-01-08,25415.08,41345.4,86983.58,2.2338,13.590972047223026,56496000000.0,70.0
2025-01-09,25423.25,41340.0,86942.64,2.2901,17.410165507248553,53448000000.0,69.0
2025-01-10,25432.24,41378.0,87020.2,2.2855,13.236577116617607,50637000000.0,50.0
2025-01-11,25446.01,41394.2,87075.45,2.2787,13.5111483744543,49782000000.0,69.0
2025-01-12,25500.48,41407.6,87284.0,2.278,14.45813741435291,48000000000.0,62.0
2025-01-13,25532.98,41429.5,87394.01,2.3281,14.219217566557763,47600000000.0,61.0
2025-01-14,25583.57,41480.7,87546.01,2.4095,11.256515134809183,47008000000.0,63.0
2025-01-15,25598.87,41573.2,87781.1,2.3989,3.83810403755921,44688000000.0,70.0
2025-01-16,25606.41,41676.3,88002.26,2.4959,4.171214064444278,42492000000.0,75.0
2025-01-17,25621.38,41786.9,88298.76,2.4947,1.7191629884787898,42828000000.0,75.0
2025-01-18,25633.69,41848.3,88477.55,2.4107,1.4584533779479973,39366000000.0,77.0
2025-01-19,25639.62,41878.2,88524.4,2.4451,4.006761753201836,37261000000.0,77.0
2025-01-20,25627.06,41957.7,88701.08,2.5189,3.6024767966086415,38503000000.0,76.0
2025-01-21,25613.45,42077.7,89007.85,2.459,1.4289308326776262,38226000000.0,76.0
2025-01-22,25624.25,42208.4,89227.08,2.4555,2.9072190403537177,36393000000.0,84.0
2025-01-23,25651.32,42430.0,89558.66,2.4652,2.782785125747719,37816000000.0,75.0
2025-01-24,25644.07,42478.0,89675.29,2.467,2.863301892185124,38265000000.0,75.0
2025-01-25,25657.1,42507.2,89774.92,2.4184,3.0379304067327464,38174000000.0,75.0
2025-01-26,25671.86,42521.9,89824.37,2.3934,4.754416929313255,37187000000.0,73.0
2025-01-27,25678.7,42578.3,89997.85,2.3733,4.902904203442533,37838000000.0,71.0
2025-01-28,25692.56,42615.2,90070.19,2.4363,6.1560405442321935,37700000000.0,72.0
2025-01-29,25708.52,42654.0,90173.65,2.4578,3.432658132121996,36119000000.0,72.0
2025-01-30,25698.74,42716.8,90299.3,2.3926,3.131396541545608,35647000000.0,70.0
2025-01-31,25714.95,42740.9,90404.41,2.3533,5.440534205403319,34782000000.0,76.0
2025-02-01,25731.06,42752.9,90431.2,2.2786,7.690896215985362,33795000000.0,68.0
2025-02-02,25750.63,42756.6,90438.49,2.3717,13.473852503257344,33024000000.0,60.0
2025-02-03,25848.37,42830.6,90893.47,2.2808,6.125939877580383,34000000000.0,44.0
2025-02-04,25849.79,42901.7,90999.19,2.2465,13.306659506084255,35054000000.0,72.0
2025-02-05,25889.41,42981.4,91033.91,2.2433,15.58519293865967,34870000000.0,54.0
2025-02-06,25908.4,43035.1,91088.2,2.2388,15.63333867577876,34477000000.0,49.0
2025-02-07,25899.26,43052.5,91082.01,2.243,15.646983016477062,34403000000.0,44.0
2025-02-08,25897.99,43069.0,91116.22,2.2325,15.47538309530344,34840000000.0,44.0
2025-02-09,25957.85,43139.2,91242.32,2.256,15.690051563746197,35479000000.0,46.0
2025-02-10,25997.96,43162.6,91378.47,2.2178,13.081497298083425,35622000000.0,43.0
2025-02-11,26032.7,43198.0,91415.73,2.2615,16.67417227797797,36053000000.0,47.0
2025-02-12,26053.96,43227.0,91533.16,2.2327,11.500428148129272,36198000000.0,46.0
2025-02-13,26079.57,43237.7,91616.82,2.2517,15.032755039883615,35396000000.0,50.0
2025-02-14,26068.07,43263.3,91686.15,2.2545,12.337349660563405,34073000000.0,48.0
2025-02-15,26086.37,43284.1,91755.62,2.222,12.363067553297398,32447000000.0,50.0
2025-02-16,26117.37,43287.1,91824.47,2.2126,16.275859558168808,30316000000.0,54.0
2025-02-17,26150.19,43294.1,91915.16,2.2037,16.87822772359801,29242000000.0,51.0
2025-02-18,26180.14,43310.3,92009.39,2.2305,17.054483235782623,28971000000.0,47.0
2025-02-19,26226.49,43330.7,92156.3,2.2692,14.596584001615339,27795000000.0,44.0
2025-02-20,26368.36,43360.6,92396.03,2.2145,9.64606021401549,26010000000.0,49.0
2025-02-21,26364.84,43372.1,92436.51,2.226,16.083629079049302,23648000000.0,55.0
2025-02-22,26344.38,43399.3,92564.82,2.2136,15.273837630039266,19797000000.0,49.0
2025-02-23,26462.29,43409.3,92796.66,2.1164,16.684961594211693,19043000000.0,50.0
2025-02-24,26502.45,43408.1,92846.82,2.0451,21.886832018158792,18440000000.0,49.0
2025-02-25,26546.44,43407.0,92681.83,1.9372,22.056972366720547,18128000000.0,25.0
2025-02-26,26534.77,43356.3,92274.46,1.9513,23.097013658288205,16006000000.0,21.0
2025-02-27,26506.88,43369.8,92151.07,1.9429,22.574701951854387,15544000000.0,10.0
2025-02-28,26459.46,43360.2,91891.31,1.9798,22.40988222540999,14585000000.0,16.0
2025-03-01,26444.85,43360.7,91838.21,2.1723,21.47400013657846,13352000000.0,20.0
2025-03-02,26452.15,43422.4,91963.9,1.9891,17.840131643886817,14098000000.0,26.0
2025-03-03,26465.06,43395.6,91753.76,2.0119,21.792793435825192,13323000000.0,33.0
2025-03-04,26478.63,43403.0,91761.58,2.0855,21.337865137601366,13394000000.0,15.0
2025-03-05,26459.97,43452.1,91771.06,2.0746,19.597479166137013,12901000000.0,20.0
2025-03-06,26430.04,43489.1,91748.62,1.9906,20.402896158677056,12229000000.0,25.0
2025-03-07,26447.51,43481.0,91638.96,1.9817,22.25465319839453,10489000000.0,34.0
2025-03-08,26444.41,43483.5,91600.53,1.8553,22.304146792574816,9472000000.0,28.0
2025-03-09,26447.12,43468.5,91498.78,1.8183,23.962636862872554,8829000000.0,27.0
2025-03-10,26446.87,43450.3,91239.82,1.903,24.180564507774175,8140000000.0,20.0
2025-03-11,26402.79,43483.5,91165.21,1.9219,22.752127293780124,7406000000.0,24.0
2025-03-12,26357.2,43514.7,91072.52,1.8643,22.12206306516619,7565000000.0,34.0
2025-03-13,26343.9,43506.3,90964.51,1.932,23.708130663704676,6701000000.0,45.0
2025-03-14,26352.46,43532.2,90962.26,1.9375,21.602629335810157,6641000000.0,27.0
2025-03-15,26376.91,43537.3,90986.58,1.8948,21.535236142363722,6525000000.0,46.0
2025-03-16,26431.33,43537.3,91070.6,1.9296,23.20487160538255,6018000000.0,30.0
2025-03-17,26736.52,43539.5,91868.62,1.8989,21.9023550139773,5648000000.0,32.0
2025-03-18,26899.14,43541.3,92276.73,1.9912,22.983744105401332,5622000000.0,34.0
2025-03-19,26984.17,43579.0,92532.76,1.9298,20.106850036407703,6232000000.0,32.0
2025-03-20,27143.21,43592.0,92889.72,1.9282,21.62292779979029,6169000000.0,49.0
2025-03-21,27191.73,43600.7,92930.46,1.9224,21.905039691759942,5942000000.0,31.0
2025-03-22,27238.93,43603.3,92957.07,1.9664,22.41718692604186,5404000000.0,32.0
2025-03-23,27308.94,43613.6,93062.26,2.0009,20.414938719789383,5383000000.0,30.0
2025-03-24,27377.83,43642.1,93171.39,2.0027,19.944734469960864,5411000000.0,45.0
2025-03-25,27424.66,43653.1,93208.92,1.9885,20.081524847810044,5433000000.0,46.0
2025-03-26,27485.81,43669.2,93217.14,1.9967,20.788977400555464,5781000000.0,47.0
2025-03-27,27537.86,43677.5,93239.69,1.9283,20.52645346275178,5969000000.0,40.0
2025-03-28,27595.43,43722.4,93125.1,1.8872,22.01167661206849,7864000000.0,44.0
2025-03-29,27636.38,43713.1,93076.39,1.8812,23.975622998105028,7409000000.0,26.0
2025-03-30,27698.52,43703.9,93041.55,1.8871,24.33179714608847,7415000000.0,32.0
2025-03-31,27771.04,43697.7,92987.46,1.9501,23.897502836701932,7283000000.0,34.0
2025-04-01,27819.68,43704.3,93029.27,1.8883,20.53462878687236,6192000000.0,34.0
2025-04-02,27822.39,43720.1,92912.18,1.8942,24.213848016052662,7041000000.0,44.0
2025-04-03,27918.54,43783.0,92861.98,1.9127,23.00440584330989,8142000000.0,25.0
2025-04-04,27941.89,43799.7,92831.98,1.9017,21.66488660363577,7505000000.0,28.0
2025-04-05,27988.9,43804.4,92810.34,1.7801,22.41840756102507,6866000000.0,30.0
2025-04-06,28039.72,43788.6,92683.1,1.8128,25.818355665328202,6712000000.0,34.0
2025-04-07,28080.22,43811.3,92441.9,1.744,24.80120531030598,7116000000.0,23.0
2025-04-08,28143.03,43780.4,92262.74,1.8872,25.99549408234057,6799000000.0,24.0
2025-04-09,28188.86,43831.7,92254.53,1.8147,22.765332184368926,8176000000.0,18.0
2025-04-10,28245.4,43840.7,92069.41,1.9005,24.784530718841793,7697000000.0,39.0
2025-04-11,28307.5,43861.4,92005.09,1.9433,21.00903624449491,7489000000.0,25.0
2025-04-12,28359.15,43879.0,92043.84,1.9039,19.180760270643756,8001000000.0,43.0
2025-04-13,28409.33,43893.1,92043.54,1.9262,21.193390337939345,7771000000.0,45.0
2025-04-14,28470.68,43914.9,92111.47,1.9071,20.043842755060798,8108000000.0,31.0
2025-04-15,28314.58,43872.8,91974.34,1.9173,21.82344038305845,7270000000.0,38.0
2025-04-16,28375.15,43891.3,91963.64,1.9397,21.030144501607644,7596000000.0,29.0
2025-04-17,28463.77,43791.5,91987.86,1.9278,19.53937737188575,5582000000.0,30.0
2025-04-18,28531.7,43798.5,91965.45,1.9435,20.656053099104952,4970000000.0,33.0
2025-04-19,28637.84,43800.7,91945.68,1.9426,19.26392959392725,4755000000.0,32.0
2025-04-20,28779.7,43807.3,91910.02,1.9928,18.571499918675105,4710000000.0,37.0
2025-04-21,29129.33,43838.2,91939.5,2.1283,17.020193650451287,5269000000.0,39.0
2025-04-22,29332.52,43930.5,92131.4,2.1261,13.615698756632684,6897000000.0,47.0
2025-04-23,29581.95,44069.1,92235.83,2.1262,13.614869234388955,9078000000.0,72.0
2025-04-24,29697.3,44139.8,92290.62,2.1397,12.92171541179492,10264000000.0,63.0
2025-04-25,29732.08,44292.1,92618.87,2.1369,12.593222766161388,12968000000.0,60.0
2025-04-26,29777.18,44315.1,92635.88,2.1163,12.405258795107352,13256000000.0,65.0
2025-04-27,29835.79,44328.7,92642.14,2.1415,14.09031383839693,12633000000.0,61.0
2025-04-28,29853.02,44393.1,92722.84,2.1165,11.759798001154971,14098000000.0,54.0
2025-04-29,29895.47,44461.7,92735.59,2.1177,14.49427589350036,15644000000.0,60.0
2025-04-30,29984.7,44500.3,92747.57,2.1635,14.132305987289365,16531000000.0,56.0
2025-05-01,30136.55,44562.7,92771.05,2.17,10.949681356315166,17641000000.0,53.0
2025-05-02,30179.48,44627.2,92841.92,2.1488,10.338639112173793,18605000000.0,67.0
2025-05-03,30218.19,44649.3,92832.89,2.1136,12.327134736213134,17798000000.0,65.0
2025-05-04,30410.85,44652.3,92826.23,2.1198,14.290290819624254,17522000000.0,64.0
2025-05-05,30502.43,44745.9,92906.09,2.1566,13.476492527719985,19288000000.0,52.0
2025-05-06,30461.06,44828.8,93008.03,2.1642,10.657414356006173,21249000000.0,59.0
2025-05-07,30409.5,44884.2,93137.12,2.2908,9.61894804278533,21900000000.0,67.0
2025-05-08,30373.78,44992.1,93390.54,2.2831,2.16689946149145,24659000000.0,65.0
2025-05-09,30338.57,45088.0,93652.88,2.318,2.996035699635285,25546000000.0,73.0
2025-05-10,30333.63,45117.8,93752.88,2.3032,1.5491107124513308,25961000000.0,70.0
2025-05-11,30371.8,45145.2,93814.03,2.2766,1.810660073178943,26094000000.0,70.0
2025-05-12,30381.96,45208.8,93934.61,2.297,3.5604658187149707,27011000000.0,70.0
2025-05-13,30415.07,45339.5,94164.44,2.2817,2.0395691028304945,29320000000.0,70.0
2025-05-14,30994.05,45392.1,94197.47,2.2793,2.783214532646338,29932000000.0,73.0
2025-05-15,31677.33,45503.0,94121.63,2.2729,2.3910737617108735,32972000000.0,70.0
2025-05-16,31700.65,45565.2,94229.72,2.264,3.3846479789982076,33838000000.0,71.0
2025-05-17,31740.05,45579.2,94256.06,2.3241,3.9948842454090747,36098000000.0,74.0
2025-05-18,32304.46,45616.4,94226.5,2.3095,0.8064287786730693,36702000000.0,74.0
2025-05-19,32710.77,45731.8,94345.93,2.3328,1.0040933851614289,38953000000.0,74.0
2025-05-20,32900.82,45821.5,94501.37,2.3871,0.49954975753504416,40609000000.0,71.0
2025-05-21,33188.61,45956.8,94782.19,2.4191,0.046694117538644386,42685000000.0,70.0
2025-05-22,33308.7,46081.7,95201.07,2.3252,0.33746366468302874,43337000000.0,72.0
2025-05-23,33389.11,46142.2,95251.7,2.3375,2.1753497528209893,41793000000.0,78.0
2025-05-24,33493.99,46167.4,95254.49,2.3576,2.0436416651697087,40889000000.0,66.0
2025-05-25,33703.06,46197.6,95190.49,2.3615,1.2999164262899117,38467000000.0,74.0
2025-05-26,34017.98,46313.8,95221.0,2.3483,1.552306652234597,40325000000.0,73.0
2025-05-27,34117.08,46444.4,95489.16,2.3196,2.2885892108381527,42651000000.0,74.0
2025-05-28,34168.0,46515.3,95681.5,2.2695,2.942556904406196,42787000000.0,71.0
2025-05-29,34250.93,46588.3,95716.76,2.2302,4.874629064647139,42877000000.0,74.0
2025-05-30,34361.05,46624.8,95747.44,2.2453,6.333175548190557,42840000000.0,60.0
2025-05-31,34420.1,46634.3,95764.52,2.2668,5.313757062068133,41793000000.0,50.0
2025-06-01,34510.23,46651.2,95795.51,2.2632,4.154742353420315,40848000000.0,56.0
2025-06-02,34518.87,46792.6,95955.26,2.2491,3.668506780416502,43214000000.0,64.0
2025-06-03,34520.5,46901.6,96003.94,2.2306,5.257547350146166,45322000000.0,64.0
2025-06-04,34544.05,46974.6,96051.2,2.1644,6.331625919946254,44907000000.0,62.0
2025-06-05,34589.32,46972.9,95955.52,2.2214,10.748815527745268,43228000000.0,57.0
2025-06-06,34583.94,47007.3,96021.69,2.2469,7.062950797472888,42811000000.0,45.0
2025-06-07,34653.43,47036.9,96096.38,2.2466,4.2109618484887426,41254000000.0,52.0
2025-06-08,34835.79,47061.4,96165.9,2.3383,3.585028646058395,39838000000.0,62.0
2025-06-09,34947.47,47126.9,96411.58,2.332,0.5766069123553779,40547000000.0,62.0
2025-06-10,34949.08,47201.7,96687.79,2.2995,0.4311170685739941,41494000000.0,71.0
2025-06-11,34926.45,47248.3,96766.72,2.242,2.5033125421733295,41157000000.0,72.0
2025-06-12,34960.13,47279.6,96764.35,2.2394,4.473797917677008,39188000000.0,71.0
2025-06-13,34994.57,47344.6,96862.09,2.2271,4.031575498315029,39436000000.0,61.0
2025-06-14,35012.4,47355.3,96879.94,2.2272,5.705524950040736,37448000000.0,63.0
2025-06-15,35052.62,47374.2,96896.43,2.2588,5.438104036893791,36589000000.0,60.0
2025-06-16,35068.48,47478.9,97135.85,2.2032,3.5528472930511197,38391000000.0,61.0
2025-06-17,35208.66,47489.1,97167.81,2.2058,7.420600464648096,37852000000.0,68.0
2025-06-18,35213.52,47516.8,97254.5,2.2023,7.462642470564344,36109000000.0,52.0
2025-06-19,35414.32,47545.4,97339.04,2.1712,7.386359580027199,34894000000.0,57.0
2025-06-20,35467.6,47565.1,97357.14,2.1341,10.884077792618578,32600000000.0,54.0
2025-06-21,35715.09,47583.4,97456.67,2.1199,12.26562859869124,30480000000.0,49.0
2025-06-22,35728.66,47595.9,97382.53,2.2135,13.381966951337954,29520000000.0,42.0
2025-06-23,35772.51,47661.0,97543.62,2.2204,5.271246035149884,30310000000.0,47.0
2025-06-24,35831.29,47724.0,97639.05,2.2451,3.7412359879163395,30960000000.0,65.0
2025-06-25,35846.82,47795.9,97841.87,2.2341,2.6348954693211466,30078000000.0,66.0
2025-06-26,35875.66,47898.8,97968.92,2.2307,3.754533742662848,29533000000.0,74.0
2025-06-27,35918.36,48007.2,98066.18,2.2356,3.7414467934794144,30271000000.0,65.0
2025-06-28,35940.72,48021.9,98092.11,2.2552,2.7489168065269136,29112000000.0,65.0
2025-06-29,36002.54,48050.4,98172.66,2.2245,1.614029642314177,28957000000.0,68.0
2025-06-30,36045.02,48170.6,98292.03,2.1904,3.791922315077075,31156000000.0,66.0
2025-07-01,36114.31,48195.6,98289.81,2.2573,6.7598499215654755,31318000000.0,64.0
2025-07-02,36159.52,48255.6,98376.55,2.2682,1.4793480901545544,29706000000.0,63.0
2025-07-03,36219.02,48334.0,98533.04,2.2154,1.2614689251949232,29100000000.0,73.0
2025-07-04,36405.88,48787.6,98797.16,2.2181,3.240007384360553,36677000000.0,73.0
2025-07-05,36426.29,48801.2,98819.56,2.2363,2.933681915231914,36985000000.0,67.0
2025-07-06,36503.93,48821.0,98864.18,2.2137,1.6102249332073284,36697000000.0,66.0
2025-07-07,36518.61,48899.8,98950.33,2.2242,3.122076106222161,37678000000.0,73.0
2025-07-08,36537.69,48988.0,99059.26,2.2682,1.8819808642627798,38947000000.0,65.0
2025-07-09,36592.24,49120.6,99249.87,2.3546,0.23502284474733265,40286000000.0,66.0
2025-07-10,36628.43,49211.7,99558.04,2.3821,0.05778674822592559,40612000000.0,71.0
2025-07-11,36585.94,49375.5,100082.25,2.3734,0.7809406586633456,42948000000.0,71.0
2025-07-12,36624.59,49457.2,100228.05,2.4017,1.2345980448393252,43952000000.0,79.0
2025-07-13,36796.81,49506.3,100369.91,2.4125,0.13751513291950196,43635000000.0,74.0
2025-07-14,36856.29,49687.3,101038.99,2.3642,1.3389972787549616,47024000000.0,74.0
2025-07-15,36995.05,49789.0,101270.44,2.3689,1.5459491612224818,48675000000.0,73.0
2025-07-16,36634.59,50120.9,102102.85,2.375,2.5458502056764036,53197000000.0,70.0
2025-07-17,36564.63,50316.8,102757.07,2.3404,1.308427350665896,56892000000.0,74.0
2025-07-18,36562.21,50401.3,102933.45,2.3364,3.7099732152480858,58032000000.0,73.0
2025-07-19,36603.63,50465.6,103040.93,2.3234,3.9507205390560958,58743000000.0,74.0
2025-07-20,36639.9,50489.4,103110.37,2.3218,5.460574932589399,58820000000.0,72.0
2025-07-21,36537.5,50577.2,103401.86,2.3671,4.881870354736007,60205000000.0,71.0
2025-07-22,36565.99,50723.8,103742.54,2.3344,0.8209402307257693,62881000000.0,72.0
2025-07-23,36622.1,50827.0,103962.32,2.3258,2.636887312100452,63651000000.0,74.0
2025-07-24,36646.02,50897.6,104137.73,2.304,3.7358795320159333,63809000000.0,71.0
2025-07-25,36667.15,51006.4,104265.98,2.3118,5.250565381001794,64549000000.0,70.0
2025-07-26,36699.46,51034.5,104353.66,2.3389,3.6654239796889496,63060000000.0,72.0
2025-07-27,36721.72,51067.0,104455.39,2.3085,1.0008557459665424,61557000000.0,73.0
2025-07-28,36748.43,51125.6,104571.42,2.3014,4.189607117215447,62433000000.0,75.0
2025-07-29,36829.39,51216.7,104770.83,2.2956,4.884157086252895,63670000000.0,73.0
2025-07-30,36839.75,51286.8,104901.03,2.2577,5.58364337900447,62679000000.0,74.0
2025-07-31,36787.38,51313.2,104865.1,2.2071,7.983813225133675,62711000000.0,72.0
2025-08-01,36789.0,51326.5,104832.21,2.1923,8.22885994339762,61785000000.0,65.0
2025-08-02,36783.1,51336.5,104808.18,2.2241,8.354227241771122,60424000000.0,55.0
2025-08-03,36825.17,51375.3,104885.04,2.2406,7.704516102677721,52178000000.0,53.0
2025-08-04,36850.91,51414.1,105019.94,2.2179,7.423045081937663,52673000000.0,64.0
2025-08-05,36989.2,51450.2,105128.82,2.235,7.788779049229298,52997000000.0,60.0
2025-08-06,37003.69,51470.3,105198.79,2.2781,7.319048011710745,51837000000.0,54.0
2025-08-07,37117.8,51553.2,105491.8,2.2622,4.923632031231059,51729000000.0,62.0
2025-08-08,37058.78,51606.1,105685.81,2.257,6.349397847074518,50148000000.0,74.0
2025-08-09,37075.22,51622.5,105740.39,2.3074,6.739589759427267,48660000000.0,67.0
2025-08-10,37100.84,51654.8,105890.12,2.2964,0.7934007090916405,46037000000.0,69.0
2025-08-11,37120.96,51708.4,106051.67,2.3207,2.4261846115275683,45479000000.0,70.0
2025-08-12,37117.61,51776.2,106387.12,2.3797,0.6386164419915933,45852000000.0,68.0
2025-08-13,37103.23,51872.4,106762.55,2.2824,0.06941401646739977,44168000000.0,73.0
2025-08-14,37079.45,51923.2,106869.75,2.2577,3.8522756370472377,43161000000.0,75.0
2025-08-15,37034.23,51960.7,107004.43,2.2533,6.914580865913986,37307000000.0,60.0
2025-08-16,37062.88,52129.7,107125.28,2.2553,6.3279864842928015,36780000000.0,56.0
2025-08-17,37138.27,52144.6,107184.71,2.2297,6.968424276832762,35390000000.0,64.0
2025-08-18,37276.2,52166.3,107484.01,2.1624,8.369105626257875,34540000000.0,60.0
2025-08-19,37352.38,52203.9,107743.59,2.1876,10.43174257489634,34830000000.0,56.0
2025-08-20,36703.25,52238.8,108591.27,2.1501,9.395851847275635,33770000000.0,44.0
2025-08-21,36683.65,52252.2,108771.23,2.231,10.754196414395576,31120000000.0,50.0
2025-08-22,36619.16,52354.6,108859.42,2.2013,6.774756774369398,31110000000.0,50.0
2025-08-23,36612.5,52369.9,108855.6,2.1673,8.236017524977438,30010000000.0,60.0
2025-08-24,36650.44,52376.1,108778.23,2.1016,10.327461371988534,27970000000.0,53.0
2025-08-25,36650.47,52383.5,108804.2,2.1349,11.594215760862383,27560000000.0,47.0
2025-08-26,36610.8,52412.5,108961.14,2.1218,10.769031940806117,27490000000.0,48.0
2025-08-27,36593.91,52432.4,109023.98,2.1428,11.252416392741358,26720000000.0,51.0
2025-08-28,36600.72,52492.9,108847.95,2.1428,10.150114534412312,26120000000.0,48.0
2025-08-29,36450.11,52694.7,108924.26,2.0585,13.463141910186872,28750000000.0,50.0
2025-08-30,36435.14,52712.1,109000.89,2.063,12.719723545820525,28570000000.0,39.0
2025-08-31,36502.75,52717.6,109000.89,2.0547,14.321032368159502,28410000000.0,48.0
2025-09-01,36450.41,52743.2,109061.57,2.0665,11.925271454550856,28730000000.0,46.0
2025-09-02,36452.26,52770.1,109135.62,2.1061,10.287043018610357,28490000000.0,49.0
2025-09-03,36434.19,52792.7,109360.0,2.1174,9.853509365568238,28170000000.0,55.0
2025-09-04,36423.44,52839.0,109581.2,2.0988,10.73954132526206,28380000000.0,51.0
2025-09-05,36439.86,52946.8,109681.57,2.091,11.770969972972756,30120000000.0,48.0
2025-09-06,36478.83,52962.4,109714.38,2.0816,11.967909050044634,28780000000.0,48.0
2025-09-07,36526.59,52983.6,109802.8,2.1008,10.608255595932986,28150000000.0,44.0
2025-09-08,36519.37,53021.1,109953.77,2.1145,9.379169817381106,28570000000.0,51.0
2025-09-09,36515.69,53040.8,110117.64,2.1019,10.053041695257884,28330000000.0,48.0
2025-09-10,36524.08,53091.7,110314.28,2.1459,7.698365153169076,28280000000.0,49.0
2025-09-11,36507.01,53156.0,110539.96,2.1718,6.407198925596099,28220000000.0,54.0
2025-09-12,36497.28,53195.2,110684.69,2.1835,6.18965374397679,27080000000.0,57.0
2025-09-13,36515.79,53227.5,110730.54,2.1787,6.307766519244249,26710000000.0,52.0
2025-09-14,36557.69,53242.6,110782.46,2.1674,7.286210684913069,26260000000.0,55.0
2025-09-15,36564.51,53295.8,110923.03,2.1657,6.608155310881323,23960000000.0,53.0
2025-09-16,36526.53,53360.1,111026.08,2.1889,5.712443872652262,24950000000.0,52.0
2025-09-17,36515.39,53430.8,111186.62,2.1818,6.1646975576996565,25930000000.0,53.0
2025-09-18,36479.16,53469.7,111342.6,2.1884,5.726537103327185,25950000000.0,52.0
2025-09-19,36466.91,53562.6,111392.38,2.1585,7.763846046019092,27120000000.0,53.0
2025-09-20,36496.42,53587.4,111434.18,2.1601,7.9000333926681146,27350000000.0,48.0
2025-09-21,36503.0,53607.7,111348.9,2.1512,8.800562947198083,25710000000.0,49.0
2025-09-22,36506.16,53601.1,111395.63,2.1031,11.121700174807447,25270000000.0,45.0
2025-09-23,36469.98,53654.1,111514.5,2.0884,11.938411541218148,26200000000.0,43.0
2025-09-24,36480.79,53712.3,111536.0,2.1098,10.139872050310625,27220000000.0,44.0
2025-09-25,36502.31,53743.6,111517.76,2.0312,15.71077263245896,27270000000.0,44.0
2025-09-26,37601.86,53777.9,111589.81,2.0393,14.06249885937967,27550000000.0,28.0
2025-09-27,37588.89,53789.3,110955.78,2.0384,14.144608090914112,26580000000.0,33.0
2025-09-28,37634.25,53814.1,111041.91,2.0844,10.872367998185528,23050000000.0,37.0
2025-09-29,37725.45,53865.4,111217.75,2.1227,8.638976547464642,23720000000.0,50.0
2025-09-30,37598.11,53943.3,110853.34,2.1128,8.972495241707675,25170000000.0,50.0
2025-10-01,37588.75,54155.9,111187.24,2.1862,2.2669853352900375,28900000000.0,49.0
2025-10-02,37557.75,54262.4,111470.02,2.2218,0.5336987199781482,30480000000.0,64.0
2025-10-03,37496.13,54396.2,111775.12,2.2492,0.6846003981236801,32700000000.0,63.0
2025-10-04,37487.57,54448.1,111874.15,2.2476,0.5177116215718505,32800000000.0,71.0
2025-10-05,37561.64,54493.4,112024.83,2.2668,0.18094347157386861,31560000000.0,74.0
2025-10-06,37654.2,54576.5,112290.53,2.2872,0.7120011649695732,32910000000.0,71.0
2025-10-07,37659.47,54785.3,112390.39,2.2194,2.3116616075091563,36650000000.0,70.0
2025-10-08,37708.29,54874.2,112737.14,2.2486,1.1475835634881142,37670000000.0,60.0
2025-10-09,38072.58,54960.6,113515.69,2.2126,2.6523683842977177,39000000000.0,70.0
2025-10-10,38045.59,54939.1,113327.61,2.0706,12.694331307009453,37550000000.0,64.0
2025-10-11,38101.96,54935.0,113272.25,2.0195,15.717515791649602,36180000000.0,27.0
2025-10-12,38146.46,54962.3,113400.72,2.0951,10.70422136644238,35950000000.0,24.0
2025-10-13,38206.79,54986.5,113463.34,2.0975,10.629833741401484,35790000000.0,38.0
2025-10-14,37890.93,55097.9,113385.57,2.0568,11.431414308741369,37720000000.0,38.0
2025-10-15,37883.12,55268.6,113215.08,2.0059,16.948066932900222,40060000000.0,34.0
2025-10-16,37899.8,55231.3,113104.5,1.9579,19.778231172032836,38030000000.0,28.0
2025-10-17,37838.08,55267.0,112952.93,1.9293,21.615759633525432,37340000000.0,22.0
2025-10-18,37811.7,55281.6,112931.09,1.9382,20.456958460024648,36860000000.0,23.0
2025-10-19,37860.23,55295.3,112950.38,2.0514,18.582438436959045,-54968540334.54,29.0
2025-10-20,37890.16,55313.5,112992.07,2.0538,16.46697835020121,-17504921800.93,29.0
2025-10-21,37907.24,55339.2,112938.85,2.0186,19.151723692775295,-23438175196.32,34.0
2025-10-22,37927.94,55433.9,112859.96,2.0076,20.33797711803762,-26583343342.0,25.0
2025-10-23,38004.8,55478.4,112933.32,2.0361,16.260171613972567,-13722949117.14,27.0
2025-10-24,37974.83,55505.8,112867.33,2.0608,15.202358945055728,-25139825464.2,30.0
2025-10-25,37965.75,55526.2,112874.33,2.0697,13.696371049284092,-22748346897.92,37.0
2025-10-26,38061.94,55579.4,112974.95,2.1218,8.80326483690288,-19979735487.78,40.0
2025-10-27,38183.46,55635.0,113042.41,2.094,9.971705557130932,-2479524957.88,51.0
2025-10-28,38242.4,54094.58,113050.34,2.0901,11.939680394962469,-6949392844.41,50.0
2025-10-29,38300.64,54355.77,113010.79,2.0232,17.90329176775068,1925054052.85,51.0
2025-10-30,38401.22,54487.92,112912.66,1.9879,20.344199607391083,4203160410.96,34.0
2025-10-31,38375.38,54840.03,112850.44,1.9989,17.663315114834994,13754443137.34,29.0
2025-11-01,38463.89,54899.34,112867.24,2.0045,17.46763972998135,13217016452.16,33.0
2025-11-02,38522.55,54921.47,112882.82,2.0156,16.02427650780947,11193477778.63,37.0
2025-11-03,38632.67,54951.73,112757.39,1.9391,23.522506457259787,10765780738.89,42.0
2025-11-04,38612.76,54913.04,112373.8,1.8428,28.18571396293504,8406974563.59,21.0
2025-11-05,38599.6,54996.25,112277.03,1.8888,25.667544165152485,10443058076.88,23.0
2025-11-06,38587.68,55016.43,112078.77,1.8416,28.273754731294563,7012162795.3,27.0
2025-11-07,38562.23,55190.21,111856.87,1.8736,25.656214088168092,8983910134.63,24.0
2025-11-08,38575.03,55203.91,111797.97,1.8555,26.191069399635666,7372079830.92,20.0
2025-11-09,38675.89,55225.68,111843.12,1.8943,23.85979679824362,8480682569.36,22.0
2025-11-10,38753.79,55233.45,111889.2,1.9237,21.745672518931453,7876724676.59,29.0
2025-11-11,38700.72,55309.34,111762.44,1.8623,26.55583162158186,10024707744.74,26.0
2025-11-12,38703.78,55347.3,111638.95,1.8349,28.47270414416305,10639169493.63,24.0
2025-11-13,38692.11,55305.89,111336.58,1.8165,29.187289688256215,6968765683.57,15.0
2025-11-14,38600.32,55201.54,110754.78,1.708,34.819446963457,267345062.53,16.0
2025-11-15,38649.23,55283.91,110738.2,1.7292,33.212971752360374,4739852986.26,10.0
2025-11-16,38685.55,55227.15,110638.97,1.707,34.27344399183722,1501648883.12,10.0
2025-11-17,38724.47,55249.93,110222.78,1.6685,35.312191283495274,2910583226.95,14.0
2025-11-18,38597.38,55295.35,109720.34,1.6791,34.899771098183535,94670644614.02,11.0
2025-11-19,38567.81,55278.7,109371.5,1.6569,35.26403009001314,56379794334.37,15.0
2025-11-20,38571.12,55249.15,108866.03,1.5667,37.540544348040186,61175130077.15,11.0
2025-11-21,38546.07,55103.42,108135.93,1.5451,36.55508844491029,61918636694.11,14.0
2025-11-22,37231.74,55276.73,105053.41,1.5328,36.13184951970582,52006049097.93,11.0
2025-11-23,37199.3,55603.11,104444.83,1.5636,34.77598324723978,67487956783.16,13.0
2025-11-24,37294.91,55648.94,104331.88,1.586,34.18417192078877,66834202782.02,19.0
2025-11-25,37348.97,55607.55,104199.53,1.5723,34.33443570815304,61072626588.99,20.0
2025-11-26,37533.71,55721.19,104046.48,1.6217,32.778618806739274,47363344726.59,15.0
2025-11-27,37619.4,55675.99,103867.08,1.6398,32.56406096588134,49064241889.53,22.0
2025-11-28,37625.55,55698.88,103773.31,1.6327,32.79763373670192,40801850311.39,25.0
2025-11-29,37688.32,55665.46,103734.78,1.6317,32.72921467447446,35256384852.11,28.0
2025-11-30,37780.18,55702.74,103669.89,1.6241,33.52621737445336,23535547593.51,28.0
2025-12-01,37836.11,55659.28,103414.57,1.5509,35.32917189901659,20796049522.93,24.0
2025-12-02,37902.25,55633.52,103365.01,1.6412,31.997010948191253,19740270782.44,23.0
2025-12-03,37893.52,55625.91,103225.66,1.683,29.42747004412358,17985664877.8,28.0
2025-12-04,37963.74,55659.03,103145.73,1.6553,31.436878761368543,20983663817.69,26.0
2025-12-05,37965.36,55641.05,102839.15,1.6055,33.77968542755121,17785474867.32,28.0
2025-12-06,37985.53,55593.66,102795.29,1.5998,34.10424801562891,16483658051.74,23.0
2025-12-07,38139.75,55258.29,102746.64,1.6301,32.89743356637954,-5740843222.53,20.0
2025-12-08,38077.48,55151.5,102519.71,1.6435,32.838606542990924,-12503868281.06,20.0
2025-12-09,38111.07,55190.66,102495.26,1.6827,29.53390296655201,-12023314675.43,22.0
2025-12-10,38061.01,55428.82,102255.44,1.6607,31.565719057332075,-13770022.01,26.0
2025-12-11,38063.85,55705.66,102170.77,1.6609,29.726903422990407,11637770199.68,29.0
2025-12-12,38034.63,55684.76,102009.14,1.6221,33.46148873026631,10044090116.14,29.0
2025-12-13,38033.89,55697.91,101965.95,1.6209,33.484034645143794,12113533534.97,23.0
2025-12-14,38075.52,55652.58,101897.07,1.5851,35.31167244878487,13162460137.13,21.0
2025-12-15,38125.83,55630.72,101663.3,1.5531,36.303964099092845,10246797825.62,16.0
2025-12-16,38093.15,55608.63,101496.34,1.5775,35.05135121404427,12000033496.39,11.0
2025-12-17,38044.6,55588.38,101308.94,1.5488,36.527500652462464,9810313147.26,16.0
2025-12-18,38184.69,55586.23,101147.1,1.5372,37.2934517128919,8548691899.22,17.0
2025-12-19,38139.73,55596.42,101048.87,1.5868,33.75190230004858,9149078586.35,16.0
2025-12-20,37995.97,55434.0,100915.48,1.5947,33.06123991511667,2144152948.39,20.0
2025-12-21,38132.65,55529.18,100813.79,1.5944,32.938134456148056,9672228302.54,20.0
2025-12-22,38222.59,55434.04,100690.47,1.5968,33.409549749541746,-46632154.81,25.0
2025-12-23,38365.79,55568.01,100440.42,1.5733,35.52642925924953,2449941089.04,24.0
2025-12-24,38493.8,55561.03,100239.62,1.578,34.33732644958947,198954599.84,24.0
2025-12-25,38617.13,55569.5,100133.5,1.571,35.666669586713674,2804882696.84,23.0
2025-12-26,38611.03,55535.28,99915.85,1.5729,35.1847678116769,-1761636379.45,20.0
2025-12-27,38626.19,55528.0,99883.16,1.5825,33.45807494896651,101971709.41,23.0
2025-12-28,38644.53,55524.43,99787.4,1.5834,33.554580603094195,-1372831503.0,24.0
2025-12-29,38810.07,55529.66,99559.51,1.5707,36.105363662172095,768600516.01,24.0
2025-12-30,38855.42,55511.22,99500.88,1.5949,31.817661439662402,-1639676011.33,23.0
2025-12-31,38764.28,55484.52,99306.25,1.5796,34.928770126780975,-1003139191.88,21.0
2026-01-01,38826.2,55318.57,99211.5,1.6061,31.146237247049548,-9249279419.9,20.0
2026-01-02,38842.89,55363.54,99201.1,1.6242,30.322847574514004,-5780430294.49,28.0
2026-01-03,38870.83,55443.97,99189.77,1.6348,29.15470704856484,-3178627260.41,29.0
2026-01-04,38947.25,55494.5,99136.53,1.6477,28.395833447144486,-1281549180.79,25.0
2026-01-05,39208.65,55521.54,99016.99,1.6931,25.411962157352168,-337567838.89,26.0
2026-01-06,39310.5,55541.39,98965.0,1.6854,25.85296779566775,18548954729.97,44.0
2026-01-07,42218.08,55566.83,98827.86,1.6448,29.571765769434087,26003795302.66,42.0
2026-01-08,42256.42,55239.52,98660.77,1.6493,30.23148449584372,8856413130.17,28.0
2026-01-09,42381.66,55536.49,98545.73,1.6326,30.646506765052333,12856787324.93,27.0
2026-01-10,42453.2,55543.35,98455.58,1.6298,31.1319035713748,-1242860408.32,25.0
2026-01-11,42528.77,55533.78,98388.22,1.6379,29.794896888985168,-855184168.85,29.0
2026-01-12,42538.99,55507.55,98300.24,1.6442,29.429244244410842,-2963953725.66,27.0
2026-01-13,42534.52,55408.95,98279.25,1.7173,23.388451038890942,-6812828030.84,26.0
2026-01-14,42588.85,55646.48,98322.92,1.7438,22.323799885745707,2776779802.4,48.0
2026-01-15,42636.85,55597.59,98054.25,1.7208,23.76503841943388,485379293.41,61.0
2026-01-16,42722.63,55690.91,97953.71,1.7148,23.708159122293488,5041407408.15,49.0
2026-01-17,42908.5,55692.9,97893.74,1.7084,24.85408063882204,4159308560.96,50.0
2026-01-18,43020.8,55563.68,97882.15,1.7019,25.696234613355617,-2669060401.78,49.0
2026-01-19,43037.79,55710.51,97813.48,1.662,28.08631382037978,12306521435.42,44.0
2026-01-20,43076.22,55659.04,97654.62,1.5864,34.995515278339674,5740322110.8,32.0
2026-01-21,43106.53,55645.27,97488.35,1.6067,33.30631716212852,11491433631.26,24.0
2026-01-22,43242.62,55612.78,96944.47,1.6103,33.16429805060181,2218590783.92,20.0
2026-01-23,43314.81,55429.01,96283.39,1.6162,31.69204293772141,-194510614.1,24.0
2026-01-24,43433.64,55414.8,96203.22,1.6129,32.6569133978268,-1243564130.31,25.0
2026-01-25,43543.95,55373.83,96124.85,1.5624,37.74268244841677,-2662663184.87,25.0
2026-01-26,43593.77,55400.61,96051.33,1.598,33.77861651417356,-479686531.96,20.0
2026-01-27,43643.63,55372.45,96005.69,1.615,31.47803160717539,-2260833735.67,29.0
2026-01-28,43678.37,55415.92,95956.22,1.612,32.204426176956424,-332924552.87,29.0
2026-01-29,43742.9,55366.78,95806.6,1.53,40.801559953880165,-1615564264.03,26.0
2026-01-30,43797.42,55331.93,95606.25,1.5231,41.88600637381324,-1425152072.6,16.0
2026-01-31,43869.15,55283.46,95361.75,1.4247,44.294799747502715,6097538344.01,20.0
2026-02-01,44024.97,55224.98,95202.63,1.4006,44.62780448218484,992959611.94,14.0
2026-02-02,44076.92,55219.97,94999.83,1.429,43.979551658088944,-1104863050.94,14.0
2026-02-03,44053.73,55119.75,94645.8,1.3743,44.75228407126526,-5482656342.58,17.0
2026-02-04,44130.2,54987.35,94288.99,1.3307,44.74104825667527,-10347533984.57,14.0
2026-02-05,44129.71,54748.75,93463.64,1.1732,47.88679789496144,-14742414225.69,12.0
2026-02-06,44139.46,54667.59,93101.71,1.2924,43.69157246481318,-17186759595.33,9.0
2026-02-07,44248.84,54612.45,92839.28,1.2684,44.580689741484896,-1253310054.15,6.0
2026-02-08,44331.7,54621.59,92802.91,1.288,42.77202101721715,-16256622477.81,7.0
2026-02-09,44348.79,54562.87,92645.1,1.288,43.169305907932575,-18280269457.88,14.0
2026-02-10,44343.57,54508.3,92439.57,1.2621,44.16884879294144,-20011274277.01,9.0
2026-02-11,44332.27,54455.28,92209.15,1.2318,45.292825076773354,-18840959483.07,11.0
2026-02-12,44381.04,54397.65,91972.91,1.2186,45.80029648507756,-13406482620.13,5.0
2026-02-13,44375.05,54291.94,91785.75,1.2689,43.03786538457611,-30827901349.98,9.0
2026-02-14,44477.73,54361.61,91717.94,1.2843,42.043085279489375,-21445353157.11,9.0
2026-02-15,44571.23,54341.6,91655.56,1.262,43.71717259034402,-27220255349.4,8.0
2026-02-16,44628.45,54185.32,91560.94,1.2723,42.64629230104483,-38555072577.88,12.0
2026-02-17,44634.02,54285.31,91410.87,1.2443,44.823693601764916,-21869783589.19,10.0
2026-02-18,44677.23,54153.7,91166.53,1.2274,45.521803308724145,-38530997968.83,8.0
2026-02-19,44818.88,54250.42,90943.51,1.2347,45.169407805305916,-26363174970.88,9.0
2026-02-20,44983.28,54198.78,90674.65,1.2549,43.055239392471705,-27308145658.15,7.0
2026-02-21,45118.45,54182.07,90582.26,1.2569,43.09649254638454,-27434693505.57,8.0
2026-02-22,45219.08,54191.87,90483.8,1.2486,43.92318645642155,-23808292767.74,9.0
2026-02-23,45311.81,54141.03,90292.89,1.1935,47.506468056340125,-24299462458.12,5.0
2026-02-24,45333.06,54076.19,89918.58,1.1841,47.38623570022167,-23161585756.88,8.0
2026-02-25,45531.68,54038.13,89733.85,1.2577,42.72358470008592,-27359783836.48,11.0
2026-02-26,45698.75,54058.14,88627.51,1.2483,43.86211845776934,-23684293494.13,11.0
2026-02-27,47029.43,54019.45,88444.45,1.2198,45.77261816549704,-27194790409.24,13.0
2026-02-28,47132.95,54010.96,88323.79,1.2377,44.5843680184287,-25757135030.98,11.0
2026-03-01,47235.28,53995.7,88254.76,1.2173,46.03955636312964,-26576195809.92,14.0
2026-03-02,47275.6,53985.6,88215.75,1.2748,41.43979861380657,-25691270010.23,10.0
2026-03-03,47280.56,53990.84,88071.22,1.2677,41.64331624931316,-21783122847.36,14.0
2026-03-04,47398.3,53991.44,88017.69,1.3404,39.2213966295612,-24095349079.28,10.0
2026-03-05,47439.04,53969.31,87936.93,1.3147,39.86083180548561,-23292923808.26,22.0
2026-03-06,47443.87,53939.17,87694.93,1.2644,42.884420326501505,-18221008761.44,18.0
2026-03-07,47531.43,53931.97,87391.8,1.2474,44.521400986467704,-14103732356.7,12.0
2026-03-08,47531.53,53911.69,87276.71,1.2251,46.15719541108294,-14100165128.53,12.0
2026-03-09,47585.67,53915.55,87202.8,1.2686,42.16618009262603,-12920459932.08,8.0
2026-03-10,47608.23,53907.49,87130.61,1.2961,40.540032552397044,-13918790547.63,13.0
2026-03-11,47578.09,53838.4,86923.16,1.3035,40.195602054833955,-14398543702.24,15.0
2026-03-12,47662.58,53841.75,86744.29,1.3102,39.39502441400848,-11158618765.47,18.0
2026-03-13,47760.41,53845.11,86583.47,1.3173,39.23352393815797,-10947153749.8,15.0
2026-03-14,47904.34,53833.17,86429.79,1.3217,38.804668478896254,-10268440968.75,16.0
2026-03-15,47988.27,53815.89,86439.42,1.3519,37.80835550890572,-5065801411.02,15.0
2026-03-16,47961.74,53820.53,86447.6,1.386,37.34320108889965,-11867638031.57,23.0
2026-03-17,47958.67,53862.95,86397.28,1.3717,38.2297211431448,-7033826760.45,28.0
2026-03-18,47982.84,53836.85,86208.66,1.325,39.620424517730186,4136403751.13,26.0
2026-03-19,48088.1,53796.07,85942.4,1.2999,41.391777667705945,-8052992209.54,23.0
2026-03-20,48285.53,53803.09,85797.01,1.3102,40.194268448811044,2592725524.11,11.0
2026-03-21,48386.72,53780.54,85792.04,1.3044,41.04333998778579,-9917946440.59,12.0
2026-03-22,48401.93,53824.93,85671.75,1.2636,43.94152996013332,-6626995912.25,10.0
2026-03-23,48446.31,53825.82,85598.69,1.3176,39.43368880161847,-4797721287.8,8.0
2026-03-24,48481.07,53753.17,85433.99,1.3129,39.58877664376057,-9317115581.93,11.0
2026-03-25,48497.62,53768.01,85354.57,1.3249,38.564989926157345,-5822655550.71,14.0
2026-03-26,48523.04,53752.97,85196.27,1.2803,43.402483176596874,-5647443579.07,10.0
2026-03-27,48637.26,53683.53,84930.42,1.233,46.26431607364345,-6159268210.85,13.0
2026-03-28,48741.05,53672.65,79807.7,1.2382,46.06900683528612,-7940908078.88,12.0
2026-03-29,48804.58,53664.39,79889.4,1.2284,46.984221203337654,-7204339178.99,9.0
2026-03-30,48822.17,53646.15,79855.12,1.2442,45.548212559337564,-5712330669.32,8.0
2026-03-31,48839.28,53644.55,79723.55,1.272,42.508372933510884,-4852083681.4,11.0
2026-04-01,48902.12,53641.08,79738.8,1.2703,43.13862358455255,-4864588220.25,8.0
2026-04-02,48881.72,53608.48,79484.2,1.2478,45.188872977813176,-6529373094.64,12.0
2026-04-03,49023.47,53583.54,79299.87,1.2495,44.718894178249585,-8006471234.53,9.0
2026-04-04,49168.72,53586.5,79244.69,1.256,43.94882001619323,-6410950506.65,11.0
2026-04-05,49226.21,53596.21,79157.19,1.2871,40.975665570820716,-7054506212.08,12.0
2026-04-06,49279.9,53618.63,79151.9,1.285,41.60019805096755,-5248390113.11,13.0
2026-04-07,49287.21,53614.62,79061.13,1.342,37.00789028942696,-3681693709.59,11.0
2026-04-08,49326.81,53627.76,78980.8,1.3263,38.386488769060826,-4711623860.64,17.0
2026-04-09,49450.84,53631.76,78846.03,1.3386,37.408999378883,-3745915947.02,14.0
2026-04-10,49570.42,53523.39,78764.66,1.3613,,-11118791035.19,16.0
2026-04-11,49673.66,53608.67,78689.42,1.3628,,-6063406181.15,15.0
2026-04-12,49787.04,53651.42,78619.2,1.3189,39.548458257786756,-2481688162.74,16.0
2026-04-13,49831.93,53640.99,78615.8,1.3898,35.94023372446116,-4035235483.7,12.0
2026-04-14,49760.6,53670.11,78620.31,1.3818,36.88090858843222,-502907222.26,21.0
2026-04-15,49821.38,53661.21,78538.3,1.3919,35.98620640364074,-388756716.54,23.0
2026-04-16,49890.65,53665.03,78469.39,1.3994,35.63920281809743,-3577260847.64,23.0
2026-04-17,49951.15,53702.22,78460.28,1.4359,35.75046543746636,-1738228686.62,21.0
2026-04-18,50020.13,53693.28,78461.67,1.4101,36.27361912913998,-270555561.68,26.0
2026-04-19,50011.72,53658.72,78434.09,1.3787,37.90327726876255,-3716186555.31,27.0
2026-04-20,49974.6,53680.77,78424.62,1.413,36.04494916676343,294878382.17,29.0
2026-04-21,49950.12,53702.86,78325.94,1.4217,35.3060440509763,-1102328177.29,33.0
2026-04-22,49941.33,53696.75,78297.69,1.4562,35.45734177018614,-1373909556.32,32.0
2026-04-23,50085.1,53668.36,78228.43,1.4579,35.04531649250182,-15323297.39,46.0
2026-04-24,50151.09,53598.32,77907.49,1.4449,36.39915568165352,-3601259856.41,39.0
2026-04-25,50216.48,53621.76,77830.91,1.4479,35.86855437049936,-1483479861.95,31.0
2026-04-26,50379.89,53604.3,77158.0,1.4628,33.70869951199952,33215141.83,33.0
2026-04-27,47272.75,53634.93,79016.78,1.4413,36.54573939372761,1529065094.55,47.0
2026-04-28,47292.01,53606.73,78983.87,1.4238,36.975819867850674,226478901.13,33.0
2026-04-29,47282.01,53619.15,78936.63,1.4152,37.60003949931809,82584772.21,26.0
2026-04-30,47275.21,53593.57,78898.4,1.4246,36.79992386515484,-802404018.64,29.0
2026-05-01,47291.41,53653.83,78928.95,1.4565,34.85408831116678,2259870766.36,26.0
2026-05-02,47315.71,53628.85,78915.98,1.4687,33.18587556953226,1030063733.88,39.0
2026-05-03,47328.68,53663.37,78912.07,1.4642,33.55604510941222,4466633997.84,47.0
2026-05-04,47339.06,53720.29,79026.84,1.4855,33.47186508658521,5211565734.52,40.0
2026-05-05,47365.11,53738.59,79136.03,1.5058,33.24085274223626,5305558393.23,50.0
2026-05-06,47388.69,53761.16,79172.96,1.513,33.186905381963385,4086710637.88,46.0
2026-05-07,47423.38,53740.88,79122.79,1.4907,34.108965545841606,2809078595.82,47.0
2026-05-08,47475.56,53762.46,79076.17,1.4914,34.029736453994424,3957305323.48,38.0
2026-05-09,47605.35,53742.56,78937.33,1.5016,33.446224595195616,2235539541.08,38.0
2026-05-10,47616.78,53786.96,78933.51,1.5311,32.13875031292464,14189355690.84,47.0
2026-05-11,47612.69,53779.05,78976.63,1.5186,32.52629380767387,6810779869.68,48.0
2026-05-12,47716.75,53795.07,78885.51,1.4961,34.390543094768354,4072257910.65,49.0
2026-05-13,47766.16,53794.85,78803.99,1.4741,35.172792617063905,5572228951.77,42.0
2026-05-14,47835.97,53809.13,78717.55,1.5068,33.40606346259589,4673311950.92,34.0
2026-05-15,47842.84,53804.64,78694.81,1.4707,35.27565430093697,4955496884.82,43.0
2026-05-16,47915.98,53796.54,78582.76,1.4542,37.22365967060246,4658003241.88,31.0
2026-05-17,47938.81,53761.74,78550.78,1.4465,37.6266085143281,1062223848.94,27.0
2026-05-18,47927.85,53757.51,78478.73,1.4319,37.96028882293869,2027897714.19,28.0
2026-05-19,47973.15,53760.13,78332.74,1.4295,38.14343485030537,5419522697.4,25.0
2026-05-20,47982.08,53759.27,78211.16,1.4411,37.20122560941023,3522578371.52,27.0
2026-05-21,47987.99,53726.72,78279.47,1.4457,36.8876710118525,567468249.93,29.0
2026-05-22,47967.35,53702.13,78206.63,1.4061,39.724117250041026,-50711576.15,28.0
2026-05-23,47984.83,53727.12,78136.28,1.4278,38.2331320088746,3704973418.87,28.0
2026-05-24,48019.27,53722.11,78100.65,1.435,37.401142804964046,4647869579.35,25.0
2026-05-25,48027.56,53725.16,78102.89,1.4395,37.177687734217095,3090707798.79,30.0
2026-05-26,48025.81,53713.52,78027.57,1.4137,39.31209381689104,4344081978.81,34.0
2026-05-27,48061.93,53680.63,77911.99,1.3849,40.56185971936376,1093734817.81,25.0
2026-05-28,48129.33,53631.12,77509.98,1.3711,40.053077237199744,2976141991.95,22.0
2026-05-29,48076.53,53571.83,77366.83,1.3706,40.057172433950406,1115207795.65,23.0
2026-05-30,48094.36,53586.91,77253.88,1.3783,39.438407972326175,2167362342.39,23.0
2026-05-31,48116.0,53557.09,77238.34,1.375,39.76550162235694,-2784958035.78,28.0
2026-06-01,48108.67,53548.77,76988.52,1.3341,41.59093738520317,373061817.5,29.0
2026-06-02,48069.21,53432.09,76557.23,1.2493,47.61219216512905,-4478548053.99,23.0
2026-06-03,48132.98,53344.3,76000.95,1.2057,49.50863459190705,-6971324287.86,11.0
2026-06-04,48206.43,53271.76,75519.85,1.1913,50.06020874524877,-8485538481.85,12.0
2026-06-05,48246.52,53175.81,75090.16,1.1411,51.92934063985176,-12973508380.3,12.0
2026-06-06,48265.48,53168.25,74585.28,1.1452,51.45936390888152,-9514084639.59,12.0
2026-06-07,48270.5,53173.05,74746.6,1.1903,48.902817593539446,-10668723294.28,12.0
2026-06-08,48257.09,53154.45,74715.66,1.1881,49.59398373449021,-9830573049.74,8.0
2026-06-09,,,,,,,10.0
